targy_nev,kredit,felelos,nyelv,link
(Media) Semiotics,3,Dr. Szabó Lilla Petronella,magyar,https://www.uni-corvinus.hu/tantargyak/7PE20NGKK8B?semester=2024/25/2
1989 utáni közjogi fordulatok,3,Dr. Gallai Sándor,magyar,https://www.uni-corvinus.hu/tantargyak/7PO10NFKF5B?semester=2024/25/1
A bankrendszer szerepe a gazdaságban,6,Dr. Sebestyén Géza,magyar,https://www.uni-corvinus.hu/tantargyak/4MNBNAK04M?semester=2020/21/1
A banküzem működése,8,Pollák Zoltán,magyar,https://www.uni-corvinus.hu/tantargyak/4BK54LAK69S?semester=2019/20/2
A banküzem működése,magyar,Dr. Tamásné Vőneki Zsuzsanna,magyar,https://www.uni-corvinus.hu/tantargyak/PSPE006LMSB?semester=2020/21/2
A bizonytalanság és a kockázat elmélete,4,Dr. Csóka Péter,magyar,https://www.uni-corvinus.hu/tantargyak/4MA12NAK17O?semester=2021/22/2
A blokklánc közgazdaságtana,4,Ónodi Annamária,magyar,https://www.uni-corvinus.hu/tantargyak/PHGI_BLOCKCHAIN?semester=2019/20/2
A cégvezetés pénzügyei,5,Ónodi Annamária,magyar,https://www.uni-corvinus.hu/tantargyak/2VL60LAK04S?semester=2020/21/1
A cégvezetés pénzügyei,5,Ónodi Annamária,magyar,https://www.uni-corvinus.hu/tantargyak/2VL60EAK13S?semester=2020/21/1
A cégvezetés pénzügyei,5,Ónodi Annamária,magyar,https://www.uni-corvinus.hu/tantargyak/VGUG088EMSB?semester=2023/24/2
A civil társadalom szociológiája,3,Dr. Kristóf Luca,magyar,https://www.uni-corvinus.hu/tantargyak/7SO30NCKP4B?semester=2019/20/2
"A coaching marketingje, értékesítése és üzleti feltételei",5,Dr. Dunavölgyi Mária,magyar,https://www.uni-corvinus.hu/tantargyak/VTSM029LMSB?semester=2024/25/2
A Country in Focus: Russia in Russian (level:B2-C1),3,Dr. Mágocsi Nyina,magyar,https://www.uni-corvinus.hu/tantargyak/IOK0338NABB?semester=2024/25/2
A Country in Focus: Spain in Spanish (level: B1-B2),3,Kőszegi Dávid,magyar,https://www.uni-corvinus.hu/tantargyak/IOK0339NABB?semester=2025/26/1
A demográfia gazdasági kihívásai,3,dr. Berde Éva,magyar,https://www.uni-corvinus.hu/tantargyak/KOZNXV4MI19?semester=2019/20/2
A design vállalati irányítási kérdései,3,Dr. Habil Horváth Dóra,magyar,https://www.uni-corvinus.hu/tantargyak/2ME43NDV01M?semester=2025/26/1
A designkommunikáció vállalatirányítási kérdései,5,Dr. Cosovan Attila Róbert,magyar,https://www.uni-corvinus.hu/tantargyak/2ME43NDV03M?semester=2025/26/1
A FÁK térség államai 1991-től 2018-ig,3,Sz. Biró Zoltán,magyar,https://www.uni-corvinus.hu/tantargyak/7NK40NGVC8M?semester=2019/20/2
A fejlődés politikai gazdaságtana,6,Dr. Benczes István Zsolt,magyar,https://www.uni-corvinus.hu/tantargyak/NPVG009NMMB?semester=2025/26/1
A felnőttoktatás módszerei: bevezetés az e-tanulás módszereibe,3,Csillik Olga,magyar,https://www.uni-corvinus.hu/tantargyak/7PE20LAK17S?semester=2020/21/1
A felsőoktatás és oktatói- kutatói karrierpálya (in Hungarian),6,Kováts Gergely Ferenc,magyar,https://www.uni-corvinus.hu/tantargyak/PHG_A felsőoktatás és oktatói?semester=2019/20/2
A feltörekvő piacok gazdaságtana,6,Dr. Csaba László,magyar,https://www.uni-corvinus.hu/tantargyak/4OG33NAK25M?semester=2025/26/1
A feminizmus kérdései,3,Dr. Várnagy Réka,magyar,https://www.uni-corvinus.hu/tantargyak/7PO10NFV33B?semester=2019/20/2
A fenntartható és társadalmilag felelős vállalat,3,Dr. Ásványi Katalin,magyar,https://www.uni-corvinus.hu/tantargyak/2KG23NBK02M?semester=2020/21/2
A fenntarthatóság és felelősségvállalás kommunikációja,6,Dr. Ásványi Katalin,magyar,https://www.uni-corvinus.hu/tantargyak/MAMM024NMBB?semester=2023/24/2
A fenntarthatóság gazdaságtana,3,Dr. Kocsis Tamás,magyar,https://www.uni-corvinus.hu/tantargyak/7GF20NBK07M?semester=2022/23/1
A fenntarthatósági teljesítmény mérése és szakpolitikai háttere,6,Dr. Harangozó Gábor,magyar,https://www.uni-corvinus.hu/tantargyak/VGLE023NMBB?semester=2024/25/2
A fogyasztás adóztatása,3,Dr. Czoboly Gergely István,magyar,https://www.uni-corvinus.hu/tantargyak/2JO11NAV02B?semester=2019/20/2
A fogyasztás társadalomtörténete,3,Dr. Kristóf Luca,magyar,https://www.uni-corvinus.hu/tantargyak/7SO30NDVF2B?semester=2021/22/2
A földgáz szektor gazdaságtana I.,3,Felsmann Balázs,magyar,https://www.uni-corvinus.hu/tantargyak/2KT51LCK07S?semester=2020/21/1
A földgáz szektor gazdaságtana II.,4,Felsmann Balázs,magyar,https://www.uni-corvinus.hu/tantargyak/2KT51LCK08S?semester=2019/20/2
A gazdaság ágazati szerkezete,6,Cserháti Ilona,magyar,https://www.uni-corvinus.hu/tantargyak/4ST14NAK30M?semester=2025/26/1
A gazdasági élet szociológiája,6,Dr. Lengyel György,magyar,https://www.uni-corvinus.hu/tantargyak/7SO30NAKH2M?semester=2019/20/2
A gazdasági társaságok jog és közgazdaságtana,3,Szalai Ákos,magyar,https://www.uni-corvinus.hu/tantargyak/KOZNXV4KZ70?semester=2020/21/1
A gazdaságszociológia alapjai,6,Dr. Letenyei László,magyar,https://www.uni-corvinus.hu/tantargyak/7SO30NCKE2B?semester=2025/26/1
A geopolitika elmélete,3,Dr. Lieszkovszky József Pál,magyar,https://www.uni-corvinus.hu/tantargyak/7NK40NIK79B?semester=2024/25/2
A globalizáció geopolitikája,6,Mendly Dorottya,magyar,https://www.uni-corvinus.hu/tantargyak/7NK40NDDK6M?semester=2020/21/2
A hatalom nyelve,3,Dr. Farkas-Bede Katalin,magyar,https://www.uni-corvinus.hu/tantargyak/7PO10NAL05M?semester=2019/20/2
A HR generalista kihívásai – szintetizáló eset megoldó gyakorlatok,3,Dr. Takács Sándor,magyar,https://www.uni-corvinus.hu/tantargyak/2VE81NAV04B?semester=2019/20/2
A japán és a koreai menedzsment alapjai,3,Vaszkun Balázs György,magyar,https://www.uni-corvinus.hu/tantargyak/2VE81NAV09B?semester=2024/25/2
A jóléti rendszer generációs megközelítésben,6,Dr. Gál Róbert,magyar,https://www.uni-corvinus.hu/tantargyak/GKKK001LMMB?semester=2025/26/1
A jövedelem adóztatása,3,Dr. Czoboly Gergely István,magyar,https://www.uni-corvinus.hu/tantargyak/2JO11NAV01B?semester=2019/20/2
A jövő vállalkozásai Budapesten,magyar,Bartha Attila,magyar,https://www.uni-corvinus.hu/tantargyak/VALL042NMBB?semester=2024/25/2
A kapitalizmus intézményei,3,Dr. Székely-Doby András,magyar,https://www.uni-corvinus.hu/tantargyak/4KO03NBK57M?semester=2020/21/1
A kelet-ázsiai fejlődés politikai gazdaságtana,3,Dr. Szunomár Ágnes,magyar,https://www.uni-corvinus.hu/tantargyak/4OG33NAV35B?semester=2019/20/2
A kelet-ázsiai fejlődés politikai gazdaságtana,3,Dr. Habil Kemény Ildikó,magyar,https://www.uni-corvinus.hu/tantargyak/4OG33NAV46M?semester=2019/20/2
A kommunikáció és a média különböző típusú leírásai,3,Dr. Veszelszki Ágnes,magyar,https://www.uni-corvinus.hu/tantargyak/7PE20NAKB2M?semester=2019/20/2
A kommunikáció kulturális keretei,3,Dr. Benczes Réka Ágnes,magyar,https://www.uni-corvinus.hu/tantargyak/7PE20NAKI3M?semester=2022/23/1
A kommunikáció szociálpszichológiája,3,Juhászné Dr. Klér Andrea,magyar,https://www.uni-corvinus.hu/tantargyak/7PE20NAK04M?semester=2022/23/1
A kommunikáció világa,3,Pelle Veronika,magyar,https://www.uni-corvinus.hu/tantargyak/7PE20NCK86B?semester=2021/22/1
A kommunikáció világa,6,Pelle Veronika,magyar,https://www.uni-corvinus.hu/tantargyak/7PE20NCKA5B?semester=2025/26/1
A kommunikáció világa,6,Pelle Veronika,magyar,https://www.uni-corvinus.hu/tantargyak/7PE20NCVA5M?semester=2025/26/1
A kommunikáció világa,6,Pelle Veronika,magyar,https://www.uni-corvinus.hu/tantargyak/7PE20NSZA5B?semester=2021/22/1
A kommunikáció világa: kutatás és gyakorlat,6,Pelle Veronika,magyar,https://www.uni-corvinus.hu/tantargyak/7PE20NGKC2B?semester=2024/25/1
A kommunikáció világa: kutatás és gyakorlat,6,Pelle Veronika,magyar,https://www.uni-corvinus.hu/tantargyak/7PE20NCVC2M?semester=2021/22/1
A kommunikáció- és médiakutatás módszertana,3,Dr. Benczes Réka Ágnes,magyar,https://www.uni-corvinus.hu/tantargyak/7PE20NAKI2M?semester=2022/23/1
A kommunikációs tréning és tanácsadás módszerei,5,Szabó Zsolt Péter,magyar,https://www.uni-corvinus.hu/tantargyak/7PE20NAKJ4M?semester=2024/25/2
A könyvvizsgálat rendszere,5,Dr. Lukács János,magyar,https://www.uni-corvinus.hu/tantargyak/2PU51NCK08M?semester=2025/26/1
A könyvvizsgálat rendszere,5,Dr. Lukács János,magyar,https://www.uni-corvinus.hu/tantargyak/2PU51EAK02M?semester=2025/26/1
A könyvvizsgálat rendszere,6,Dr. Lukács János,magyar,https://www.uni-corvinus.hu/tantargyak/SZAM028NMMB?semester=2025/26/1
A könyvvizsgálat rendszere – DUÁLIS,5,Dr. Lukács János,magyar,https://www.uni-corvinus.hu/tantargyak/2PU51NCK08MD?semester=2020/21/1
A környezetbarát fogyasztás vállalati támogatása,5,Prof. Dr. Zsóka Ágnes,magyar,https://www.uni-corvinus.hu/tantargyak/2KG23NCK01M?semester=2022/23/1
A következtető statisztika elmélete és gyakorlata,3,Oravecz Beatrix,magyar,https://www.uni-corvinus.hu/tantargyak/4ST14NAK10M?semester=2020/21/1
A közélet-kommunikáció,6,Dr. Habil Bokor Tamás,magyar,https://www.uni-corvinus.hu/tantargyak/7PE20NGKB6B?semester=2025/26/1
A közéleti kommunikáció eszköztára,5,Dr. Veszelszki Ágnes,magyar,https://www.uni-corvinus.hu/tantargyak/7PE20NGKH6M?semester=2019/20/2
A közgazdaság-tudomány alapjai,6,Dr. Németh Petra,magyar,https://www.uni-corvinus.hu/tantargyak/4OG33NAK02B?semester=2019/20/2
A közgazdasági matematika analitikus módszerei,6,Dr. Szabó Imre,angol,https://www.uni-corvinus.hu/tantargyak/PHGI_KOZGMAT?semester=2019/20/2
A közgazdaságtan kulturális formái,6,Dr. Sárvári Balázs,magyar,https://www.uni-corvinus.hu/tantargyak/4MI25NAV43B?semester=2025/26/1
A közgazdaságtan kulturális formái,6,Dr. Sárvári Balázs,magyar,https://www.uni-corvinus.hu/tantargyak/4MI25NAV59M?semester=2025/26/1
A közgazdaságtan módszertani alapjai,12,Csengődi Sándor,magyar,https://www.uni-corvinus.hu/tantargyak/4KO03NBK59M?semester=2020/21/2
A közigazgatás alapjai,3,Dr. Gallai Sándor,magyar,https://www.uni-corvinus.hu/tantargyak/7PO10NCK94B?semester=2023/24/2
A közoktatási intézmények fenntartói,3,Dr. Köpeczi Bócz Tamás,magyar,https://www.uni-corvinus.hu/tantargyak/7PE20LAKA8S?semester=2020/21/2
A közpolitika folyamata és intézményei,6,Hajnal György,magyar,https://www.uni-corvinus.hu/tantargyak/4KO03NBK81M?semester=2022/23/2
A közpolitika folyamata és intézményei,6,Kovács Éva Margit,magyar,https://www.uni-corvinus.hu/tantargyak/4KO03LBK87M?semester=2019/20/2
A közszektor intézményei,6,Hajnal György,magyar,https://www.uni-corvinus.hu/tantargyak/4KO03NBK55M?semester=2025/26/1
A közszektor intézményi közgazdaságtana,6,Dr. Rosta Miklós,magyar,https://www.uni-corvinus.hu/tantargyak/4KO03NBK65M?semester=2025/26/1
A közvetlen emberi kommunikáció elméletei,3,Dr. Aczél Petra Katalin,magyar,https://www.uni-corvinus.hu/tantargyak/7PE20NAK05M?semester=2019/20/2
A kutatásmódszertan alapjai,6,Dr. Hegedűs Rita,magyar,https://www.uni-corvinus.hu/tantargyak/7SO30NCKJ8B?semester=2019/20/2
A kutatásmódszertan alapjai,6,Dr. Hegedűs Rita,magyar,https://www.uni-corvinus.hu/tantargyak/7SO30NCVJ8M?semester=2019/20/2
A kvantitatív módszertan alapjai,3,Dr. Bartus Tamás,magyar,https://www.uni-corvinus.hu/tantargyak/7SO30NCKN2B?semester=2021/22/1
A kvantitatív módszertan alapjai,6,Dr. Bartus Tamás,magyar,https://www.uni-corvinus.hu/tantargyak/7SO30NDVR2B?semester=2021/22/1
A leadership alapjai,4,Dr. Dunavölgyi Mária,magyar,https://www.uni-corvinus.hu/tantargyak/2VE81NAV10B?semester=2019/20/2
A luxembourgi bíróság esetjoga,3,Dr. Kaponyi Erzsébet,magyar,https://www.uni-corvinus.hu/tantargyak/7NK40NDK92M?semester=2020/21/1
A magyar külpolitika elmélete,3,Dr. Szalai Máté,magyar,https://www.uni-corvinus.hu/tantargyak/7NK40NCVJ2B?semester=2021/22/2
A magyar politikai rendszer,3,Dr. Dúró József,magyar,https://www.uni-corvinus.hu/tantargyak/7PO10NDV71B?semester=2022/23/2
"A magyar politikai rendszer intézményei, szereplői, működése",6,Dr. Várnagy Réka,magyar,https://www.uni-corvinus.hu/tantargyak/TARS134NMBB?semester=2025/26/1
A magyar tőke- és pénzpiac legnagyobb visszaélései,6,Dr. Metzinger Péter,magyar,https://www.uni-corvinus.hu/tantargyak/SZAM081NMBB?semester=2024/25/2
A márkaépítés alapjai,magyar,Dr. Markos-Kujbus Éva,magyar,https://www.uni-corvinus.hu/tantargyak/KM/SPOMdb/ZTZ/17 ?semester=2025/26/1
A marketingkommunikáció pszichológiai alapjai,4,Dr. Habil Kemény Ildikó,magyar,https://www.uni-corvinus.hu/tantargyak/2ME43NDK07B?semester=2024/25/2
A marketingkutatás többváltozós kvantitatív technikái,5,Dr. Komár Zita,magyar,https://www.uni-corvinus.hu/tantargyak/2MF44NCK03M?semester=2025/26/1
A meggyőző kommunikáció és előadás technikái,3,dr. Berde Éva,magyar,https://www.uni-corvinus.hu/tantargyak/MAMM012NMMB?semester=2021/22/1
A meló gazdaság (gig economy) mikroökonómiája,6,Dr. Fodor Szabina Eszter,magyar,https://www.uni-corvinus.hu/tantargyak/KOZNXV4MI20?semester=2019/20/2
A mesterséges intelligencia alapjai,5,Dr. Fodor Szabina Eszter,magyar,https://www.uni-corvinus.hu/tantargyak/INSA002NMBB?semester=2025/26/1
A mesterséges intelligencia alapjai,6,Dr. Melegh Attila,magyar,https://www.uni-corvinus.hu/tantargyak/INSA011NMBB?semester=2024/25/2
A mindennapi élet története 1500-2000-ig,3,Molnár Csaba,magyar,https://www.uni-corvinus.hu/tantargyak/7SO30NDV48B?semester=2022/23/2
A monetáris politika elmélete és gyakorlata,6,Dr. Lehmann Kristóf,magyar,https://www.uni-corvinus.hu/tantargyak/4MNBNAK03M?semester=2019/20/2
A monetáris politika elmélete és gyakorlata,6,Rácz Olivér Miklós,magyar,https://www.uni-corvinus.hu/tantargyak/MN00007NMMB?semester=2025/26/1
A mozgóképkészítés technikája I.,6,Kovács Lajos,magyar,https://www.uni-corvinus.hu/tantargyak/7PE20NCK94B?semester=2019/20/2
A munka világának közgazdaságtana: egészség és biztonság,6,Prof. Dr. Gulácsi László,magyar,https://www.uni-corvinus.hu/tantargyak/4KO03NBK18M?semester=2025/26/1
A munkaerő kiválasztás módszerei,6,Juhászné Dr. Klér Andrea,magyar,https://www.uni-corvinus.hu/tantargyak/KSPV016NMBB?semester=2024/25/2
A munkaerő kiválasztás módszerei,6,Juhászné Dr. Klér Andrea,magyar,https://www.uni-corvinus.hu/tantargyak/KSPV021NMBS?semester=2023/24/2
A munkaerő-kiválasztás pszichológiai módszerei,3,Dr. Bodnár Éva,magyar,https://www.uni-corvinus.hu/tantargyak/7PE20NGKA1B?semester=2022/23/1
A munkaerőpiac és a munkaszervezet empirikus elemzése,4,Bódis Lajos,magyar,https://www.uni-corvinus.hu/tantargyak/4EE21NAK07B?semester=2021/22/2
A munkaerőpiac és a munkaszervezet közgazdaságtana,5,Hermann Zoltán,magyar,https://www.uni-corvinus.hu/tantargyak/4EE21NAK01B?semester=2025/26/1
A munkaerőpiac és munkaszervezet közgazdaságtana,3,Hermann Zoltán,magyar,https://www.uni-corvinus.hu/tantargyak/4EE21NAV01B?semester=2023/24/2
A munkaerőpiac és munkaszervezet közgazdaságtana,5,Lőrincz László,magyar,https://www.uni-corvinus.hu/tantargyak/GKGM011NBBB?semester=2021/22/1
A munkaerőpiac gazdaságtana,6,Hermann Zoltán,magyar,https://www.uni-corvinus.hu/tantargyak/4EE21NAK31B?semester=2025/26/1
A munkaszervezet gazdaságtana,6,Bódis Lajos,magyar,https://www.uni-corvinus.hu/tantargyak/4EE21NAK32B?semester=2021/22/2
A nemzetközi kapcsolatok alapjai,12,Mendly Dorottya,magyar,https://www.uni-corvinus.hu/tantargyak/7NK40NDCV8M?semester=2019/20/2
A nemzetközi migráció globalizálódása,3,dr. Lehoczki Bernadett Judit,magyar,https://www.uni-corvinus.hu/tantargyak/7NK40NFV65M?semester=2020/21/1
A nemzetközi válságok a hidegháború után,6,dr. Kemenszky Ágnes,magyar,https://www.uni-corvinus.hu/tantargyak/7NK40NBKH2M?semester=2019/20/2
A nevelési folyamat tartalma és jellemzői,3,Csillik Olga,magyar,https://www.uni-corvinus.hu/tantargyak/7PE20LPK76M?semester=2019/20/2
A növekedés határai,3,Dr. Kocsis Tamás,magyar,https://www.uni-corvinus.hu/tantargyak/2VL60NAV09M?semester=2023/24/2
"A pedagógiai folyamat tervezése, implementálása",2,Vigvári Gábor,magyar,https://www.uni-corvinus.hu/tantargyak/OMMK027LMMB?semester=2024/25/1
"A pedagógus pályaszocializáció folyamata, a pályaidentitás fejlesztése",3,Dr. Bodnár Éva,magyar,https://www.uni-corvinus.hu/tantargyak/7PE20LAKE2S?semester=2019/20/2
A pedagógus személyiségének fejlesztése,3,Dr. Pfister Éva,magyar,https://www.uni-corvinus.hu/tantargyak/7PE20LPK02M?semester=2019/20/2
A pedagógus személyiségének fejlesztése,2,Dr. Sass Judit Gabriella,magyar,https://www.uni-corvinus.hu/tantargyak/7PE20LPKA6M?semester=2021/22/2
A pedagógus személyiségének fejlesztése,4,Ónodi Annamária,magyar,https://www.uni-corvinus.hu/tantargyak/OMMK029LMMB?semester=2024/25/2
A pedagógus tevékenységének értékelése (portfólió),3,Dr. Pfister Éva,magyar,https://www.uni-corvinus.hu/tantargyak/7PE20LAKE3S?semester=2019/20/2
A pénz filozófiája,5,Dr. Kiss Olga,magyar,https://www.uni-corvinus.hu/tantargyak/7PO10NDKD3M?semester=2019/20/2
A pénz filozófiája,3,Dr. Kiss Olga,magyar,https://www.uni-corvinus.hu/tantargyak/7PO10NAL02M?semester=2021/22/1
A pénzügyek gazdasági joga,4,Dr. Czoboly Gergely István,magyar,https://www.uni-corvinus.hu/tantargyak/2JO11NAK07B?semester=2025/26/1
A piacgazdaság intézményei és kultúrája,3,Prof.Dr. Nagy Beáta,magyar,https://www.uni-corvinus.hu/tantargyak/7SO30NGV63M?semester=2019/20/2
A piaci és kormányzati kudarcok gazdaságpolitikája,magyar,Dr. Balázs Zoltán,magyar,https://www.uni-corvinus.hu/tantargyak/4OG33NAK08B?semester=2025/26/1
A politikai gondolkodás története 2.,3,Dr. Balázs Zoltán,magyar,https://www.uni-corvinus.hu/tantargyak/7PO10NCK02B?semester=2023/24/2
A politikai közösség,5,Dr. Balázs Zoltán,magyar,https://www.uni-corvinus.hu/tantargyak/7PO10NAK72M?semester=2020/21/1
A politikai közösség,3,Dr. Balázs Zoltán,magyar,https://www.uni-corvinus.hu/tantargyak/7PO10NAK93M?semester=2019/20/2
A politikatudomány alapjai,6,Dr. Dúró József,magyar,https://www.uni-corvinus.hu/tantargyak/7PO10NBK03B?semester=2024/25/1
A politológia szociálpszichológiai alapjai,5,Dr. Sass Judit Gabriella,magyar,https://www.uni-corvinus.hu/tantargyak/7PE20NGKG9M?semester=2019/20/2
A poszt-szovjet térség fegyveres konfliktusai 1991-2024,3,Dr. Rácz András,magyar,https://www.uni-corvinus.hu/tantargyak/GLOB109NMBB?semester=2024/25/2
A posztszocialista átalakulás összehasonlító politikája,6,Dr. Gedeon Péter,angol,https://www.uni-corvinus.hu/tantargyak/PHP_POSTSOC_TRANSITION?semester=2019/20/2
A pszichés fejlődés zavarai,4,Dr. Bodnár Éva,magyar,https://www.uni-corvinus.hu/tantargyak/7PE20LAK07S?semester=2021/22/2
A pszichológia alapjai,3,Dr. Sass Judit Gabriella,magyar,https://www.uni-corvinus.hu/tantargyak/7PE20NCK53B?semester=2019/20/2
A pszichológia alapjai,6,Dr. Kovács Gábor István,magyar,https://www.uni-corvinus.hu/tantargyak/7PE20NCKA4B?semester=2019/20/2
A regionális gazdaságtan alapjai,3,dr. Forman Balázs,magyar,https://www.uni-corvinus.hu/tantargyak/2GF26NBV02B?semester=2020/21/2
A sikeres HR BP: értékajánlat és kompetenciák,4,Dr. Takács Sándor,magyar,https://www.uni-corvinus.hu/tantargyak/VTSM041LMSB?semester=2024/25/2
A sport fenntartható jövője,3,Dr. Kocsis Tamás,magyar,https://www.uni-corvinus.hu/tantargyak/2VL60NAV09SM?semester=2020/21/2
A stratégiai tervezés alapjai,5,Dr. Daruka Magdolna,magyar,https://www.uni-corvinus.hu/tantargyak/7TD50LAKF4S?semester=2020/21/1
A szabadidő sport üzleti kérdései,3,Szabó Ágnes,magyar,https://www.uni-corvinus.hu/tantargyak/2VL60NAK12SM?semester=2025/26/1
A szabályozás közgazdaságtana,6,Dr. Szakadát László,magyar,https://www.uni-corvinus.hu/tantargyak/KG00053NMMB?semester=2021/22/2
A szakképzettséghez kapcsolódó legújabb diszciplináris és módszertani ismeretek (közgazdasági vagy agrár területen),6,Dr. Daruka Magdolna,magyar,https://www.uni-corvinus.hu/tantargyak/7PE20LAKC5S?semester=2020/21/1
"A szakmai programtervezés, tanítási és tanulási folyamat tervezése",2,Vigvári Gábor,magyar,https://www.uni-corvinus.hu/tantargyak/OMMK026LMMB?semester=2024/25/1
A számvitel és könyvvizsgálat számítógépes támogatása,5,Dr. Polyák Imre,magyar,https://www.uni-corvinus.hu/tantargyak/2PU51NAK05M?semester=2019/20/2
A számvitel speciális kérdései,6,Dr. Lukács János,magyar,https://www.uni-corvinus.hu/tantargyak/SZAM030NMMB?semester=2023/24/2
A szegénység gazdaságtana,3,Dr. Sugár András,magyar,https://www.uni-corvinus.hu/tantargyak/4ST14NAV31M?semester=2019/20/2
A szellemi tulajdon védelme,6,Prof. Dr. Gulácsi László,magyar,https://www.uni-corvinus.hu/tantargyak/4EG59NAV14M?semester=2019/20/2
A szeretetről való gondolkodás Nyugaton (filozófiai szövegolvasó szeminárium),3,Dr. Toronyai Gábor,magyar,https://www.uni-corvinus.hu/tantargyak/TARS074NMBB?semester=2023/24/1
A szervezetszociológia alapjai,3,Dr. Czakó Ágnes,magyar,https://www.uni-corvinus.hu/tantargyak/7SO30NCKE3B?semester=2019/20/2
A szociálpszichológia alapjai,3,Dr. Forgács Attila,magyar,https://www.uni-corvinus.hu/tantargyak/7PE20NCK02B?semester=2021/22/1
A szociológia alapjai,6,Hajdu Miklós,magyar,https://www.uni-corvinus.hu/tantargyak/7SO30NBK52B?semester=2024/25/2
A szociológia alapjai,magyar,Dr. Hegedűs Rita,magyar,https://www.uni-corvinus.hu/tantargyak/7SO30NSZ52B?semester=2025/26/1
A szociológiai adatfelvétel alapjai,6,Sz. Biró Zoltán,magyar,https://www.uni-corvinus.hu/tantargyak/7SO30NCKP5B?semester=2025/26/1
A Szovjetunió II. világháború utáni története (1945-1991),3,Dr. Hoppál Bulcsú Kál,magyar,https://www.uni-corvinus.hu/tantargyak/7NK40NDVH6B?semester=2019/20/2
A tanácsadás/mentorálás elméleti alapjai,3,Dr. Sass Judit Gabriella,magyar,https://www.uni-corvinus.hu/tantargyak/7PE20LAKC6S?semester=2020/21/1
"A tanácsadás/mentorálás módszertana, gyakorlata",4,Dr. Sass Judit Gabriella,magyar,https://www.uni-corvinus.hu/tantargyak/7PE20LAKC7S?semester=2020/21/1
A tanári és tanulói kompetenciák fejlesztése,3,Csillik Olga,magyar,https://www.uni-corvinus.hu/tantargyak/7PE20LAKC8S?semester=2020/21/1
"A tanítás, tanulás folyamata",3,Dr. Pfister Éva,magyar,https://www.uni-corvinus.hu/tantargyak/7PE20LPK32M?semester=2019/20/2
A tanulók személyiségének fejlesztése,2,Csillik Olga,magyar,https://www.uni-corvinus.hu/tantargyak/7PE20LPKA7M?semester=2021/22/2
A társadalmi kommunikáció elméletei,3,Dr. Veszelszki Ágnes,magyar,https://www.uni-corvinus.hu/tantargyak/7PE20NAKB6M?semester=2019/20/2
A társadalomkutatás módszerei,3,Dr. Hegedűs Rita,magyar,https://www.uni-corvinus.hu/tantargyak/7SO30NEK17B?semester=2023/24/1
A társadalomkutatás módszerei I-II.,6,Hajdu Miklós,magyar,https://www.uni-corvinus.hu/tantargyak/7PE20NEKB4B?semester=2025/26/1
A társadalomtudomány alapjai,4,Dr. Ságvári Bence,magyar,https://www.uni-corvinus.hu/tantargyak/KSSZ011NMBB?semester=2025/26/1
A tehetséggondozás támogatása,3,Csillik Olga,magyar,https://www.uni-corvinus.hu/tantargyak/7PE20LAKC9S?semester=2020/21/1
A tudományos közlés rejtelmei,6,Dr. Csutora Mária,magyar,https://www.uni-corvinus.hu/tantargyak/PHG_ACAD_WRIÍTING?semester=2019/20/2
A tudományos közlés rejtelmei,6,Dr. Csutora Mária,magyar,https://www.uni-corvinus.hu/tantargyak/PHG030?semester=2024/25/2
A turizmus alapjai,6,Dr. Miskolczi Márk,magyar,https://www.uni-corvinus.hu/tantargyak/MATT011NMBB?semester=2025/26/1
A turizmus alapjai,6,Dr. Keller Krisztina,magyar,https://www.uni-corvinus.hu/tantargyak/FENT020NMBB?semester=2024/25/1
A turizmus elméleti alapjai,5,Dr. Michalkó Gábor,magyar,https://www.uni-corvinus.hu/tantargyak/2MA41NAK18M?semester=2025/26/1
A turizmus elosztási csatornái,4,Dr. Jászberényi Melinda,magyar,https://www.uni-corvinus.hu/tantargyak/2GF26NCK18B?semester=2024/25/1
A turizmus elosztási csatornái,4,Dr. Jászberényi Melinda,magyar,https://www.uni-corvinus.hu/tantargyak/2GF26NCK18SB?semester=2025/26/1
A turizmus gazdasági joga,4,Dr. Nemessányi Zoltán,magyar,https://www.uni-corvinus.hu/tantargyak/2JO11NAK06B?semester=2021/22/2
A vállalkozásfejlesztés speciális menedzsmentje,6,dr. Kállay László Tibor,magyar,https://www.uni-corvinus.hu/tantargyak/VF00050NMBS?semester=2025/26/1
A vezetés jó gyakorlatai,6,Strausz Péter,magyar,https://www.uni-corvinus.hu/tantargyak/VEZ0071NMBB?semester=2025/26/1
A vezetői gondolkodás fejlődése,5,Vaszkun Balázs György,magyar,https://www.uni-corvinus.hu/tantargyak/VEZ0115NAMB?semester=2025/26/1
A világ regionális földrajza,magyar,Dr. Jeney László Botond,magyar,https://www.uni-corvinus.hu/tantargyak/7NK40NGV28M?semester=2019/20/2
A világ regionális földrajza,3,Dr. Jeney László Botond,magyar,https://www.uni-corvinus.hu/tantargyak/7GF20NAK04M?semester=2019/20/2
A világ regionális földrajza,3,Mezősi András,magyar,https://www.uni-corvinus.hu/tantargyak/7GF20LSZ04M?semester=2019/20/2
A villamos energia szektor gazdaságtana I.,4,Mezősi András,magyar,https://www.uni-corvinus.hu/tantargyak/2KT51LCK16S?semester=2020/21/1
A villamos energia szektor gazdaságtana I.,4,Mezősi András,magyar,https://www.uni-corvinus.hu/tantargyak/REKK008LMSB?semester=2021/22/1
A villamos energia szektor gazdaságtana II.,4,Mezősi András,magyar,https://www.uni-corvinus.hu/tantargyak/2KT51LCK06S?semester=2019/20/2
A villamos energia szektor gazdaságtana II.,4,Dr. Győrffy Dóra,magyar,https://www.uni-corvinus.hu/tantargyak/REKK009LMSB?semester=2021/22/2
Academic English (4) II.,magyar,Philip Jeffrey Saxon,angol,https://www.uni-corvinus.hu/tantargyak/IOK0021NAEB?semester=2024/25/2
Academic Skills,6,Dr. Havril Ágnes Katalin,magyar,https://www.uni-corvinus.hu/tantargyak/7SO30NCKL7B?semester=2020/21/1
Academic Skills,6,Dr. Havril Ágnes Katalin,magyar,https://www.uni-corvinus.hu/tantargyak/KSKM021NABB?semester=2025/26/1
Academic Writing,6,dr. Kő Andrea,magyar,https://www.uni-corvinus.hu/tantargyak/PHKGI033?semester=2024/25/2
Academic Writing and Communication,6,dr. Vékony Dániel,magyar,https://www.uni-corvinus.hu/tantargyak/7NK40NDKI2M?semester=2019/20/2
Academic Writing and Debating II.,3,Klein Attila,magyar,https://www.uni-corvinus.hu/tantargyak/IOK0331NABB?semester=2024/25/2
Academic writing and research methods,6,Dr. Almadi Sejla,magyar,https://www.uni-corvinus.hu/tantargyak/GLOB092NAMB?semester=2025/26/1
Academic writing and research methods,magyar,Dr. Almadi Sejla,magyar,https://www.uni-corvinus.hu/tantargyak/GLOB115NAMB?semester=2024/25/2
"Academic Writing, Qualitative Methods and Research Design",3,Hajnal György,angol,https://www.uni-corvinus.hu/tantargyak/4KO03NBK78M?semester=2020/21/1
Accounting and Law,5,Dr. Lakatos László Péter,magyar,https://www.uni-corvinus.hu/tantargyak/SZAM048LASB?semester=2024/25/2
Accounting for Managers,5,Dr. Lakatos László Péter,magyar,https://www.uni-corvinus.hu/tantargyak/2SM95LBK04S?semester=2020/21/1
Action Learning,2,Dr. Takács Sándor,magyar,https://www.uni-corvinus.hu/tantargyak/VTSM027LMSB?semester=2024/25/2
"Action learning, adatgyűjtési és elemzési módszerek",4,Dr. Takács Sándor,magyar,https://www.uni-corvinus.hu/tantargyak/2VE81LAK58S?semester=2020/21/1
Action oriented methods in coaching and Action Learning,4,Dr. Takács Sándor,magyar,https://www.uni-corvinus.hu/tantargyak/VEZ0013LASB?semester=2024/25/2
Active and sport tourism,6,Dr. Irimiás Anna Rita,magyar,https://www.uni-corvinus.hu/tantargyak/FENT003NABB?semester=2024/25/2
Active and Sport Tourism,6,Dr. Kökény László,magyar,https://www.uni-corvinus.hu/tantargyak/FENT096NABB?semester=2025/26/1
Adatbányászati alapok,5,dr. Kő Andrea,magyar,https://www.uni-corvinus.hu/tantargyak/2IR32EAK30S?semester=2020/21/2
Adatbányászati alapok,5,dr. Kő Andrea,magyar,https://www.uni-corvinus.hu/tantargyak/INIR074LMSB ?semester=2023/24/2
Adatbázis rendszerek,5,Dr. Mohácsi László,magyar,https://www.uni-corvinus.hu/tantargyak/2SZ31NAK11B?semester=2019/20/2
Adatbázis rendszerek,5,Molnár Géza Gábor,magyar,https://www.uni-corvinus.hu/tantargyak/2LK95LAK81B?semester=2019/20/2
Adatbáziskezelés,5,Molnár Géza Gábor,magyar,https://www.uni-corvinus.hu/tantargyak/2SZ31EAK11S?semester=2020/21/1
Adatbáziskezelés a gyakorlatban,4,Dr. Mohácsi László,magyar,https://www.uni-corvinus.hu/tantargyak/2SZ31NDV05B?semester=2019/20/2
Adatbáziskezelés a gyakorlatban I.,3,Dr. Mohácsi László,magyar,https://www.uni-corvinus.hu/tantargyak/2SZ31NDV09B?semester=2019/20/2
Adatbáziskezelés a gyakorlatban II.,3,Dr. Mohácsi László,magyar,https://www.uni-corvinus.hu/tantargyak/2SZ31NDV10B?semester=2019/20/2
Adatbázisok,6,Molnár Géza Gábor,magyar,https://www.uni-corvinus.hu/tantargyak/INSA007NMBB?semester=2024/25/2
Adatelemzés a pedagógiai munkában,2,Pálvölgyi Krisztián,magyar,https://www.uni-corvinus.hu/tantargyak/7TD50LPK12M?semester=2021/22/2
Adatelemzés a tudományos gyakorlatban,3,dr. Kő Andrea,magyar,https://www.uni-corvinus.hu/tantargyak/KOZNXOPKU04?semester=2022/23/1
Adatelemzés és adatvizualizáció R-ben,6,Dr. Mák Fruzsina,magyar,https://www.uni-corvinus.hu/tantargyak/MSST018NMBB?semester=2024/25/1
Adatelemzés és üzlet a hivatásos labdarúgásban,3,Dr. Havran Zsolt,magyar,https://www.uni-corvinus.hu/tantargyak/VALL024NMBB?semester=2024/25/2
Adatelemzés és vizualizáció R-ben,3,Dr. Mák Fruzsina,magyar,https://www.uni-corvinus.hu/tantargyak/4ST14NAV34B?semester=2020/21/2
Adatelemzés és vizualizáció R-ben,5,Dr. Mák Fruzsina,magyar,https://www.uni-corvinus.hu/tantargyak/4ST14NAV36B?semester=2020/21/2
Adatelemzés és vizualizáció R-ben,5,Dr. Mák Fruzsina,magyar,https://www.uni-corvinus.hu/tantargyak/4ST14NAV33M?semester=2020/21/1
Adatelemzés I.,6,Polt Rita,magyar,https://www.uni-corvinus.hu/tantargyak/MSST016NMBB?semester=2022/23/1
Adatelemzés I.,6,Polt Rita,magyar,https://www.uni-corvinus.hu/tantargyak/MSST022NMBS?semester=2021/22/1
Adatelemzés II.,6,Polt Rita,magyar,https://www.uni-corvinus.hu/tantargyak/MSST017NMBB?semester=2024/25/2
Adatelemzés II.,6,Polt Rita,magyar,https://www.uni-corvinus.hu/tantargyak/MSST023NMBS?semester=2025/26/1
Adatelemzés II.,6,Polt Rita,magyar,https://www.uni-corvinus.hu/tantargyak/ADIN035NMBB?semester=2024/25/2
Adatelemzés II.,6,Polt Rita,magyar,https://www.uni-corvinus.hu/tantargyak/ADIN122NMBB?semester=2025/26/1
Adatelemzés nagyvállalati megoldásokkal,5,Kovács Tibor,magyar,https://www.uni-corvinus.hu/tantargyak/2IR32EAK40S?semester=2023/24/1
Adatelemzés statisztika,6,Balázsné Mócsai Andrea,magyar,https://www.uni-corvinus.hu/tantargyak/ADIN039LMMB?semester=2025/26/1
Adatértéklánc és az adatközpontú gazdaság,5,dr. Kő Andrea,angol,https://www.uni-corvinus.hu/tantargyak/PHGI_ADATGAZD?semester=2019/20/2
Adatmodellezés és -vizualizáció,5,Dr. Fodor Szabina Eszter,magyar,https://www.uni-corvinus.hu/tantargyak/INSA041LMSB?semester=2024/25/1
Adattárházak és üzleti analitika,5,Kovács Tibor,magyar,https://www.uni-corvinus.hu/tantargyak/2IR32EAK31S?semester=2022/23/1
Adatújságírás,6,Dr. Habil Bokor Tamás,magyar,https://www.uni-corvinus.hu/tantargyak/7PE20NGKD4B?semester=2023/24/1
Adatvezérelt HRM,6,Kiss Csaba,magyar,https://www.uni-corvinus.hu/tantargyak/VEZ0052LMSB?semester=2024/25/2
Adatvizualizáció a gyakorlatban,3,Dr. Kenesei Zsófia,magyar,https://www.uni-corvinus.hu/tantargyak/2ME43NAV12M?semester=2021/22/1
Adó- és közpénzügyek elmélete,5,Dr. László Csaba Sándor,magyar,https://www.uni-corvinus.hu/tantargyak/4PU51NAK21M?semester=2025/26/1
Adó- és közpénzügyek elmélete,5,Dr. Varga Erzsébet Teréz,magyar,https://www.uni-corvinus.hu/tantargyak/4PU51NAK39M?semester=2025/26/1
Adó- és pénzelmélet,6,Dr. Varga Erzsébet Teréz,magyar,https://www.uni-corvinus.hu/tantargyak/PENZ018NMOB?semester=2025/26/1
Adóelmélet és adópolitika,5,Dr. Varga Erzsébet Teréz,magyar,https://www.uni-corvinus.hu/tantargyak/4PU51EAK02M?semester=2019/20/2
Adójog alapjai,5,Dr. Czoboly Gergely István,magyar,https://www.uni-corvinus.hu/tantargyak/2JO11NAV03B?semester=2025/26/1
Adójog alapjai,3,Dr. Czoboly Gergely István,magyar,https://www.uni-corvinus.hu/tantargyak/2LK95LAK46B?semester=2019/20/2
Adótan és költségvetés,4,Dr. Varga Erzsébet Teréz,magyar,https://www.uni-corvinus.hu/tantargyak/4PU51NAK03O?semester=2024/25/2
Adótervezés,4,Dr. Erdős Gabriella,magyar,https://www.uni-corvinus.hu/tantargyak/2JO11NCV01M?semester=2025/26/1
Adózás,4,Dr. Erdős Gabriella,magyar,https://www.uni-corvinus.hu/tantargyak/4PU51NAK01M?semester=2021/22/2
Adózás,6,Dr. Czoboly Gergely István,magyar,https://www.uni-corvinus.hu/tantargyak/PSGJ025NMBB?semester=2025/26/1
Adózás,6,Dr. Czoboly Gergely István,magyar,https://www.uni-corvinus.hu/tantargyak/PSGJ031LMBB ?semester=2025/26/1
Adózási alapok,4,Dr. Czoboly Gergely István,magyar,https://www.uni-corvinus.hu/tantargyak/2JO11NAK12B?semester=2022/23/2
Adózási esetmegoldó I.,3,Dr. Czoboly Gergely István,magyar,https://www.uni-corvinus.hu/tantargyak/2JO11NAK13B?semester=2019/20/2
Adózási esetmegoldó II.,3,Dr. Czoboly Gergely István,magyar,https://www.uni-corvinus.hu/tantargyak/2JO11NAK14B?semester=2019/20/2
Adózási ismeretek,3,Dr. Erdős Gabriella,magyar,https://www.uni-corvinus.hu/tantargyak/4PU51NAK03B?semester=2022/23/2
Adózási ismeretek,3,Dr. Czoboly Gergely István,magyar,https://www.uni-corvinus.hu/tantargyak/4GP02NAK08B?semester=2025/26/1
Adózási ismeretek,3,Dr. Czoboly Gergely István,magyar,https://www.uni-corvinus.hu/tantargyak/4GP02NAK24SB?semester=2021/22/1
Adózási ismeretek II.,3,Dr. Lakatos László Péter,magyar,https://www.uni-corvinus.hu/tantargyak/SZAM020NMMB?semester=2023/24/2
Advanced Assurance and Professional Oversight,3,Dr. Lakatos László Péter,magyar,https://www.uni-corvinus.hu/tantargyak/SZAM067NAMB?semester=2024/25/2
Advanced Corporate Finance,6,Covachev Svetoslav Valeriev,angol,https://www.uni-corvinus.hu/tantargyak/293NFINK564M?semester=2020/21/1
Advanced Corporate Finance,6,Covachev Svetoslav Valeriev,magyar,https://www.uni-corvinus.hu/tantargyak/PENZ006NAMB?semester=2025/26/1
Advanced Corporate Finance,6,Covachev Svetoslav Valeriev,magyar,https://www.uni-corvinus.hu/tantargyak/PENZ037NAMB?semester=2024/25/2
Advanced Database Systems,6,Magyar Melinda,magyar,https://www.uni-corvinus.hu/tantargyak/ADIN005NABB?semester=2025/26/1
Advanced Excel for Business,3,Dr. Juhász Péter,angol,https://www.uni-corvinus.hu/tantargyak/2BE52NAV19M?semester=2021/22/2
Advanced financial accounting,6,Dr. Lakatos László Péter,magyar,https://www.uni-corvinus.hu/tantargyak/SZAM062NAMB?semester=2025/26/1
Advanced financial management,6,Dr. Juhász Péter,magyar,https://www.uni-corvinus.hu/tantargyak/PENZ062NAMB?semester=2025/26/1
Advanced Geopolitics and Geoeconomy,6,Dr. Morgado Nuno,magyar,https://www.uni-corvinus.hu/tantargyak/FENT019NAMB?semester=2025/26/1
Advanced Geopolitics and Geoeconomy,6,Dr. Morgado Nuno,magyar,https://www.uni-corvinus.hu/tantargyak/FENT034NAMB?semester=2024/25/2
Advanced IT Solutions,magyar,Dr. Takács Sándor,angol,https://www.uni-corvinus.hu/tantargyak/293NBISK609M?semester=2025/26/1
Advanced Leadership: How to Become a Leader,4,Dr. Major Klára,magyar,https://www.uni-corvinus.hu/tantargyak/2VE81NAV24M?semester=2019/20/2
Advanced Macroeconomics,6,Dr. Hubert József,magyar,https://www.uni-corvinus.hu/tantargyak/PHKGI072?semester=2025/26/1
Advanced Marketing Research,6,Dr. Hubert József,magyar,https://www.uni-corvinus.hu/tantargyak/MARK031NAMB?semester=2025/26/1
Advanced Media Economics,6,Dr. Habil Bokor Tamás,magyar,https://www.uni-corvinus.hu/tantargyak/ISCUBUS563?semester=2025/26/2
Advanced Microeconomics,7,Arbuzov Vyacheslav,magyar,https://www.uni-corvinus.hu/tantargyak/KG00059NAMB?semester=2025/26/1
Advanced Microeconomics,8,Arbuzov Vyacheslav,magyar,https://www.uni-corvinus.hu/tantargyak/KOZG050NAMB?semester=2025/26/1
Advanced Microeconomics,8,Arbuzov Vyacheslav,magyar,https://www.uni-corvinus.hu/tantargyak/KOZG062NAMB?semester=2025/26/1
Advanced Microeconomics,6,Arbuzov Vyacheslav,magyar,https://www.uni-corvinus.hu/tantargyak/PHKGI069?semester=2025/26/1
Advanced Microeconomics,9,Arbuzov Vyacheslav,magyar,https://www.uni-corvinus.hu/tantargyak/KOZG096NAMB?semester=2025/26/1
Advanced Programming,6,Wachs Johannes,magyar,https://www.uni-corvinus.hu/tantargyak/ADIN003NABB?semester=2024/25/2
Advanced qualitative research methodologies through case studies,6,dr. Kocsis János Balázs,magyar,https://www.uni-corvinus.hu/tantargyak/PHNKP030?semester=2024/25/2
Advanced Quantitative Methods,6,Dr. Sugár András,magyar,https://www.uni-corvinus.hu/tantargyak/KOZNXV4VI78?semester=2025/26/1
Advanced Research Methodology in Communication,6,Dr. Kárpáti Andrea Katalin,magyar,https://www.uni-corvinus.hu/tantargyak/PHSZK029?semester=2024/25/2
Advanced Research Methods for Data-Driven Marketing Decisions,6,Dr. Hubert József,magyar,https://www.uni-corvinus.hu/tantargyak/MARK028NAMB?semester=2024/25/2
Advanced Topics in Empirical Finance,5,Huszár Zsuzsa Réka,magyar,https://www.uni-corvinus.hu/tantargyak/PHKGI059?semester=2025/26/1
Advanced Topics in Macroeconomics,5,Dr. Kónya István Tamás,magyar,https://www.uni-corvinus.hu/tantargyak/PHKGI055?semester=2025/26/1
Advanced Topics in Microeconomics,5,Bakó Barna,magyar,https://www.uni-corvinus.hu/tantargyak/PHKGI061?semester=2025/26/1
Advertising Management,6,Dr. Csordás Tamás Viktor,angol,https://www.uni-corvinus.hu/tantargyak/293NMARV572B?semester=2020/21/1
Advertising Management,6,Dr. Csordás Tamás Viktor,magyar,https://www.uni-corvinus.hu/tantargyak/MARK069NABB?semester=2024/25/2
African Studies,3,dr. Lehoczki Bernadett Judit,magyar,https://www.uni-corvinus.hu/tantargyak/NPNK039NAMB?semester=2024/25/2
Afrika és a globális dél fejlesztési kihívásai,3,Ricz Judit,magyar,https://www.uni-corvinus.hu/tantargyak/7GF20NAV21B?semester=2024/25/2
Ágens alapú makroökonómia,6,Dr. Váry Miklós,magyar,https://www.uni-corvinus.hu/tantargyak/KOZG043NMOB?semester=2025/26/1
Ágens alapú modellezés,5,Dr. Váry Miklós,magyar,https://www.uni-corvinus.hu/tantargyak/4MK24NAK09O?semester=2024/25/1
Agile project manager,3,Dr. Papp-Horváth Viktória,magyar,https://www.uni-corvinus.hu/tantargyak/VALL017LASB?semester=2024/25/2
Agrár információs rendszerek,4,Prof. Emetitus  Dr.Tóth József,magyar,https://www.uni-corvinus.hu/tantargyak/2KA21NDK09B?semester=2019/20/2
Agrárgazdasági adatok elemzése,6,Dr. Balogh Jeremiás Máté,magyar,https://www.uni-corvinus.hu/tantargyak/VF00034NMBB?semester=2024/25/2
Agrárgazdasági adatok elemzése,6,Dr. Balogh Jeremiás Máté,magyar,https://www.uni-corvinus.hu/tantargyak/VF00054NMBS?semester=2025/26/1
Agrárgazdaságtan,4,Dr. Mizik Tamás,magyar,https://www.uni-corvinus.hu/tantargyak/FENT026NMBB?semester=2025/26/1
Agrárgazdaságtan I.,4,Dr. Mizik Tamás,magyar,https://www.uni-corvinus.hu/tantargyak/2KA21NBK02B?semester=2025/26/1
Agrárgazdaságtan II.,4,Dr. Mizik Tamás,magyar,https://www.uni-corvinus.hu/tantargyak/2KA21NBK03B?semester=2025/26/1
Agrárpolitika,6,Fertő Imre,magyar,https://www.uni-corvinus.hu/tantargyak/PHG_AGRARPOL?semester=2019/20/2
Agrárpolitika,3,Fertő Imre,magyar,https://www.uni-corvinus.hu/tantargyak/2KA21NAK05CM?semester=2025/26/1
Agrárpolitika,3,Maró Zalán Márk,magyar,https://www.uni-corvinus.hu/tantargyak/VF00071NMBB?semester=2024/25/2
Agrárpolitikai programok elemzése,5,Dr. Török Áron,magyar,https://www.uni-corvinus.hu/tantargyak/2KA21NDK13B?semester=2025/26/1
Agrárpolitikai programok elemzése,5,Dr.habil. Podruzsik Szilárd,magyar,https://www.uni-corvinus.hu/tantargyak/2KA21NDK18B?semester=2025/26/1
Agrártermelés természettudományi alapjai,4,Dr. Mezőszentgyörgyi Dávid,magyar,https://www.uni-corvinus.hu/tantargyak/2KA21NAK14B?semester=2020/21/2
Agrártermelés természettudományi alapjai,5,Dr. Török Áron,magyar,https://www.uni-corvinus.hu/tantargyak/2KA21NAK21B?semester=2019/20/2
Agrártermelés természettudományi alapjai I.,4,Dr. Török Áron,magyar,https://www.uni-corvinus.hu/tantargyak/3GY15NAK01B?semester=2025/26/1
Agrártermelés természettudományi alapjai II.,magyar,Dr. Balogh Jeremiás Máté,magyar,https://www.uni-corvinus.hu/tantargyak/3KT23NAK14B?semester=2025/26/1
Agricultural policy and trade,6,Dr. Török Áron,magyar,https://www.uni-corvinus.hu/tantargyak/FENT048NABB?semester=2025/26/1
Agrobiznisz menedzsment,3,Dr. Török Áron,magyar,https://www.uni-corvinus.hu/tantargyak/VF00045NMBS?semester=2023/24/2
Agrobiznisz startupok,3,Dr. Török Áron,magyar,https://www.uni-corvinus.hu/tantargyak/VF00021NMBB?semester=2022/23/2
AI and data strategy,6,Dr. Vas Réka Franciska,magyar,https://www.uni-corvinus.hu/tantargyak/ADIN055NAMB?semester=2024/25/2
AI and Data Strategy,6,Dr. Vas Réka Franciska,magyar,https://www.uni-corvinus.hu/tantargyak/ADIN157NAMB?semester=2025/26/1
Akadémiai életpálya építés,6,Kováts Gergely Ferenc,magyar,https://www.uni-corvinus.hu/tantargyak/VTVK014NAPB?semester=2021/22/1
Akcióorientált esetfeldolgozás,4,Dr. Takács Sándor,magyar,https://www.uni-corvinus.hu/tantargyak/VEZ0054LMSB?semester=2024/25/2
Aktív és sportturizmus,5,Dr. Jászberényi Melinda,magyar,https://www.uni-corvinus.hu/tantargyak/MATT032NMMB?semester=2025/26/1
Aktuális nemzetközi kérdések,3,Dr. Matura Tamás Attila,magyar,https://www.uni-corvinus.hu/tantargyak/7NK40NGV60M?semester=2021/22/2
Aktuáriusi modellgyakorlat,6,Dr. Vékás Péter,magyar,https://www.uni-corvinus.hu/tantargyak/MSOA042LMSB?semester=2024/25/2
Aktuáriusi modellgyakorlatok,6,Professor Emerita Dr. Kovács Erzsébet,magyar,https://www.uni-corvinus.hu/tantargyak/4BO11LD035S?semester=2023/24/2
Akvárium coaching,3,Dr. Takács Sándor,magyar,https://www.uni-corvinus.hu/tantargyak/VTSM023LMSB?semester=2024/25/2
Akvarium coaching,5,Dr. Takács Sándor,magyar,https://www.uni-corvinus.hu/tantargyak/VTSM117LASB?semester=2023/24/2
Alapszigorlat,magyar,Szabó-Bakos Eszter,magyar,https://www.uni-corvinus.hu/tantargyak/SZIG_ALAP_AK?semester=2020/21/1
Algebra (IMP-SKM),6,Dr. Szabó Imre,magyar,https://www.uni-corvinus.hu/tantargyak/4MA12NAK26B?semester=2025/26/1
Algebra I.,5,Dr. Magyarkuti Gyula,magyar,https://www.uni-corvinus.hu/tantargyak/4MA12NAK02O?semester=2022/23/1
Algebra II.,magyar,Dr. Magyarkuti Gyula,magyar,https://www.uni-corvinus.hu/tantargyak/4MA12NAK11B?semester=2019/20/2
Algebra II.,6,Dr. Sziklai Balázs Róbert,magyar,https://www.uni-corvinus.hu/tantargyak/4MA12NAK04O?semester=2025/26/1
Algoritmusok és mechanizmustervezés,6,Dr. Mohácsi László,magyar,https://www.uni-corvinus.hu/tantargyak/OPDO041NMOB?semester=2025/26/1
Alkalmazott adatelemzés,6,Dr. Fodor Szabina Eszter,angol,https://www.uni-corvinus.hu/tantargyak/PHGI_ALKADAT?semester=2023/24/2
Alkalmazott adatelemzés,6,Dr. Fodor Szabina Eszter,magyar,https://www.uni-corvinus.hu/tantargyak/PHKGI038?semester=2024/25/2
Alkalmazott informatika: üzleti modellek,magyar,Dobó István,magyar,https://www.uni-corvinus.hu/tantargyak/2SZ31NDV04B?semester=2019/20/2
Alkalmazott közgazdasági elméletek,3,Vonnák Balázs,magyar,https://www.uni-corvinus.hu/tantargyak/7PE20LPK98M?semester=2019/20/2
Alkalmazott makroökonómia,3,Dr. Mihályi Péter,magyar,https://www.uni-corvinus.hu/tantargyak/4MA23NAK09B?semester=2019/20/2
"Alkalmazott makroökonómia (nyugdíj, egészségügy, oktatás)",6,Dr. Mihályi Péter,magyar,https://www.uni-corvinus.hu/tantargyak/PHK_ALKMAKRO?semester=2019/20/2
"Alkalmazott makroökonómia: nyugdíj, egészségügy, oktatás",3,Urbánné Mező Júlia,magyar,https://www.uni-corvinus.hu/tantargyak/KOZNXV4MK08?semester=2019/20/2
Alkalmazott mikroökonómia,6,Dr. Kürthy Gábor,magyar,https://www.uni-corvinus.hu/tantargyak/4OG33NAK51M?semester=2025/26/1
Alkalmazott programozási gyakorlatok,3,Kozma Miklós Attila,magyar,https://www.uni-corvinus.hu/tantargyak/4PU51NAV11B?semester=2021/22/2
Alkalmazott sportgazdaságtan,6,Dr. Kajos Attila,magyar,https://www.uni-corvinus.hu/tantargyak/VGUG032NMBS?semester=2024/25/2
Alkalmazott statisztika,6,Dr. Sugár András,magyar,https://www.uni-corvinus.hu/tantargyak/4ST14NAK25M?semester=2020/21/1
Alkalmazott számítástechnika,4,Dr. Mohácsi László,magyar,https://www.uni-corvinus.hu/tantargyak/2SZ31NDV01M?semester=2019/20/2
Alkalmazott szigorlat,magyar,Keresztély Tibor,magyar,https://www.uni-corvinus.hu/tantargyak/SZIG_ALK_AK?semester=2024/25/2
Alkalmazott vállalat- és piacelemzés (projekttárgy),8,Dr. Szakadát László,magyar,https://www.uni-corvinus.hu/tantargyak/KG00054NMMB?semester=2021/22/2
Alkalmazott vállalat- és piacelemzés I (projekttárgy)*,2,Dr. Szakadát László,magyar,https://www.uni-corvinus.hu/tantargyak/KG00118NMMB?semester=2022/23/1
Alkalmazott vállalat- és piacelemzés II (projekttárgy)*,6,Dr. Szakadát László,magyar,https://www.uni-corvinus.hu/tantargyak/KG00119NMMB?semester=2022/23/1
Alkalmazott vállalatértékelés,5,Dr. Juhász Péter,magyar,https://www.uni-corvinus.hu/tantargyak/2BE52NCK01M?semester=2021/22/1
Alkalmazott vállalatértékelés,5,Dr. Sebestyén Géza,magyar,https://www.uni-corvinus.hu/tantargyak/4PU51EAK32M?semester=2019/20/2
Alkotmányos közgazdaságtan,3,Golovics József,magyar,https://www.uni-corvinus.hu/tantargyak/4KO03NBK58M?semester=2021/22/1
Államadósság finanszírozása,4,Dr. Varga Erzsébet Teréz,magyar,https://www.uni-corvinus.hu/tantargyak/2BE52NAK11O?semester=2024/25/2
Államadósság finanszírozása,6,Dr. Varga Erzsébet Teréz,magyar,https://www.uni-corvinus.hu/tantargyak/PENZ020NMOB?semester=2025/26/1
Állami szabályozás az energiaszektorban I.,3,Szajkó Gabriella,magyar,https://www.uni-corvinus.hu/tantargyak/REKK004LMSB?semester=2021/22/1
Állatitermék technológiák MSc,magyar,Dr. Török Áron,magyar,https://www.uni-corvinus.hu/tantargyak/ETEMNHA04BM?semester=2019/20/2
Állattenyésztés,magyar,Dr. Kajos Attila,német,https://www.uni-corvinus.hu/tantargyak/3OG55NAK42B?semester=2019/20/2
Állattenyésztés,5,Dr. Kajos Attila,magyar,https://www.uni-corvinus.hu/tantargyak/2KA21NAK18B?semester=2020/21/2
Allgemeine Volkswirtschaftslehre,5,Kuhle Wolfgang,magyar,https://www.uni-corvinus.hu/tantargyak/2DS91NBK10B?semester=2025/26/1
Általános biztosítás I.,magyar,Dr. Banyár József,magyar,https://www.uni-corvinus.hu/tantargyak/mm4n1ab2a?semester=2019/20/2
Általános biztosítás II.,magyar,Dr. Szabó Imre,magyar,https://www.uni-corvinus.hu/tantargyak/mm4n1ab3a?semester=2019/20/2
Általános biztosítás praktikum,magyar,Dr. Bodnár Éva,magyar,https://www.uni-corvinus.hu/tantargyak/mm4n2ab2a?semester=2019/20/2
Általános biztosítástan,magyar,Dr. Bodnár Éva,magyar,https://www.uni-corvinus.hu/tantargyak/4BO11LT024S?semester=2023/24/1
Általános biztosítástan,6,Dr. Daruka Magdolna,magyar,https://www.uni-corvinus.hu/tantargyak/MSOA033LMSB?semester=2023/24/2
Általános statisztika III.,5,Dr. Hideg Éva,magyar,https://www.uni-corvinus.hu/tantargyak/MKKE13?semester=2025/26/1
Alternatív jövőképek,5,Dr. Szilas Roland Ferenc,magyar,https://www.uni-corvinus.hu/tantargyak/2JK22NAV01M?semester=2025/26/1
Alternatív megközelítések az Emberierőforrás-menedzsmentben,3,Dr. Bán Dániel,magyar,https://www.uni-corvinus.hu/tantargyak/2VE81NDK15M?semester=2025/26/1
Alternatív tárgyak (Iparfejlesztés),3,Dr. Hideg Éva,angol,https://www.uni-corvinus.hu/tantargyak/MKKE67?semester=2025/26/1
Alternatív tárgyak (Iparpolitika),6,Dr. Harangozó Gábor,magyar,https://www.uni-corvinus.hu/tantargyak/MKKE78?semester=2025/26/1
Alternatív vitarendezés,3,Dr. Farkas-Bede Katalin,magyar,https://www.uni-corvinus.hu/tantargyak/PSGJ049NMBB?semester=2024/25/2
Alternative Future Images,5,Fleiner Balázs,magyar,https://www.uni-corvinus.hu/tantargyak/7GF20NAV07M?semester=2020/21/1
Analízis,3,Juhász Pál,magyar,https://www.uni-corvinus.hu/tantargyak/7SO30NCK02B?semester=2019/20/2
Analízis,5,Dr. Palágyi Zoltán,magyar,https://www.uni-corvinus.hu/tantargyak/4MA12NAK63B?semester=2020/21/1
Analízis,5,Dr. Tasnádi Attila,magyar,https://www.uni-corvinus.hu/tantargyak/4MA12NAK65B?semester=2020/21/1
Analízis,5,Dr. Kánnai Zoltán,magyar,https://www.uni-corvinus.hu/tantargyak/2LK95LBK48B?semester=2020/21/2
Analízis,5,Dr. Kánnai Zoltán,magyar,https://www.uni-corvinus.hu/tantargyak/2LK95LBK49B?semester=2020/21/2
Analízis,4,Dr. Magyarkuti Gyula,magyar,https://www.uni-corvinus.hu/tantargyak/MSMT008NMBB?semester=2020/21/2
Analízis,6,Dr. Titkos Tamás,magyar,https://www.uni-corvinus.hu/tantargyak/MSMT025NMBB?semester=2025/26/1
Analízis,6,Dr. Palágyi Zoltán,magyar,https://www.uni-corvinus.hu/tantargyak/MSMT035LMBB?semester=2025/26/1
Analízis,6,Dr. Szabó Imre,magyar,https://www.uni-corvinus.hu/tantargyak/MKKE14?semester=2025/26/1
Analízis I,9,Dr. Kánnai Zoltán,magyar,https://www.uni-corvinus.hu/tantargyak/ADIN081NMOB?semester=2024/25/2
Analízis I.,6,Dr. Kánnai Zoltán,magyar,https://www.uni-corvinus.hu/tantargyak/4MA12NAK06B?semester=2025/26/1
Analízis I.,6,Dr. Kánnai Zoltán,magyar,https://www.uni-corvinus.hu/tantargyak/4MA12NAK01O?semester=2025/26/1
Analízis II,6,Dr. Kánnai Zoltán,magyar,https://www.uni-corvinus.hu/tantargyak/ADIN085NMOB?semester=2025/26/1
Analízis II.,5,Dr. Kánnai Zoltán,magyar,https://www.uni-corvinus.hu/tantargyak/4MA12NAK03O?semester=2024/25/2
Analysing the Struggle for Power in a Global Context,6,dr. Vékony Dániel,magyar,https://www.uni-corvinus.hu/tantargyak/NP00001NABB?semester=2025/26/1
Analysing the Struggle for Power in a Global Context,3,dr. Vékony Dániel,magyar,https://www.uni-corvinus.hu/tantargyak/NPNK046NABB?semester=2024/25/2
Analysis of Survey Data,6,Dr. Bartus Tamás,magyar,https://www.uni-corvinus.hu/tantargyak/7SO30NCKP5M?semester=2025/26/1
"Angol (ált., felső, t.mentes)/1",3,Domján Andrea,angol,https://www.uni-corvinus.hu/tantargyak/7IL50NNV03B?semester=2024/25/1
"Angol (ált., felső, t.mentes)/2",3,Domján Andrea,magyar,https://www.uni-corvinus.hu/tantargyak/IOK0092ANAF?semester=2024/25/2
"Angol (ált., felső, térítéses)/1",angol,Domján Andrea,magyar,https://www.uni-corvinus.hu/tantargyak/7IL50NNV01B?semester=2024/25/1
"Angol (ált., felső, térítéses)/2",magyar,Domján Andrea,magyar,https://www.uni-corvinus.hu/tantargyak/IOK0093ANAF?semester=2024/25/2
"Angol (gazdasági, felső, t.mentes)/1",3,Hartai Gabriella,magyar,https://www.uni-corvinus.hu/tantargyak/IOK0098ANGF?semester=2024/25/1
"Angol (gazdasági, felső, t.mentes)/2",3,Hartai Gabriella,magyar,https://www.uni-corvinus.hu/tantargyak/IOK0100ANGF?semester=2024/25/2
"Angol (gazdasági, felső, térítéses)/1",magyar,Hartai Gabriella,magyar,https://www.uni-corvinus.hu/tantargyak/IOK0099ANGF?semester=2024/25/1
Angol (nemzetközi kapcs.felsőfok térítéses)/2,magyar,Dr. Erdei József,angol,https://www.uni-corvinus.hu/tantargyak/IOK0109ANNF?semester=2024/25/2
"Angol (szakmai előkészítő, t.mentes)/1",3,Matiscsák Zsuzsanna,angol,https://www.uni-corvinus.hu/tantargyak/7IL50NNV07B?semester=2020/21/1
"Angol (szakmai előkészítő, térítéses)/1",angol,Matiscsák Zsuzsanna,angol,https://www.uni-corvinus.hu/tantargyak/7IL50NNV05B?semester=2020/21/1
"Angol (szakmai, felső, t.mentes)/1",3,Hartai Gabriella,magyar,https://www.uni-corvinus.hu/tantargyak/7IL50NNV11B?semester=2022/23/2
"Angol (szakmai, felső, t.mentes)/2",3,Hartai Gabriella,angol,https://www.uni-corvinus.hu/tantargyak/7IL50NNV12B?semester=2022/23/2
"Angol (szakmai, közép, térítéses)/2",angol,Alapyné Homolya Katalin,magyar,https://www.uni-corvinus.hu/tantargyak/7IL50NNV14B?semester=2023/24/2
Antropológiai kutatási módszerek,3,Dr. Letenyei László,magyar,https://www.uni-corvinus.hu/tantargyak/7SO30NHKI4M?semester=2019/20/2
Anyagismeret 1,magyar,Kozma Miklós Attila,magyar,https://www.uni-corvinus.hu/tantargyak/6KH65ANYIS1NB?semester=2025/26/1
Applied Business Economics,3,Kozma Miklós Attila,magyar,https://www.uni-corvinus.hu/tantargyak/VGUG016NABB?semester=2024/25/2
Applied Business Economics,4,Dr. Juhász Péter,magyar,https://www.uni-corvinus.hu/tantargyak/VGUG086NABB?semester=2024/25/2
Applied business valuation,6,Dr. Juhász Péter,magyar,https://www.uni-corvinus.hu/tantargyak/293NFINK510M?semester=2025/26/1
Applied business valuation,6,Dr. Yusifzada Leyla,magyar,https://www.uni-corvinus.hu/tantargyak/PSBV043NAMB?semester=2025/26/1
Applied Corporate Finance,6,Dr. Kacsirek László,angol,https://www.uni-corvinus.hu/tantargyak/293NFINK502M?semester=2024/25/2
Applied International Business Methods,6,Dr. Kajos Attila,magyar,https://www.uni-corvinus.hu/tantargyak/293NBUSK450B?semester=2025/26/1
Applied Macroeconomics for Policy and Finance,angol,Dr. Habil Gáti Mirkó György,magyar,https://www.uni-corvinus.hu/tantargyak/4MNBNAV02B?semester=2019/20/2
Applied Market Research Methods,6,Dr. Habil Gáti Mirkó György,magyar,https://www.uni-corvinus.hu/tantargyak/MARK011NAMB?semester=2025/26/1
Applied Market Research Methods,6,Urbánné Mező Júlia,magyar,https://www.uni-corvinus.hu/tantargyak/MARK072NAMB?semester=2025/26/1
Applied Microeconomics,6,Lőrincz László,magyar,https://www.uni-corvinus.hu/tantargyak/7VG32NBKC4M?semester=2025/26/1
Applied Network Science,6,Dr. Kocsis Tamás,angol,https://www.uni-corvinus.hu/tantargyak/ADIN150NAMB?semester=2025/26/1
Applied Social and Environmental Responsibility,3,Dr. Sugár András,magyar,https://www.uni-corvinus.hu/tantargyak/7GF20NAV10B?semester=2019/20/2
Applied Statistics,6,Wachs Johannes,magyar,https://www.uni-corvinus.hu/tantargyak/4ST14NAK32M?semester=2025/26/1
Applying and Interpreting Machine Learning,6,Dr. Vicsek Lilla Mária,magyar,https://www.uni-corvinus.hu/tantargyak/ADIN149NAMB?semester=2025/26/1
Approaches to Technology and Society,6,Dr. Vicsek Lilla Mária,magyar,https://www.uni-corvinus.hu/tantargyak/TARS097NAMB?semester=2025/26/1
Arab (A1/1 szint t.mentes),3,Al-Akrad Eszter Fatima,magyar,https://www.uni-corvinus.hu/tantargyak/IOK0114ARAA?semester=2024/25/1
Arab (A1/1 szint térítéses),magyar,Al-Akrad Eszter Fatima,magyar,https://www.uni-corvinus.hu/tantargyak/IOK0115ARAA?semester=2024/25/1
Arab (A1/2 szint t.mentes),3,Al-Akrad Eszter Fatima,magyar,https://www.uni-corvinus.hu/tantargyak/IOK0116ARAA?semester=2024/25/2
Arab (A1/2 szint térítéses),magyar,Al-Akrad Eszter Fatima,magyar,https://www.uni-corvinus.hu/tantargyak/IOK0117ARAA?semester=2024/25/2
Arab (A2/1 szint t.mentes),3,Al-Akrad Eszter Fatima,magyar,https://www.uni-corvinus.hu/tantargyak/IOK0118ARAA?semester=2023/24/1
"Arab (gazdasági előkészítő B1, térítéses)/1",magyar,Al-Akrad Eszter Fatima,magyar,https://www.uni-corvinus.hu/tantargyak/IOK0123ARGE?semester=2024/25/1
"Arab (gazdasági előkészítő B1, térítéses)/2",magyar,Al-Akrad Eszter Fatima,magyar,https://www.uni-corvinus.hu/tantargyak/IOK0125ARGE?semester=2023/24/2
"Arab (gazdasági, közép, t.mentes)/2",3,Al-Akrad Eszter Fatima,magyar,https://www.uni-corvinus.hu/tantargyak/IOK0128ARGK?semester=2024/25/2
"Arab (gazdasági, közép, térítéses)/2",magyar,Al-Akrad Eszter Fatima,magyar,https://www.uni-corvinus.hu/tantargyak/IOK0129ARGK?semester=2024/25/2
"Arab (szakmai előkészítő, t.mentes)/1",3,Al-Akrad Eszter Fatima,magyar,https://www.uni-corvinus.hu/tantargyak/7IL50NNV19B?semester=2022/23/1
"Arab (szakmai, közép, térítéses)/1",magyar,Al-Akrad Eszter Fatima,angol,https://www.uni-corvinus.hu/tantargyak/7IL50NNV21B?semester=2022/23/1
"Arab (szakmai, közép, térítéses)/2",magyar,Al-Akrad Eszter Fatima,magyar,https://www.uni-corvinus.hu/tantargyak/7IL50NNV22B?semester=2021/22/2
Archicad a gyakorlatban,egyéb,Dr. Gedeon Péter,magyar,https://www.uni-corvinus.hu/tantargyak/6TP68AGYCXN?semester=2019/20/2
Area Methods I.,6,Bakó Barna,magyar,https://www.uni-corvinus.hu/tantargyak/4VG32UCL01M?semester=2019/20/2
Árelméleti alkalmazások,3,Bakó Barna,magyar,https://www.uni-corvinus.hu/tantargyak/4MI25NAK39B?semester=2019/20/2
Árpolitika,3,Dr. Gyulavári Tamás,magyar,https://www.uni-corvinus.hu/tantargyak/2MA41NCK05M?semester=2020/21/1
Artificial Intelligence in the Organization,6,Dr. Csáki Csaba,magyar,https://www.uni-corvinus.hu/tantargyak/ADIN061NAMB?semester=2025/26/1
Árutőzsdei (alap)ismeretek,3,Dr. Mizik Tamás,magyar,https://www.uni-corvinus.hu/tantargyak/VF00138NMBB?semester=2024/25/1
Audience Engagement and Analytics,6,Dr. Székely László Levente,magyar,https://www.uni-corvinus.hu/tantargyak/MARK161NAMB?semester=2025/26/1
Audit and assurance,6,Dr. Lakatos László Péter,magyar,https://www.uni-corvinus.hu/tantargyak/SZAM066NAMB?semester=2025/26/1
Aukcióelmélet,6,Dr. Magyarkuti Gyula,magyar,https://www.uni-corvinus.hu/tantargyak/4MA12NAV22M?semester=2022/23/2
Aukcióelmélet,5,Dr. Magyarkuti Gyula,magyar,https://www.uni-corvinus.hu/tantargyak/4MA12NAK12O?semester=2025/26/1
Az állam emberei,3,Dr. Várnagy Réka,magyar,https://www.uni-corvinus.hu/tantargyak/7PO10NFV85B?semester=2019/20/2
Az állami piac- és versenyszabályozás gyakorlata,6,Dr. Szakadát László,magyar,https://www.uni-corvinus.hu/tantargyak/4KO03NBK63M?semester=2020/21/1
Az állami piac- és versenyszabályozás gyakorlata,6,Dr. Szakadát László,magyar,https://www.uni-corvinus.hu/tantargyak/GKKK069NMMB?semester=2025/26/1
Az amerikai lobbi: érdekcsoportok és befolyásuk az Egyesült Államokban,3,Dr. Farkas-Bede Katalin,magyar,https://www.uni-corvinus.hu/tantargyak/7PO10NGV68M?semester=2019/20/2
Az Andok kultúrája,3,Dr. Letenyei László,magyar,https://www.uni-corvinus.hu/tantargyak/7SO30NFVH9B?semester=2022/23/2
Az egészség- és szépségipar közgazdaságtana,6,Dr. Péntek Márta,magyar,https://www.uni-corvinus.hu/tantargyak/KOZNXV4KZ69?semester=2019/20/2
Az egyensúlyelmélet mikroökonómiája,5,Dr. Csekő Imre,magyar,https://www.uni-corvinus.hu/tantargyak/4MK24NAK03M?semester=2025/26/1
Az egyensúlyelmélet mikroökonómiája,5,Mágó Mánuel László,magyar,https://www.uni-corvinus.hu/tantargyak/MSMT038NMOB?semester=2024/25/1
Az emberi intelligencia dilemmái,3,Farkas Jácint,magyar,https://www.uni-corvinus.hu/tantargyak/CIAS002NMBB?semester=2025/26/1
Az emberi jogok Ázsiában,3,Dr. Komanovics Adrienne Kinga,magyar,https://www.uni-corvinus.hu/tantargyak/7NK40NDKI1M?semester=2021/22/2
Az energiagazdálkodás alapjai,3,dr. Forman Balázs,magyar,https://www.uni-corvinus.hu/tantargyak/7GF20NAV03B?semester=2020/21/1
Az energiaszektor mikroökonómiája,4,Selei Adrienn,magyar,https://www.uni-corvinus.hu/tantargyak/2KT51LCK15S?semester=2021/22/1
Az EU agrárpolitikája és -intézményrendszere,6,Dr. Mizik Tamás,magyar,https://www.uni-corvinus.hu/tantargyak/VF00032NMBB?semester=2024/25/1
Az EU agrárpolitikája és -intézményrendszere,6,Dr. Mizik Tamás,magyar,https://www.uni-corvinus.hu/tantargyak/VF00052NMBS?semester=2025/26/1
Az EU aktuális kérdései,3,Dr. Komanovics Adrienne Kinga,magyar,https://www.uni-corvinus.hu/tantargyak/7NK40NGK36B?semester=2024/25/2
Az EU aktuális kérdései II.,3,dr. Gálik Zoltán,magyar,https://www.uni-corvinus.hu/tantargyak/7NK40NDK95M?semester=2019/20/2
Az EU kohéziós politikája,3,Dr. Kengyel Ákos,magyar,https://www.uni-corvinus.hu/tantargyak/7NK40NDKE4M?semester=2020/21/1
Az EU közös agrárpolitikája,3,Dr. Mizik Tamás,magyar,https://www.uni-corvinus.hu/tantargyak/2KA21NAK03M?semester=2022/23/2
Az EU politikai gazdaságtana,3,Dr. Dúró József,magyar,https://www.uni-corvinus.hu/tantargyak/7PO10NBK28M?semester=2019/20/2
Az EU politikai rendszere,3,Dr. Dúró József,magyar,https://www.uni-corvinus.hu/tantargyak/7PO10NCK11B?semester=2023/24/2
Az EU politikai rendszere,3,Dr. Dúró József,magyar,https://www.uni-corvinus.hu/tantargyak/7PO10NCV11M?semester=2022/23/2
Az EU szociális politikája,3,Dr. Kaponyi Erzsébet,magyar,https://www.uni-corvinus.hu/tantargyak/7NK40NDK93M?semester=2019/20/2
Az európai civilizáció gyökerei,3,dr. Zsinka László,magyar,https://www.uni-corvinus.hu/tantargyak/7NK40NDV73B?semester=2023/24/2
Az európai civilizáció kialakulása,3,dr. Zsinka László,magyar,https://www.uni-corvinus.hu/tantargyak/7NK40NDV74B?semester=2023/24/1
Az európai művelődés története,3,dr. Zsinka László,magyar,https://www.uni-corvinus.hu/tantargyak/7NK40NAK19M?semester=2022/23/2
Az Európai Unió kialakulása és működése,3,Miklós Gábor,magyar,https://www.uni-corvinus.hu/tantargyak/4VG32NAV57B?semester=2024/25/2
Az Európai Unió politikai rendszere és főbb szakpolitikái,3,Dr. Virág Attila,magyar,https://www.uni-corvinus.hu/tantargyak/2VE92NAV04M?semester=2021/22/2
Az Európai Unió politikai rendszere és főbb szakpolitikái,3,Dr. Virág Attila,magyar,https://www.uni-corvinus.hu/tantargyak/2VE92LAV02S?semester=2024/25/2
Az Európai Uniós Belső Piac,3,Dr. Csöndes Mónika,magyar,https://www.uni-corvinus.hu/tantargyak/2JO11NAK05B?semester=2024/25/2
Az Európai Uniós politikák természete és működése,4,Dr. Meisel Sándor,magyar,https://www.uni-corvinus.hu/tantargyak/2SZ74NAK12B?semester=2025/26/1
Az Excel VBA használata haladó szinten,3,Dr. Juhász Péter,magyar,https://www.uni-corvinus.hu/tantargyak/2BE52NAK07O?semester=2024/25/1
Az információs aszimmetria közgazdaságtana,4,Vida Péter,magyar,https://www.uni-corvinus.hu/tantargyak/4MK24NAK17O?semester=2025/26/1
Az integráció és szegregáció csoportszintű kérdései,3,Dr. Forgács Attila,magyar,https://www.uni-corvinus.hu/tantargyak/7PE20LAKF4S?semester=2019/20/2
Az integrált vidékfejlesztés gyakorlata,3,Dr. Bálint Csaba,magyar,https://www.uni-corvinus.hu/tantargyak/7GF20NAK42M?semester=2020/21/2
Az integrált vidékfejlesztés gyakorlata,3,Dr. Bálint Csaba,magyar,https://www.uni-corvinus.hu/tantargyak/7GF20LSZ42M?semester=2020/21/2
Az integrált vidékfejlesztés gyakorlata,3,Dr. Bálint Csaba,magyar,https://www.uni-corvinus.hu/tantargyak/7GF20NBK01M?semester=2021/22/2
Az integrált vidékfejlesztés gyakorlata,3,Dr. Bálint Csaba,magyar,https://www.uni-corvinus.hu/tantargyak/7GF20LSZ01M?semester=2021/22/2
Az interakciók szociálpszichológiája,3,Helmich Dezső,magyar,https://www.uni-corvinus.hu/tantargyak/7SO30NAKA5M?semester=2019/20/2
"Az intézményvezetés irányítás, igazgatási és jogi kérdései",6,Dr. Daruka Magdolna,magyar,https://www.uni-corvinus.hu/tantargyak/7TD50LAKF7S?semester=2020/21/1
Az iskola mint tanuló szervezet,6,Pálvölgyi Krisztián,magyar,https://www.uni-corvinus.hu/tantargyak/7TD50LAKF8S?semester=2021/22/2
Az iskola szervezeti világa,3,Dr. Sass Judit Gabriella,magyar,https://www.uni-corvinus.hu/tantargyak/7PE20LPK30M?semester=2019/20/2
Az iskola társadalmi és gazdasági környezete,2,Dr. Daruka Magdolna,magyar,https://www.uni-corvinus.hu/tantargyak/7TD50LPK14M?semester=2020/21/1
Az iskolai klímát befolyásoló tényezők,2,Dr. Sass Judit Gabriella,magyar,https://www.uni-corvinus.hu/tantargyak/7PE20LPKB8M?semester=2019/20/2
Az iskolai kommunikáció szociálpszichológiája,2,Dr. Sass Judit Gabriella,magyar,https://www.uni-corvinus.hu/tantargyak/7PE20LPKA9M?semester=2021/22/1
Az iszlám civilizáció története,3,dr. Vékony Dániel,magyar,https://www.uni-corvinus.hu/tantargyak/7NK40NFV56B?semester=2023/24/2
Az oktatás és a gazdaság kapcsolata,6,Dr. Daruka Magdolna,magyar,https://www.uni-corvinus.hu/tantargyak/7TD50LAKF9S?semester=2021/22/2
Az öregedés gazdaságtana,6,Szabó-Bakos Eszter,magyar,https://www.uni-corvinus.hu/tantargyak/KG00001LMMB?semester=2025/26/1
Az urbanizáció geopolitikája,6,Dr. Salamin Géza,magyar,https://www.uni-corvinus.hu/tantargyak/7GF20NAK06B?semester=2025/26/1
Az urbanizáció geopolitikája,3,Dr. Salamin Géza,magyar,https://www.uni-corvinus.hu/tantargyak/7GF20NAK09B?semester=2020/21/1
Az üzleti tárgyalás módszertana,3,Dr. Mitev Ariel Zoltán,magyar,https://www.uni-corvinus.hu/tantargyak/2MF44NAV01M?semester=2019/20/2
Az üzleti tárgyalás módszertana,3,Dr. Mitev Ariel Zoltán,magyar,https://www.uni-corvinus.hu/tantargyak/2MF44NAV01SM?semester=2025/26/1
Ázsia sportgazdaságtana,3,Kozma Miklós Attila,magyar,https://www.uni-corvinus.hu/tantargyak/2VL60NAV07SM?semester=2020/21/1
B2B e-kereskedelem,4,Dr. Duma László,magyar,https://www.uni-corvinus.hu/tantargyak/2EB34NCK02M?semester=2025/26/1
Balkán-tanulmányok,3,dr. Kemenszky Ágnes,magyar,https://www.uni-corvinus.hu/tantargyak/7NK40NDK33M?semester=2023/24/2
Bank és pénzügyi intézményrendszer,5,Dr. Varga József,magyar,https://www.uni-corvinus.hu/tantargyak/4PU51NAK22M?semester=2025/26/1
Bank Finance,6,Hadházyné dr. Burucs Magdolna Judit,magyar,https://www.uni-corvinus.hu/tantargyak/7VG32NAKB5M?semester=2025/26/1
Bank- és közpénzügyek,6,Dr. Vaskövi Ágnes,magyar,https://www.uni-corvinus.hu/tantargyak/PENZ011NMOB?semester=2025/26/1
"Bankelemzés, projektfeladat",8,Pollák Zoltán,magyar,https://www.uni-corvinus.hu/tantargyak/4BK54LAK63S?semester=2020/21/1
"Bankelemzés, projektfeladat",magyar,Dr. Gulyás Éva,magyar,https://www.uni-corvinus.hu/tantargyak/PSPE009LMSB?semester=2025/26/1
"Banki beszámolók értelmezése, kontrolling",4,Professor Emerita Dr. Kovács Erzsébet,magyar,https://www.uni-corvinus.hu/tantargyak/SZAM012LMSB?semester=2025/26/1
Banki és biztosítási modellek,4,Dr. Sebestyén Géza,magyar,https://www.uni-corvinus.hu/tantargyak/PHK_BANKIBIZTMOD?semester=2019/20/2
Banki eszköz- forrás menedzsment,6,Dr. Pesuth Tamás,magyar,https://www.uni-corvinus.hu/tantargyak/4BK54LAK70S?semester=2020/21/1
Banking,6,Dr. Vaskövi Ágnes,magyar,https://www.uni-corvinus.hu/tantargyak/PENZ045NAMB?semester=2024/25/2
Banking in the 21st Century,6,Dr. Sebestyén Géza,magyar,https://www.uni-corvinus.hu/tantargyak/MN00008NAMB?semester=2025/26/1
Banking in the 21st Century,3,Dr. Sebestyén Géza,magyar,https://www.uni-corvinus.hu/tantargyak/PENZ030NAMB?semester=2025/26/1
Banking in the 21st Century,3,Dr. Sebestyén Géza,magyar,https://www.uni-corvinus.hu/tantargyak/PENZ060NAMB?semester=2024/25/2
Bankismeretek,3,Dr. Varga József,magyar,https://www.uni-corvinus.hu/tantargyak/4PU51NAK80SB?semester=2025/26/1
Bankjog,3,Dr. Lajer Zsolt Csaba,magyar,https://www.uni-corvinus.hu/tantargyak/2JO11NAV05B?semester=2022/23/2
Bankkontrolling,3,Dr. Drótos György,magyar,https://www.uni-corvinus.hu/tantargyak/2VE81NAV16M?semester=2020/21/2
Bankmenedzsment projektfeladat,4,Dr. Kürthy Gábor,magyar,https://www.uni-corvinus.hu/tantargyak/PSPE033LMSB?semester=2024/25/2
Bankok a XXI. században,6,Dr. Sebestyén Géza,magyar,https://www.uni-corvinus.hu/tantargyak/MN00011NMMB?semester=2025/26/1
Bankok és fintech cégek teljesítménymenedzsmentje,5,Dr. Drótos György,magyar,https://www.uni-corvinus.hu/tantargyak/VTVK020NMMB?semester=2021/22/2
Bankok működése,4,Dr. Varga József,magyar,https://www.uni-corvinus.hu/tantargyak/PSPE030LMSB?semester=2024/25/2
Bankpiac jellemzői és szabályozása,6,Dr. Pesuth Tamás,magyar,https://www.uni-corvinus.hu/tantargyak/PSPE029LMSB?semester=2024/25/2
Bankpiaci környezet: Monetáris makrogazdaságtan,6,Szabó-Bakos Eszter,magyar,https://www.uni-corvinus.hu/tantargyak/4BK54LAK54S?semester=2019/20/2
Bankszakmai ismeretek,6,Dr. Nagy Tamás,magyar,https://www.uni-corvinus.hu/tantargyak/4BK54LAK55S?semester=2019/20/2
Bankszakmai ismeretek II.,6,Dr. Marciniak Róbert András,magyar,https://www.uni-corvinus.hu/tantargyak/PSPE004LMSB?semester=2020/21/2
Bankszimuláció,6,Dr. Tamásné Vőneki Zsuzsanna,magyar,https://www.uni-corvinus.hu/tantargyak/PSPE036LMSB?semester=2025/26/1
"Bankszimuláció, mérlegmenedzsment",magyar,Dr. Pogány Ágnes,magyar,https://www.uni-corvinus.hu/tantargyak/4BK54LAK36S?semester=2019/20/2
"Bankszimuláció, mérlegmenedzsment",magyar,Dr. Pesuth Tamás,magyar,https://www.uni-corvinus.hu/tantargyak/PSPE012LMSB?semester=2025/26/1
Banküzemtan,5,Madar László,magyar,https://www.uni-corvinus.hu/tantargyak/4PU51EAK29M?semester=2025/26/1
Basics of Financial Markets,6,Dr. Naffa Helena,magyar,https://www.uni-corvinus.hu/tantargyak/PSBV096NABB?semester=2025/26/1
Basics of IT,3,Dr. Fodor Szabina Eszter,angol,https://www.uni-corvinus.hu/tantargyak/2BE34NAK18B?semester=2019/20/2
Basics of Social Sciences (4) II.,magyar,Dr. Pásztor Adél,magyar,https://www.uni-corvinus.hu/tantargyak/IOK0023NAEB?semester=2024/25/2
Befektetések,5,Dr. Berlinger Edina,magyar,https://www.uni-corvinus.hu/tantargyak/2BE52NAK05M?semester=2020/21/1
"Befektetések, értékpapírjog",10,Dr. Lajer Zsolt Csaba,magyar,https://www.uni-corvinus.hu/tantargyak/4BK54LAK68S?semester=2019/20/2
"Befektetések, opcióárazás",6,Dr. Váradi Kata,magyar,https://www.uni-corvinus.hu/tantargyak/4BO11LT028S?semester=2023/24/2
"Befektetések, opcióárazás",6,Dr. Váradi Kata,magyar,https://www.uni-corvinus.hu/tantargyak/MSOA036LMSB?semester=2024/25/2
"Befektetések,értékpapírjog",10,Dr. Lajer Zsolt Csaba,magyar,https://www.uni-corvinus.hu/tantargyak/PSPE010LMSB?semester=2020/21/2
Befektetéselemzés és pénzügyi elemzés az energiaszektorban,3,Mezősi András,magyar,https://www.uni-corvinus.hu/tantargyak/REKK007LMSB?semester=2021/22/2
Befektetési Bank,3,Dr. Szűcs Balázs Árpád,magyar,https://www.uni-corvinus.hu/tantargyak/2BE52NAV03B?semester=2024/25/2
Befektetési és vállalati pénzügyi ismeretek,5,Dr. Fazakas Gergely,magyar,https://www.uni-corvinus.hu/tantargyak/2BE52NGK02B?semester=2019/20/2
Befektetési ismeretek,3,Dr. Makara Tamás,magyar,https://www.uni-corvinus.hu/tantargyak/2BE52NDK04B?semester=2024/25/2
"Befektetési ismeretek, Bloomberg",6,Dr. Lovas Anita,magyar,https://www.uni-corvinus.hu/tantargyak/PSBV050NMBB?semester=2024/25/2
Befektetési számítások,3,Dr. Száz János,magyar,https://www.uni-corvinus.hu/tantargyak/2BE52NAV10M?semester=2020/21/1
Befektetési szolgáltatások,6,Dr. Mikolasek András,magyar,https://www.uni-corvinus.hu/tantargyak/PSPE034LMSB?semester=2025/26/1
Befektetési tanácsadás,3,Dr. Juhász Péter,magyar,https://www.uni-corvinus.hu/tantargyak/2BE52NAV07M?semester=2021/22/1
Behavioral and Socio-Economic Considerations in Policy,6,Zou Jiaqi,magyar,https://www.uni-corvinus.hu/tantargyak/TARS078NABB?semester=2025/26/1
Behavioral Decision Sciences,6,Dr. Szántó Richárd,magyar,https://www.uni-corvinus.hu/tantargyak/OPDO024NAMB?semester=2025/26/1
Behavioral Economics,5,Külpmann Philipp,magyar,https://www.uni-corvinus.hu/tantargyak/KG00003NABB?semester=2025/26/1
Behavioral Economics,5,Kiss Hubert János,magyar,https://www.uni-corvinus.hu/tantargyak/KG00004NAMB?semester=2025/26/1
Behavioral Economics,5,Kiss Hubert János,magyar,https://www.uni-corvinus.hu/tantargyak/KG00005NMMB?semester=2025/26/1
Behavioral Economics,5,Kiss Hubert János,magyar,https://www.uni-corvinus.hu/tantargyak/KOZG087NAMB?semester=2024/25/2
Behavioral Economics-Emotions in Economic Decisions,6,Kiss Hubert János,angol,https://www.uni-corvinus.hu/tantargyak/KOZNXV4OG09?semester=2019/20/2
Behavioral finance,3,Dr. Berlinger Edina,angol,https://www.uni-corvinus.hu/tantargyak/2BE52NAV06B?semester=2019/20/2
Bel- és igazságügyi együttműködés az EU-ban,3,dr. Kemenszky Ágnes,magyar,https://www.uni-corvinus.hu/tantargyak/7NK40NDK94M?semester=2020/21/1
Bel- és külpolitikai kockázatelemzés,magyar,Kőváriné dr. Ignáth Éva,magyar,https://www.uni-corvinus.hu/tantargyak/7NK40NGVI9M?semester=2019/20/2
Benelux-tanulmányok,3,Walter György,magyar,https://www.uni-corvinus.hu/tantargyak/7NK40NFV28B?semester=2022/23/2
Beruházási és finanszírozási döntések,5,Walter György,magyar,https://www.uni-corvinus.hu/tantargyak/PSBV036NMMB?semester=2025/26/1
Beruházási projektek ? I. Döntéselőkészítés,6,Dr. Jelen Tibor,magyar,https://www.uni-corvinus.hu/tantargyak/VEZ0123LMSB?semester=2025/26/1
Beruházások megvalósítása,6,Dr. Fekete István,magyar,https://www.uni-corvinus.hu/tantargyak/VF00152LMSB?semester=2025/26/1
Beszállítói és ipari folyamatok fejlesztése 1,6,Dr. Nagy Sándor Gyula,angol,https://www.uni-corvinus.hu/tantargyak/7VG32NAV54B?semester=2022/23/1
Beszállítói és ipari folyamatok fejlesztése 2,6,Dr. Nagy Sándor Gyula,magyar,https://www.uni-corvinus.hu/tantargyak/7VG32NAV56B?semester=2025/26/1
Beszéd- és írástechnika,6,Dr. Komár Zita,magyar,https://www.uni-corvinus.hu/tantargyak/7PE20NEKB5B?semester=2019/20/2
Beszerzés – duál,5,Dr. Vörösmarty Gyöngyi,magyar,https://www.uni-corvinus.hu/tantargyak/2VL60NBK06MD?semester=2025/26/1
Beszerzés a vállalati gyakorlatban,6,Dr. Vörösmarty Gyöngyi,magyar,https://www.uni-corvinus.hu/tantargyak/2VL60LAK74S?semester=2020/21/1
Beszerzés informatikai támogatása,4,Dr. Tátrai Tünde,magyar,https://www.uni-corvinus.hu/tantargyak/2VL60LAK14S?semester=2023/24/1
Beszerzés informatikai támogatása,4,Dr. Tátrai Tünde,magyar,https://www.uni-corvinus.hu/tantargyak/2VL60LAK27S?semester=2021/22/1
Beszerzési alapismeretek,5,Dr. Vörösmarty Gyöngyi,magyar,https://www.uni-corvinus.hu/tantargyak/2VL60LAK08S?semester=2020/21/2
Beszerzési esettanulmányok,5,Dr. Vörösmarty Gyöngyi,magyar,https://www.uni-corvinus.hu/tantargyak/2VL60LAK55S?semester=2020/21/2
Beszerzési folyamat eszközei,6,Dr. Vörösmarty Gyöngyi,magyar,https://www.uni-corvinus.hu/tantargyak/2VL60LAK53S?semester=2020/21/2
Beszerzési jog,5,Dr. Tátrai Tünde,magyar,https://www.uni-corvinus.hu/tantargyak/2VL60LAK12S?semester=2023/24/2
Beszerzési stratégia,5,Dr. Vörösmarty Gyöngyi,magyar,https://www.uni-corvinus.hu/tantargyak/2VL60NCK09M?semester=2025/26/1
Beszerzési stratégia,5,Dr. Vörösmarty Gyöngyi,magyar,https://www.uni-corvinus.hu/tantargyak/2VL60LAK10S?semester=2020/21/2
Betriebswirtschaftliche Entscheidungstheorie,4,Dr. Marieke Pahlke,német,https://www.uni-corvinus.hu/tantargyak/2DS91NDK01B?semester=2020/21/1
Betriebswirtschaftliche Entscheidungstheorie,6,Dr. Marieke Pahlke,magyar,https://www.uni-corvinus.hu/tantargyak/PENZ033NNBB?semester=2025/26/1
Bevezetés a Big Data elemzésbe,3,Dr. Vékás Péter,magyar,https://www.uni-corvinus.hu/tantargyak/4OP13NAV31B?semester=2019/20/2
Bevezetés a coachingba,3,Dr. Takács Sándor,egyéb,https://www.uni-corvinus.hu/tantargyak/2VE81NAK07SM?semester=2020/21/1
Bevezetés a Fenntartható Fejlődési Célok (SDGs) kérdéskörébe,3,Dr. Ásványi Katalin,magyar,https://www.uni-corvinus.hu/tantargyak/FENT033NMBB?semester=2024/25/2
Bevezetés a Gestalt alapú coachingba,3,Dr. Takács Sándor,magyar,https://www.uni-corvinus.hu/tantargyak/VTSM022LMSB?semester=2024/25/2
Bevezetés a humán kommunikáció vizsgálatába 1.,2,Dr. Aczél Petra Katalin,magyar,https://www.uni-corvinus.hu/tantargyak/PHTK_HUMKOM?semester=2019/20/2
Bevezetés a játékelméletbe,3,Bakó Barna,magyar,https://www.uni-corvinus.hu/tantargyak/2LK95LAK48B?semester=2019/20/2
Bevezetés a játékelméletbe,4,Bakó Barna,magyar,https://www.uni-corvinus.hu/tantargyak/KG00015NMBB?semester=2025/26/1
Bevezetés a játékelméletbe (IMP-SPM),2,Dr. Csóka Péter,magyar,https://www.uni-corvinus.hu/tantargyak/2BE52NAV01B?semester=2019/20/2
Bevezetés a jövőkutatásba,3,Dr. Hideg Éva,magyar,https://www.uni-corvinus.hu/tantargyak/7GF20NAV06B?semester=2020/21/2
Bevezetés a környezetgazdaság-tanba és a környezeti menedzsmentbe,9,Marjainé Dr. Szerényi Zsuzsanna,magyar,https://www.uni-corvinus.hu/tantargyak/7GF20NCV32M?semester=2019/20/2
Bevezetés a környezetgazdaság-tanba és a környezeti menedzsmentbe,9,Marjainé Dr. Szerényi Zsuzsanna,magyar,https://www.uni-corvinus.hu/tantargyak/7GF20LCV32M?semester=2019/20/2
Bevezetés a közgazdasági dinamikába,6,Dr. Móczár József,magyar,https://www.uni-corvinus.hu/tantargyak/4MK24NAK10B?semester=2025/26/1
Bevezetés a közgazdasági dinamikába,4,Dr. Major Klára,magyar,https://www.uni-corvinus.hu/tantargyak/4MK24NAK14O?semester=2025/26/1
Bevezetés a közgazdasági játékelméletbe,6,Bakó Barna,magyar,https://www.uni-corvinus.hu/tantargyak/4MI25NAK23B?semester=2019/20/2
Bevezetés a közgazdasági játékelméletbe,6,Bakó Barna,magyar,https://www.uni-corvinus.hu/tantargyak/4MI25NAV25M?semester=2019/20/2
Bevezetés a közgazdasági játékelméletbe,6,Bakó Barna,magyar,https://www.uni-corvinus.hu/tantargyak/KOZNXV4MI22?semester=2019/20/2
Bevezetés a közgazdasági játékelméletbe,5,Mágó Mánuel László,magyar,https://www.uni-corvinus.hu/tantargyak/KG00107NMOB?semester=2024/25/2
Bevezetés a közgazdasági játékelméletbe,5,Mágó Mánuel László,magyar,https://www.uni-corvinus.hu/tantargyak/KG00107NMOB-SPM-EK?semester=2024/25/2
Bevezetés a közgazdaságtanba,6,Dr. Németh Petra,magyar,https://www.uni-corvinus.hu/tantargyak/7VG32NBKG5B?semester=2024/25/2
Bevezetés a közgazdaságtanba,8,Rácz Olivér Miklós,magyar,https://www.uni-corvinus.hu/tantargyak/KG00025NMBB?semester=2025/26/1
Bevezetés a közgazdaságtanba,6,Dr. Németh Petra,magyar,https://www.uni-corvinus.hu/tantargyak/KG00091NMBB?semester=2024/25/2
Bevezetés a közgazdaságtudományba,5,Bakó Barna,angol,https://www.uni-corvinus.hu/tantargyak/PHGI_BEVKOZG?semester=2019/20/2
Bevezetés a közpolitika elemzésbe,magyar,Dr. Letenyei László,magyar,https://www.uni-corvinus.hu/tantargyak/4KO03NAK13B?semester=2019/20/2
Bevezetés a közpolitika elemzésbe,magyar,Szabó-Bakos Eszter,magyar,https://www.uni-corvinus.hu/tantargyak/4KO03NAV03M?semester=2019/20/2
Bevezetés a kulturális antropológiába,6,Dr. Révész Tamás,magyar,https://www.uni-corvinus.hu/tantargyak/7SO30NCKL4B?semester=2022/23/2
Bevezetés a makrogazdasági modellezésbe,5,Szabó-Bakos Eszter,magyar,https://www.uni-corvinus.hu/tantargyak/4MK24NBK09B?semester=2025/26/1
Bevezetés a makrogazdasági modellezésbe,5,Géró Györgyi,magyar,https://www.uni-corvinus.hu/tantargyak/4MK24NAK10O?semester=2025/26/1
Bevezetés a makrogazdasági modellezésbe,5,Dr. Magyarkuti Gyula,magyar,https://www.uni-corvinus.hu/tantargyak/KG00109NMOB?semester=2024/25/2
Bevezetés a mediációba,3,Dr. Magyarkuti Gyula,magyar,https://www.uni-corvinus.hu/tantargyak/7PE20NAVK9M?semester=2019/20/2
Bevezetés a mértékelméletbe,4,Hermann Zoltán,magyar,https://www.uni-corvinus.hu/tantargyak/4MA12NAK52B?semester=2019/20/2
Bevezetés a munkaerőpiacok empírikus elemzésébe,4,Hermann Zoltán,magyar,https://www.uni-corvinus.hu/tantargyak/2LK95LBK01B?semester=2019/20/2
Bevezetés a nemzetközi vállalatgazdaságtanba,3,Ónodi Annamária,magyar,https://www.uni-corvinus.hu/tantargyak/VALL025NMBB?semester=2024/25/2
Bevezetés a numerikus pénzügyekbe,7,Dr. Szabó Dávid Zoltán,magyar,https://www.uni-corvinus.hu/tantargyak/4PU51NAK45M?semester=2025/26/1
Bevezetés a pénzügyi számításokba,3,Dr. Lovas Anita,magyar,https://www.uni-corvinus.hu/tantargyak/2BE52NAK31M?semester=2020/21/1
Bevezetés a Pénzügyi Technológiákba (FinTech),5,Dr. Varga Krisztián,magyar,https://www.uni-corvinus.hu/tantargyak/2SZ31NAK25B?semester=2025/26/1
Bevezetés a politikai gazdaságtanba,6,Venyige Róbert,magyar,https://www.uni-corvinus.hu/tantargyak/4OG33NAK32B?semester=2025/26/1
Bevezetés a politikai gazdaságtanba,3,Dr. Sárvári Balázs,magyar,https://www.uni-corvinus.hu/tantargyak/GKOI012NMBB?semester=2023/24/2
Bevezetés a politikatudományba,3,Dr. Várnagy Réka,magyar,https://www.uni-corvinus.hu/tantargyak/7PO10NDV08B?semester=2022/23/1
Bevezetés a politikatudományba,3,Dr. Várnagy Réka,magyar,https://www.uni-corvinus.hu/tantargyak/7PO10NSZ08B?semester=2019/20/2
Bevezetés a politikatudományba,3,Dr. Várnagy Réka,magyar,https://www.uni-corvinus.hu/tantargyak/NPPT033NMBB?semester=2024/25/1
Bevezetés a politikatudományba,3,Dr. Várnagy Réka,magyar,https://www.uni-corvinus.hu/tantargyak/NPPT035NMBS?semester=2023/24/2
Bevezetés a programozásba,6,Dr. Fodor Szabina Eszter,magyar,https://www.uni-corvinus.hu/tantargyak/ADIN084NMOB?semester=2024/25/1
Bevezetés a sport üzleti működésébe,6,Szabó Ágnes,magyar,https://www.uni-corvinus.hu/tantargyak/VALL026NMBB?semester=2025/26/1
Bevezetés a sportgazdaságtanba,6,Dr. Havran Zsolt,magyar,https://www.uni-corvinus.hu/tantargyak/VGUG031NMBS?semester=2024/25/2
Bevezetés a sportszervezetek empirikus kutatásába,5,Kiss Csaba,magyar,https://www.uni-corvinus.hu/tantargyak/2VL60NAK02SB?semester=2025/26/1
Bevezetés a sportszervezetek empirikus kutatásába,6,Kiss Csaba,magyar,https://www.uni-corvinus.hu/tantargyak/VTSM071NMBS?semester=2024/25/2
Bevezetés a STATA használatába,3,Dr. Tőkés László,magyar,https://www.uni-corvinus.hu/tantargyak/KOZNXV4MK09?semester=2019/20/2
Bevezetés a szociológia történetébe,5,Dr. Bartus Tamás,magyar,https://www.uni-corvinus.hu/tantargyak/7SO30NCKG6B?semester=2025/26/1
Bevezetés a szociológiaelméletbe,6,Dr. Kristóf Luca,magyar,https://www.uni-corvinus.hu/tantargyak/7SO30NCKK7B?semester=2019/20/2
Bevezetés a szociológiaelméletbe,6,Dr. Hadas Miklós,magyar,https://www.uni-corvinus.hu/tantargyak/7SO30NCVK7M?semester=2019/20/2
Bevezetés az E-businessbe,5,Pintér Róbert,magyar,https://www.uni-corvinus.hu/tantargyak/2BE34NDK01B?semester=2025/26/1
Bevezetés az e-sportba,3,Pintér Róbert,magyar,https://www.uni-corvinus.hu/tantargyak/2EB34NAV01B?semester=2020/21/1
Bevezetés az egészségügy közgazdaságtanába,6,Beretzky Zsuzsanna,magyar,https://www.uni-corvinus.hu/tantargyak/4KO03NAK35B?semester=2025/26/1
Bevezetés az ellátási lánc és logisztikai menedzsmentbe,6,Nagy Judit,magyar,https://www.uni-corvinus.hu/tantargyak/VGLE021NMBB?semester=2024/25/2
Bevezetés az ellátási lánc és logisztikai menedzsmentbe,6,Nagy Judit,magyar,https://www.uni-corvinus.hu/tantargyak/VGLE027LMBB ?semester=2023/24/2
Bevezetés az elméleti közgazdaságtanba,8,Németh András Olivér,magyar,https://www.uni-corvinus.hu/tantargyak/KOZG025NMBB?semester=2024/25/1
Bevezetés az empirikus közgazdaságtanba,8,Horn Dániel,magyar,https://www.uni-corvinus.hu/tantargyak/KOZG026NMBB?semester=2024/25/1
Bevezetés az EU-s és a magyar versenyjogba,4,Bara Zoltán,magyar,https://www.uni-corvinus.hu/tantargyak/4OG33NAV14B?semester=2025/26/1
Bevezetés az EU-s és a magyar versenyjogba,4,Bara Zoltán,magyar,https://www.uni-corvinus.hu/tantargyak/4OG33NAV01M?semester=2019/20/2
Bevezetés az ökonometriába,5,Dr. Vincze János,magyar,https://www.uni-corvinus.hu/tantargyak/4MK24NBK07B?semester=2019/20/2
Bevezetés az ökonometriába,5,Dr. Elek Péter,magyar,https://www.uni-corvinus.hu/tantargyak/4MK24NAK06O?semester=2025/26/1
Big data,6,dr. Kő Andrea,magyar,https://www.uni-corvinus.hu/tantargyak/2IR32NAK17M?semester=2019/20/2
Big Data Analysis,6,Dr. Vakhal Péter,magyar,https://www.uni-corvinus.hu/tantargyak/PHG080?semester=2024/25/2
Bizonyosságot nyújtó szolgáltatások,3,Dr. Lukács János,magyar,https://www.uni-corvinus.hu/tantargyak/SZAM029NMMB?semester=2023/24/2
Biztonsági kihívások Közép- és Kelet-Európában,6,dr. Marton Péter,magyar,https://www.uni-corvinus.hu/tantargyak/NPNK005NMMB?semester=2025/26/1
Biztonságpolitika,6,dr. Gálik Zoltán,magyar,https://www.uni-corvinus.hu/tantargyak/7NK40NCK86B?semester=2020/21/1
Biztosítás,3,Professor Emerita Dr. Kovács Erzsébet,magyar,https://www.uni-corvinus.hu/tantargyak/4OP13NAK17B?semester=2019/20/2
Biztosítás,3,Professor Emerita Dr. Kovács Erzsébet,magyar,https://www.uni-corvinus.hu/tantargyak/KOZNX4OP01?semester=2019/20/2
Biztosítás és biztosításpolitika,5,Professor Emerita Dr. Kovács Erzsébet,magyar,https://www.uni-corvinus.hu/tantargyak/4BO11LIV01S?semester=2019/20/2
Biztosítási és pénzügyi jog,2,Dr. Csöndes Mónika,magyar,https://www.uni-corvinus.hu/tantargyak/2BE52NAK17M?semester=2024/25/2
Biztosítási és pénzügyi számítások,6,Dr. Szüle Borbála,magyar,https://www.uni-corvinus.hu/tantargyak/4BO11LD032S?semester=2024/25/1
Biztosítási marketing,2,Professor Emerita Dr. Kovács Erzsébet,magyar,https://www.uni-corvinus.hu/tantargyak/4BO11LT026S?semester=2023/24/2
Biztosítási marketing,2,Dr. Vékás Péter,magyar,https://www.uni-corvinus.hu/tantargyak/MSOA034LMSB?semester=2023/24/2
Biztosítási modellek a közgazdaságtanban,5,Dr. Banyár József,magyar,https://www.uni-corvinus.hu/tantargyak/4OP13NAK21M?semester=2024/25/1
Biztosítási számvitel,3,Dr. Lakatos László Péter,magyar,https://www.uni-corvinus.hu/tantargyak/4BO11NIK15M?semester=2023/24/1
Biztosítási szerződések pénzügyi elemzése,5,Ágoston Kolos Csaba,magyar,https://www.uni-corvinus.hu/tantargyak/4OP13NAK25M?semester=2024/25/1
Biztosítástan,2,Dr. Banyár József,magyar,https://www.uni-corvinus.hu/tantargyak/4BO11NIK01M?semester=2023/24/1
Biztosítástan,magyar,Dr. Zsolnai László,magyar,https://www.uni-corvinus.hu/tantargyak/mm4n1bt1?semester=2020/21/1
Boldogság és gazdaság,6,Dr. Zsolnai László,magyar,https://www.uni-corvinus.hu/tantargyak/PSGK004NMBB?semester=2025/26/1
Borkommunikáció,3,Kovács Lajos,magyar,https://www.uni-corvinus.hu/tantargyak/7PE20NAVL2M?semester=2021/22/1
Borpiaci stratégiák,3,Dr. Balogh Jeremiás Máté,magyar,https://www.uni-corvinus.hu/tantargyak/2SP72NCV04B?semester=2024/25/2
Brand Management,6,Dr. Kolos Krisztina Ágnes,magyar,https://www.uni-corvinus.hu/tantargyak/293NMARV557B?semester=2025/26/1
Brand Strategy and Management in the Digital Era,6,Walter György,magyar,https://www.uni-corvinus.hu/tantargyak/2SM95NAK52M?semester=2025/26/1
Branding & Self branding,3,Dr. Veszelszki Ágnes,angol,https://www.uni-corvinus.hu/tantargyak/7PE20NDVJ9B?semester=2020/21/1
Brief coaching,3,Toarniczky Andrea,magyar,https://www.uni-corvinus.hu/tantargyak/VTSM020LMSB?semester=2024/25/2
British civilization,3,dr. Gálik Zoltán,magyar,https://www.uni-corvinus.hu/tantargyak/7PO10NCV99B?semester=2023/24/2
Budapest ? Explorations of the Urban Space,6,Dr. Salamin Géza,magyar,https://www.uni-corvinus.hu/tantargyak/293NARTV305B?semester=2024/25/2
Budapest and East Central European Urbanisation,3,Dr. Salamin Géza,angol,https://www.uni-corvinus.hu/tantargyak/7GF20NAV09B?semester=2019/20/2
Budapest és nagyvárosok földrajza és fejlődése,3,dr. Kocsis János Balázs,magyar,https://www.uni-corvinus.hu/tantargyak/7GF20NAK25M?semester=2022/23/2
Budapest és nagyvárosok földrajza és fejlődése,3,dr. Kocsis János Balázs,magyar,https://www.uni-corvinus.hu/tantargyak/7GF20LSZ25M?semester=2019/20/2
Budapest in the Twentieth Century: Historical Layers and Cultural Practices,6,dr. Kocsis János Balázs,magyar,https://www.uni-corvinus.hu/tantargyak/293NARTV301B?semester=2024/25/2
Buddy interview,magyar,Toarniczky Andrea,magyar,https://www.uni-corvinus.hu/tantargyak/2SM95LBK02S?semester=2020/21/1
Business and Human Rights,6,dr. Hoffmann Tamás,magyar,https://www.uni-corvinus.hu/tantargyak/GLOB063NAMB?semester=2025/26/1
Business and Innovation in Practice,6,Dr. Nagy Sándor Gyula,angol,https://www.uni-corvinus.hu/tantargyak/7VG32NBVH2B?semester=2025/26/1
Business and International Business Law,6,Dr. Nemessányi Zoltán,magyar,https://www.uni-corvinus.hu/tantargyak/293NLAWK463B?semester=2019/20/2
Business and professional Communication,6,Ward Jr. Stanley Allen,magyar,https://www.uni-corvinus.hu/tantargyak/PSPE041NABB?semester=2024/25/2
Business and research project on management and group dynamic,8,Dr. Szilas Roland Ferenc,angol,https://www.uni-corvinus.hu/tantargyak/VEZ0028NAMB?semester=2025/26/1
Business Communication,3,Dr. Habil Bokor Tamás,magyar,https://www.uni-corvinus.hu/tantargyak/7PE20NGKL3B?semester=2024/25/2
Business Communication and Strategy,6,Dr. Habil Horváth Dóra,magyar,https://www.uni-corvinus.hu/tantargyak/293NBUSK660M?semester=2025/26/1
Business Communication skill seminar,1,Ward Jr. Stanley Allen,angol,https://www.uni-corvinus.hu/tantargyak/293NBUSCOMM?semester=2020/21/1
Business Decision Analytics,6,Ábele-Nagy Kristóf,magyar,https://www.uni-corvinus.hu/tantargyak/MSOA007NABB?semester=2025/26/1
Business Economics,6,Dr. Kajos Attila,angol,https://www.uni-corvinus.hu/tantargyak/293NBUSK276B?semester=2020/21/1
Business Economics,5,Dr. Stocker Miklós György,angol,https://www.uni-corvinus.hu/tantargyak/2VL60NBK08B?semester=2019/20/2
Business economics,4,Dr. Kajos Attila,magyar,https://www.uni-corvinus.hu/tantargyak/VGUG014NABB?semester=2025/26/1
Business Economics seminar,3,Dr. Kajos Attila,angol,https://www.uni-corvinus.hu/tantargyak/2VL60NAV01B?semester=2019/20/2
Business Enterprise – Start-Ups,6,dr. Kállay László Tibor,magyar,https://www.uni-corvinus.hu/tantargyak/VF00066NABB?semester=2025/26/1
Business Enterprise: Start-Ups,6,dr. Kállay László Tibor,magyar,https://www.uni-corvinus.hu/tantargyak/293NBUSV401B?semester=2024/25/2
Business Enterprise: Start-Ups,6,Gittins Timothy Benjamin,magyar,https://www.uni-corvinus.hu/tantargyak/VF00136NABB?semester=2024/25/2
Business Environment Analysis,6,Dr. Rosta Miklós,magyar,https://www.uni-corvinus.hu/tantargyak/KOZNXV4OG29?semester=2025/26/1
Business Essentials,6,Dr. Stocker Miklós György,magyar,https://www.uni-corvinus.hu/tantargyak/VGUG082NABB?semester=2025/26/1
Business Essentials (prep),magyar,Dr. Kajos Attila,magyar,https://www.uni-corvinus.hu/tantargyak/VGUG019NAMB?semester=2025/26/1
Business Ethics,6,Dr. Kovács Gábor László,magyar,https://www.uni-corvinus.hu/tantargyak/293NBUSV498B?semester=2025/26/1
Business Ethics,3,Dr. Zsolnai László,magyar,https://www.uni-corvinus.hu/tantargyak/PSGK012NAMB?semester=2024/25/2
Business Ethics,6,Dr. Kovács Gábor László,magyar,https://www.uni-corvinus.hu/tantargyak/PSGK013NABB?semester=2025/26/1
Business ethics and sustainability,6,Dr. Zsolnai László,angol,https://www.uni-corvinus.hu/tantargyak/PHCDI006?semester=2024/25/2
Business Financing,5,Dr. Csubák Tibor Krisztián,magyar,https://www.uni-corvinus.hu/tantargyak/2SA53NDK09B?semester=2019/20/2
Business Futures Studies,magyar,Dr. Mészáros Ádám,angol,https://www.uni-corvinus.hu/tantargyak/FUTST_VTJOV?semester=2025/26/1
Business Games,4,dr. Kő Andrea,magyar,https://www.uni-corvinus.hu/tantargyak/2SZ74NDV11B?semester=2019/20/2
Business Intelligence,6,dr. Kő Andrea,magyar,https://www.uni-corvinus.hu/tantargyak/293NCOMK535B?semester=2025/26/1
Business Intelligence,6,dr. Kő Andrea,magyar,https://www.uni-corvinus.hu/tantargyak/293NBISK605M?semester=2025/26/1
Business Intelligence,6,dr. Kő Andrea,magyar,https://www.uni-corvinus.hu/tantargyak/INIR061NAMB?semester=2024/25/2
Business Intelligence,5,dr. Kő Andrea,magyar,https://www.uni-corvinus.hu/tantargyak/INIR084NAMB?semester=2024/25/2
Business Intelligence,6,Dr. Metzinger Péter,magyar,https://www.uni-corvinus.hu/tantargyak/ADIN045NAMB?semester=2025/26/1
Business Law,3,Dr. Metzinger Péter,magyar,https://www.uni-corvinus.hu/tantargyak/2SM95NAK47M?semester=2025/26/1
Business Law,3,Dr. Harmat Vanda Daniella,magyar,https://www.uni-corvinus.hu/tantargyak/PSGJ013NABB?semester=2024/25/2
Business Marketing,magyar,Dr. Habil Gáti Mirkó György,magyar,https://www.uni-corvinus.hu/tantargyak/KM/SPOMdb/BMR/17 ?semester=2025/26/1
Business Marketing (B2B),3,Dr. Habil Gáti Mirkó György,magyar,https://www.uni-corvinus.hu/tantargyak/2MF44NDK05B?semester=2025/26/1
Business Marketing (B2B),3,Vetőné Mózner Zsófia,magyar,https://www.uni-corvinus.hu/tantargyak/2LK95LAK60B?semester=2024/25/2
Business models for a circular economy,6,Dr. Habil Bokor Tamás,magyar,https://www.uni-corvinus.hu/tantargyak/FENT100NABB?semester=2025/26/1
Business Negotiation,3,Veress József,magyar,https://www.uni-corvinus.hu/tantargyak/7PE20NGKE7B?semester=2024/25/2
"Business opportunities ? How we got here and where should we go? (Narrative changes in business, technology, and politics)",6,Dr. Molnár Endre Mihály,magyar,https://www.uni-corvinus.hu/tantargyak/INIR083NABB?semester=2024/25/2
Business Planning,6,Sebrek Szabolcs,magyar,https://www.uni-corvinus.hu/tantargyak/VF00134NABB?semester=2025/26/1
Business Policy and Strategy,6,Dr. Őri Dóra,magyar,https://www.uni-corvinus.hu/tantargyak/293NBUSS439B?semester=2025/26/1
Business Process Management,6,Fülöp Zoltán,magyar,https://www.uni-corvinus.hu/tantargyak/ADIN173NABB?semester=2025/26/1
Business Project (Practice/Action Learning),6,Dr. Fehér Péter,magyar,https://www.uni-corvinus.hu/tantargyak/2SM95LAK59M?semester=2025/26/1
Business Project (Practice/Action Learning),6,Dr. Szűcs Balázs Árpád,magyar,https://www.uni-corvinus.hu/tantargyak/PSBV100LAMB?semester=2025/26/1
Business Project #2,6,Kozma Miklós Attila,magyar,https://www.uni-corvinus.hu/tantargyak/VGUG063NAMB?semester=2024/25/2
Business Project #4,9,Kozma Miklós Attila,magyar,https://www.uni-corvinus.hu/tantargyak/VGUG065NAMB?semester=2024/25/2
Business Protocol and Negotiating Skills,magyar,Dr. Komár Zita,magyar,https://www.uni-corvinus.hu/tantargyak/293NPOLV302B?semester=2025/26/1
Business Protocol and Negotiating Skills,6,Dr. Komár Zita,magyar,https://www.uni-corvinus.hu/tantargyak/VF00065NABB?semester=2025/26/1
Business Protocol and Negotiation Skills,6,Dr. Faludi Julianna,magyar,https://www.uni-corvinus.hu/tantargyak/293NPOLK302B?semester=2024/25/2
Business Strategies in CEE,6,Dr. Stocker Miklós György,angol,https://www.uni-corvinus.hu/tantargyak/4VG32DDG01M?semester=2019/20/2
Business Strategy and Decision Making,6,Szukits Ágnes,magyar,https://www.uni-corvinus.hu/tantargyak/VGUG066NAMB?semester=2024/25/2
Business Valuation,6,Chan Joy,magyar,https://www.uni-corvinus.hu/tantargyak/293NBUSV627M?semester=2025/26/1
Business-Government Relations,4,Bod Péter Ákos,magyar,https://www.uni-corvinus.hu/tantargyak/2SM95LBK08D?semester=2020/21/1
Calculus,4,Dr. Magyarkuti Gyula,angol,https://www.uni-corvinus.hu/tantargyak/4MA12NAK57B?semester=2019/20/2
Capitalism and development in Central and Eastern Europe,6,Dr. Medve-Bálint Gergő,magyar,https://www.uni-corvinus.hu/tantargyak/GKOI011NAMB?semester=2025/26/1
Case Solving Method Workshop,magyar,Ábrahám Zsolt,angol,https://www.uni-corvinus.hu/tantargyak/2SM95LBK58S?semester=2020/21/1
Case Studies in Public Communication,3,Dr. Székely László Levente,magyar,https://www.uni-corvinus.hu/tantargyak/7PE20NXKI8M?semester=2019/20/2
Case Study Methods,6,Bartha Attila,magyar,https://www.uni-corvinus.hu/tantargyak/PHNKP037?semester=2024/25/2
Cases in Corporate Finance,7,Dr. Naffa Helena,magyar,https://www.uni-corvinus.hu/tantargyak/PSBV115NAMB?semester=2025/26/1
Cases of the International Scenario,5,Dr. Havril Ágnes Katalin,angol,https://www.uni-corvinus.hu/tantargyak/7PE20NAKJ5M?semester=2019/20/2
Cases on Business Economics,3,Dr. Stocker Miklós György,magyar,https://www.uni-corvinus.hu/tantargyak/2VL60NCV01B?semester=2019/20/2
Cases on Business-IT Management,5,Dr. Fehér Péter,magyar,https://www.uni-corvinus.hu/tantargyak/2IR32NAV02B?semester=2019/20/2
Cases on International Business Strategy,3,Dr. Stocker Miklós György,angol,https://www.uni-corvinus.hu/tantargyak/2VL60NCV02B?semester=2019/20/2
Cases on International Business Strategy,3,Dr. Stocker Miklós György,magyar,https://www.uni-corvinus.hu/tantargyak/VGUG018NABB?semester=2024/25/2
Causal Data Analysis,6,Telegdy Álmos Márton,magyar,https://www.uni-corvinus.hu/tantargyak/MN00014NAMB?semester=2025/26/1
Causal Data Analysis,7,Telegdy Álmos Márton,magyar,https://www.uni-corvinus.hu/tantargyak/KG00137NAMB?semester=2022/23/2
Causal Data Analysis,6,Telegdy Álmos Márton,magyar,https://www.uni-corvinus.hu/tantargyak/PHKGI049?semester=2025/26/1
Causal Inference,6,Horn Dániel,magyar,https://www.uni-corvinus.hu/tantargyak/KOZG118NAMB?semester=2025/26/1
Causality Analysis in Finance,6,Huszár Zsuzsa Réka,magyar,https://www.uni-corvinus.hu/tantargyak/PSBV105NAMB?semester=2025/26/1
Causality Analysis in Finance,6,Huszár Zsuzsa Réka,magyar,https://www.uni-corvinus.hu/tantargyak/PENZ042NAMB?semester=2025/26/1
CEMS Block Seminar,3,Dr. Varga Krisztián,magyar,https://www.uni-corvinus.hu/tantargyak/BLOSE_VTCMS?semester=2025/26/2
CEMS Business Project,15,Dr. Móricz Péter,magyar,https://www.uni-corvinus.hu/tantargyak/BUSPR_VTCMS?semester=2025/26/1
CEMS Subjects Studied Abroad,6,Dr. Szántó Richárd,magyar,https://www.uni-corvinus.hu/tantargyak/VGDE030NAMB?semester=2024/25/2
Central and Eastern Europe from a Global Perspective,6,Kollai István,magyar,https://www.uni-corvinus.hu/tantargyak/7VG32NAK29M?semester=2025/26/1
Central Asian Studies,angol,Dr. Bradean-Ebinger Nelu,angol,https://www.uni-corvinus.hu/tantargyak/7NK40NDDL2M?semester=2020/21/1
Central European Civilization Studies,6,Dr. Bradean-Ebinger Nelu,angol,https://www.uni-corvinus.hu/tantargyak/PHN_CENTEU?semester=2019/20/2
Central European Civilization Studies,3,Dr. Csedő Zoltán,magyar,https://www.uni-corvinus.hu/tantargyak/7NK40NGVB9B?semester=2020/21/1
Changing Environments in Business and Globalization,6,Isaisas Rivera,angol,https://www.uni-corvinus.hu/tantargyak/293NECOV732M?semester=2020/21/1
Changing Macroeconomic Environment for Asian and European Corporations,magyar,Dr. Habil Agárdi Irma,magyar,https://www.uni-corvinus.hu/tantargyak/KOZNXV4VI36?semester=2025/26/1
Channel Design,6,Dr. Habil Agárdi Irma,magyar,https://www.uni-corvinus.hu/tantargyak/MARK026NAMB?semester=2025/26/1
Channel Design,6,Dr. Matura Tamás Attila,magyar,https://www.uni-corvinus.hu/tantargyak/MARK084NAMB?semester=2025/26/1
China Studies,3,Dr. Dósa Kata,magyar,https://www.uni-corvinus.hu/tantargyak/7NK40NFVG7B?semester=2024/25/2
Choir 2,3,Jenei György,magyar,https://www.uni-corvinus.hu/tantargyak/OMMK036NABB?semester=2024/25/2
Civil Society and Organizations in Transition,6,Túry Krisztina Anna,magyar,https://www.uni-corvinus.hu/tantargyak/KOZNXV4KZ35?semester=2025/26/1
Civil társadalom és civil szervezetek menedzsmentje,6,Kovács Éva Margit,magyar,https://www.uni-corvinus.hu/tantargyak/4KO03NBK93M?semester=2021/22/1
Civil társadalom és közösségi cselekvés,6,dr. Vékony Dániel,magyar,https://www.uni-corvinus.hu/tantargyak/GKKK046NMBB?semester=2024/25/2
Classic and Modern Sociological Theories,9,Dr. Kristóf Luca,magyar,https://www.uni-corvinus.hu/tantargyak/7SO30NDVS7B?semester=2025/26/1
Classic and Modern Sociological Theories,magyar,Dr. Pásztor Adél,magyar,https://www.uni-corvinus.hu/tantargyak/TARS067NAMB?semester=2025/26/1
Climate and environmental policies in practice,6,Dr. Széchy Anna Zsófia,magyar,https://www.uni-corvinus.hu/tantargyak/NPGG005NAPB?semester=2024/25/2
Climate Change and Sustainable Development,6,Prof. Dr. Zsóka Ágnes,magyar,https://www.uni-corvinus.hu/tantargyak/KOZNXV4VI94?semester=2025/26/1
Climate ethics,6,Brown Eric John,magyar,https://www.uni-corvinus.hu/tantargyak/TARS119NABB?semester=2024/25/2
Coaching and Philosophy,3,Dr. Kiss Olga,magyar,https://www.uni-corvinus.hu/tantargyak/7PO10NFVF1M?semester=2024/25/2
Coaching methods,5,Dr. Dunavölgyi Mária,magyar,https://www.uni-corvinus.hu/tantargyak/VEZ0008LASB?semester=2024/25/2
Coaching methods II.,5,Toarniczky Andrea,magyar,https://www.uni-corvinus.hu/tantargyak/VTSM116LASB?semester=2025/26/1
Cognitive Variations,6,Dr. Demeter Tamás,angol,https://www.uni-corvinus.hu/tantargyak/TARS042NABB?semester=2025/26/1
CommTalk,3,Dr. Habil Bokor Tamás,angol,https://www.uni-corvinus.hu/tantargyak/7PE20NDVL2B?semester=2020/21/1
Communicating in an International Environment,1,Dr. Habil Bokor Tamás,magyar,https://www.uni-corvinus.hu/tantargyak/MARK008NAMB?semester=2024/25/2
Communication and Cognition,6,Dr. Benczes Réka Ágnes,angol,https://www.uni-corvinus.hu/tantargyak/7PE20NGKK4B?semester=2020/21/1
Communication Disorders,3,Pelle Veronika,angol,https://www.uni-corvinus.hu/tantargyak/7PE20NCKD2B?semester=2019/20/2
Communication for Business Success,6,Rétvári Márton Gergely,magyar,https://www.uni-corvinus.hu/tantargyak/MARK095NABB?semester=2025/26/1
Communication Theories,3,Dr. Nagy-Béni Alexandra,angol,https://www.uni-corvinus.hu/tantargyak/7PE20NXKI4M?semester=2019/20/2
Communication Workshop,3,Dr. Berta-Deli Eszter,magyar,https://www.uni-corvinus.hu/tantargyak/7PE20NAK45B?semester=2024/25/2
"Communication, Living, Art",3,Dr. Kárpáti Andrea Katalin,magyar,https://www.uni-corvinus.hu/tantargyak/7PE20NAVM2M?semester=2019/20/2
Communism in East-Central Europe,6,Zoltán Dujisin,magyar,https://www.uni-corvinus.hu/tantargyak/293NHISV368B?semester=2024/25/2
Company Valuation and Value Creation,6,Chan Joy,magyar,https://www.uni-corvinus.hu/tantargyak/293NBUSV600M?semester=2025/26/1
Comparative Administrative Law,6,Dr. Gajduschek György,angol,https://www.uni-corvinus.hu/tantargyak/4KO03NBK50M?semester=2020/21/2
Comparative Administrative Law,3,Dr. Gajduschek György,magyar,https://www.uni-corvinus.hu/tantargyak/TARS015NAMB?semester=2025/26/1
Comparative Administrative Law,3,Dr. Gajduschek György,magyar,https://www.uni-corvinus.hu/tantargyak/TARS106NAMB?semester=2025/26/1
Comparative and Institutional Economics,6,Golovics József,angol,https://www.uni-corvinus.hu/tantargyak/4OG33NAK55M?semester=2020/21/1
Comparative Cross-Cultural Management,6,Yousef Katul,magyar,https://www.uni-corvinus.hu/tantargyak/293NMANV686M?semester=2025/26/1
Comparative Economic Development,6,Dr. Benczes István Zsolt,magyar,https://www.uni-corvinus.hu/tantargyak/PHNKP070?semester=2024/25/2
Comparative Economic Policy,6,Németh András Olivér,angol,https://www.uni-corvinus.hu/tantargyak/KOZNXV4GP02?semester=2019/20/2
Comparative Economic Policy,6,Németh András Olivér,magyar,https://www.uni-corvinus.hu/tantargyak/2SM95NAK31M?semester=2025/26/1
Comparative Economic Policy,4,Bod Péter Ákos,magyar,https://www.uni-corvinus.hu/tantargyak/2SM95LBK01D?semester=2020/21/1
Comparative Economics,3,Golovics József,angol,https://www.uni-corvinus.hu/tantargyak/4OG33NAV18B?semester=2020/21/1
Comparative Economics,6,Golovics József,magyar,https://www.uni-corvinus.hu/tantargyak/KOZNXV4OG04?semester=2025/26/1
Comparative Economics,6,Golovics József,magyar,https://www.uni-corvinus.hu/tantargyak/GKOI003NABB?semester=2025/26/1
Comparative Foreign Policy,6,dr. Marton Péter,angol,https://www.uni-corvinus.hu/tantargyak/7NK40NDKE7M?semester=2019/20/2
Comparative Foreign Policy,6,dr. Marton Péter,angol,https://www.uni-corvinus.hu/tantargyak/7NK40NDKI6M?semester=2021/22/1
Comparative Foreign Policy,6,dr. Marton Péter,magyar,https://www.uni-corvinus.hu/tantargyak/GLOB066NAMB?semester=2025/26/1
Comparative Foreign Policy,6,dr. Marton Péter,magyar,https://www.uni-corvinus.hu/tantargyak/GLOB078NAMB?semester=2025/26/1
Comparative Local Government Systems,6,Hajnal György,angol,https://www.uni-corvinus.hu/tantargyak/KOZNXV4OG07?semester=2019/20/2
Comparative Political Economy,6,Dr. Gedeon Péter,angol,https://www.uni-corvinus.hu/tantargyak/293NECOS533M?semester=2019/20/2
Comparative Political Economy,6,Katona Márton Tamás,angol,https://www.uni-corvinus.hu/tantargyak/4OG33NAV26B?semester=2019/20/2
Comparative Political Economy,6,Katona Márton Tamás,magyar,https://www.uni-corvinus.hu/tantargyak/GKOI006NABB?semester=2025/26/1
Comparative Politics of Postsocialist Transition,6,Kollai István,magyar,https://www.uni-corvinus.hu/tantargyak/PHN_COMPPOLPOSTSOCTRANS?semester=2020/21/1
Comparative Politics of Postsocialist Transition  (Central East Europe module),3,Dr. Gedeon Péter,angol,https://www.uni-corvinus.hu/tantargyak/PHN_COMPPOL?semester=2019/20/2
Comparative Public Administration,6,Ugrósdy Márton,angol,https://www.uni-corvinus.hu/tantargyak/4KO03NBK10M?semester=2020/21/1
Comparative Studies of Asian Emerging Markets,6,Dr. Székely-Doby András,magyar,https://www.uni-corvinus.hu/tantargyak/4OG33NAK44M?semester=2025/26/1
Comparative World Economic Theories,6,Prof. Magas István,angol,https://www.uni-corvinus.hu/tantargyak/PHN_COMWOR?semester=2019/20/2
Comparison in Political Economy,6,Kálmán Judit Olga,magyar,https://www.uni-corvinus.hu/tantargyak/TARS044NABB?semester=2025/26/1
Competitiveness of Firms and Nations,magyar,Dr. Buzády Zoltán András,magyar,https://www.uni-corvinus.hu/tantargyak/4VG32DDG04M?semester=2025/26/1
Complex decision making in business,6,Dr. Gelei Andrea,magyar,https://www.uni-corvinus.hu/tantargyak/OPDO032NAMB?semester=2025/26/1
Comprehensive exam: Labour Studies,6,Kovács László,magyar,https://www.uni-corvinus.hu/tantargyak/4GP02NAK21M?semester=2020/21/1
Computational Statistics,3,Dr. Gulyás Éva,magyar,https://www.uni-corvinus.hu/tantargyak/ADIN153NAMB?semester=2025/26/1
Computer aided accounting and auditing,4,Dr. Juhász Péter,angol,https://www.uni-corvinus.hu/tantargyak/SZAM069NAMB?semester=2024/25/2
Computer Aided Problem Solving,6,Dr. Hegedűs Rita,angol,https://www.uni-corvinus.hu/tantargyak/293NFINK501M?semester=2021/22/1
Computer Labs I.,6,Dr. Hegedűs Rita,angol,https://www.uni-corvinus.hu/tantargyak/7SO30NCKD4B?semester=2019/20/2
Computer Labs II.,6,Dr. Vicsek Lilla Mária,magyar,https://www.uni-corvinus.hu/tantargyak/7SO30NCKD7B?semester=2019/20/2
Computer-assisted Qualitative Methods,6,Dr. Fodor Szabina Eszter,angol,https://www.uni-corvinus.hu/tantargyak/7SO30NCKP1M?semester=2025/26/1
Computing,6,Dr. Fodor Szabina Eszter,magyar,https://www.uni-corvinus.hu/tantargyak/293NCOMK220B?semester=2019/20/2
Computing,3,Dr. Szántay Antal Péter,angol,https://www.uni-corvinus.hu/tantargyak/293NCOMK222B?semester=2025/26/1
Connecting Democracy and Capitalism in Western Europe,6,Dr. Matthew Edward Bergman,magyar,https://www.uni-corvinus.hu/tantargyak/TARS120NABB?semester=2024/25/2
Connecting to Market,5,Dr. Bauer András,angol,https://www.uni-corvinus.hu/tantargyak/2SM95LEK01D?semester=2019/20/2
Consumer Behavior,magyar,Dr. Török Anna,magyar,https://www.uni-corvinus.hu/tantargyak/293NMARV524B?semester=2025/26/1
Consumer Behavior,6,Dr. Török Anna,magyar,https://www.uni-corvinus.hu/tantargyak/MARK013NAMB?semester=2025/26/1
Consumer Behavior,6,Dr. Jackson Kevin Michael,magyar,https://www.uni-corvinus.hu/tantargyak/MARK075NAMB?semester=2025/26/1
Consumer Behavior: Millenials and Generation Z,6,Dr. Nagy Sándor Gyula,magyar,https://www.uni-corvinus.hu/tantargyak/293NMARV526B?semester=2024/25/2
Contemporary Challenges of the European Union,6,dr. Vékony Dániel,magyar,https://www.uni-corvinus.hu/tantargyak/7VG32NBKF8M?semester=2025/26/1
Contemporary Crises and Conflicts,6,Dr. Kristóf Luca,magyar,https://www.uni-corvinus.hu/tantargyak/GLOB062NAMB?semester=2024/25/2
Contemporary Culture and Society of Hungary within European Context – An Introduction,6,Dr. Morgado Nuno,angol,https://www.uni-corvinus.hu/tantargyak/KOZNXV4KZ73?semester=2025/26/1
Contemporary Hungarian Politics,6,Dr. Balázs Zoltán,angol,https://www.uni-corvinus.hu/tantargyak/7PO10NGV56M?semester=2020/21/1
Contemporary Issues in International Relations,3,Dr. Matura Tamás Attila,angol,https://www.uni-corvinus.hu/tantargyak/7NK40NBKF5M?semester=2020/21/1
Contemporary issues of Geopolitics and regional development in the world,3,Dr. Morgado Nuno,magyar,https://www.uni-corvinus.hu/tantargyak/7GF20NAK99M?semester=2024/25/2
Contemporary Issues Related to Business and Management,3,Vaszkun Balázs György,magyar,https://www.uni-corvinus.hu/tantargyak/VF00070NABB?semester=2024/25/2
"Contemporary Literature, Film, Visual Arts in Hungary",magyar,dr. Szűcs Anita,magyar,https://www.uni-corvinus.hu/tantargyak/293NARTV300B?semester=2025/26/1
Contemporary Models in International Relations Theory,6,dr. Szűcs Anita,magyar,https://www.uni-corvinus.hu/tantargyak/GLOB042NAMB?semester=2025/26/1
Contemporary Models in International Relations Theory,6,Prof.Dr. Mezei Balázs Mihály,magyar,https://www.uni-corvinus.hu/tantargyak/GLOB080NAMB?semester=2025/26/1
Contemporary Political and Moral philosophy,6,Dr. Gyulai Attila,magyar,https://www.uni-corvinus.hu/tantargyak/TARS045NABB?semester=2025/26/1
Contemporary Political Theory,6,Dr. Csordás Tamás Viktor,magyar,https://www.uni-corvinus.hu/tantargyak/PHNKP072?semester=2024/25/2
Controlled Society,3,Dr. Komár Zita,magyar,https://www.uni-corvinus.hu/tantargyak/7PE20NCKC5B?semester=2019/20/2
Controlling,4,Dr. Tirnitz Tamás József,magyar,https://www.uni-corvinus.hu/tantargyak/2VE81LAV15S?semester=2020/21/1
Controlling a nonprofit szervezetekben,3,Dr. Révész Éva Erika,magyar,https://www.uni-corvinus.hu/tantargyak/VEZ0082NMMB?semester=2024/25/2
Controlling az üzleti szervezetekben,3,Reizingerné Dr. Ducsai Anita,magyar,https://www.uni-corvinus.hu/tantargyak/SZAM051NMMB?semester=2023/24/2
Controlling az üzleti szervezetekben,3,Reizingerné Dr. Ducsai Anita,magyar,https://www.uni-corvinus.hu/tantargyak/SZAM077NMMB?semester=2024/25/2
Controlling és teljesítménymenedzsment nem üzleti szervezetekben,5,Dr. Révész Éva Erika,magyar,https://www.uni-corvinus.hu/tantargyak/2VE81NDK07M?semester=2025/26/1
Controlling és teljesítménymenedzsment nem üzleti szervezetekben,5,Bodnár Viktória,magyar,https://www.uni-corvinus.hu/tantargyak/2VE81NDK10M?semester=2020/21/1
Controlling és teljesítménymenedzsment nem üzleti szervezetekben,6,Dr. Révész Éva Erika,magyar,https://www.uni-corvinus.hu/tantargyak/2VE81LAK04M?semester=2020/21/1
Controlling és teljesítménymenedzsment nem üzleti szervezetekben,5,Dr. Révész Éva Erika,egyéb,https://www.uni-corvinus.hu/tantargyak/2VE81NDK10SM?semester=2020/21/1
Controlling és teljesítménymenedzsment nem üzleti szervezetekben,6,Dr. Révész Éva Erika,magyar,https://www.uni-corvinus.hu/tantargyak/VTVK056NMMB?semester=2025/26/1
Cooperative Games and Decisions,6,Dr. Solymosi István Tamás,magyar,https://www.uni-corvinus.hu/tantargyak/KOZNXOPKU01?semester=2025/26/1
Coproduction in Public Services,6,Dr. Rosta Miklós,magyar,https://www.uni-corvinus.hu/tantargyak/GKOI007NABB?semester=2025/26/1
Corporate and social reporting,3,Dr. Lakatos László Péter,magyar,https://www.uni-corvinus.hu/tantargyak/SZAM064NAMB?semester=2024/25/2
Corporate Environmental Management,4,Prof. Dr. Zsóka Ágnes,angol,https://www.uni-corvinus.hu/tantargyak/2KG23NDK06B?semester=2019/20/2
Corporate Environmental Management,6,Dr. Széchy Anna Zsófia,magyar,https://www.uni-corvinus.hu/tantargyak/7GF20NAK69M?semester=2024/25/2
Corporate Environmental Management,4,Prof. Dr. Zsóka Ágnes,magyar,https://www.uni-corvinus.hu/tantargyak/2KG23NDK06SB?semester=2025/26/1
Corporate Finance,6,Dr. Felföldi-Szűcs Nóra Ágota,magyar,https://www.uni-corvinus.hu/tantargyak/293NFINK351B?semester=2024/25/2
Corporate Finance,5,Dr. Váradi Kata,angol,https://www.uni-corvinus.hu/tantargyak/2BE52NBK01B?semester=2020/21/1
Corporate Finance,6,Dr. Váradi Kata,angol,https://www.uni-corvinus.hu/tantargyak/2SM95NAK22M?semester=2020/21/2
Corporate Finance,6,Dr. Felföldi-Szűcs Nóra Ágota,magyar,https://www.uni-corvinus.hu/tantargyak/2BE52NAK10B?semester=2025/26/1
Corporate Finance,6,Dr. Váradi Kata,magyar,https://www.uni-corvinus.hu/tantargyak/293NFINK157B?semester=2025/26/1
Corporate Finance,6,Dr. Felföldi-Szűcs Nóra Ágota,magyar,https://www.uni-corvinus.hu/tantargyak/PSBV026NABB?semester=2025/26/1
Corporate Finance,6,Dr. Felföldi-Szűcs Nóra Ágota,magyar,https://www.uni-corvinus.hu/tantargyak/PENZ031NABB?semester=2024/25/2
Corporate Finance I.,6,Dr. Juhász Péter,magyar,https://www.uni-corvinus.hu/tantargyak/PHG_VALLALATIP?semester=2022/23/1
Corporate Finance II. (Financing Policy),6,Dr. Felföldi-Szűcs Nóra Ágota,magyar,https://www.uni-corvinus.hu/tantargyak/293NFINS451B?semester=2024/25/2
Corporate Finance in a Global Economy: Challenges and Opportunities,6,Hadházyné dr. Burucs Magdolna Judit,magyar,https://www.uni-corvinus.hu/tantargyak/7VG32NBKF9M?semester=2025/26/1
Corporate Governance,angol,Reizingerné Dr. Ducsai Anita,magyar,https://www.uni-corvinus.hu/tantargyak/CORGO_VTVLG?semester=2019/20/2
Corporate Planning and Reporting,6,Dr. Harangozó Gábor,angol,https://www.uni-corvinus.hu/tantargyak/VTVK060NAMB?semester=2025/26/1
Corporate Social Responsibility,3,Dr. Ásványi Katalin,magyar,https://www.uni-corvinus.hu/tantargyak/2KG23NDV01B?semester=2019/20/2
Corporate Social Responsibility,6,Dr. Ásványi Katalin,magyar,https://www.uni-corvinus.hu/tantargyak/VGDE035NABB?semester=2025/26/1
Corporate Sustainability and CSR,6,Dr. Ásványi Katalin,magyar,https://www.uni-corvinus.hu/tantargyak/CSCSR_VTKGT?semester=2025/26/1
Corporate Sustainability and Green Management,6,Dr. Márton András,magyar,https://www.uni-corvinus.hu/tantargyak/FENT035NAMB?semester=2025/26/1
"Corruption, Governance and Political Institutions",6,Molnár Gábor Tamás,magyar,https://www.uni-corvinus.hu/tantargyak/TARS165NAMB?semester=2025/26/1
Cost-Benefit Analysis,6,Csengődi Sándor,magyar,https://www.uni-corvinus.hu/tantargyak/KOZNXV4KZ37?semester=2021/22/1
Cost-benefit Analysis,6,Csengődi Sándor,magyar,https://www.uni-corvinus.hu/tantargyak/GKKK008NAMB?semester=2025/26/1
Cost-Benefit Analysis,6,Csengődi Sándor,magyar,https://www.uni-corvinus.hu/tantargyak/GKKK072NAMB?semester=2025/26/1
Cost-Benefit Analysis,6,Csengődi Sándor,magyar,https://www.uni-corvinus.hu/tantargyak/TARS004NAMB?semester=2025/26/1
Creative Industries,6,Dr. Thornley Davinia,magyar,https://www.uni-corvinus.hu/tantargyak/MARK156NAMB?semester=2025/26/1
Creative Visuality I,3,Kovács Lajos,angol,https://www.uni-corvinus.hu/tantargyak/7PE20NXKI7M?semester=2019/20/2
Creative Visuality II,3,Kovács Lajos,angol,https://www.uni-corvinus.hu/tantargyak/7PE20NXKJ2M?semester=2020/21/1
Critical Thinking,3,Hidegh Anna Laura,magyar,https://www.uni-corvinus.hu/tantargyak/293NPHIV235B?semester=2025/26/1
Cross cultural communication and marketing,6,Dr. Habil Malota Erzsébet,magyar,https://www.uni-corvinus.hu/tantargyak/CULCO_VTMAR?semester=2025/26/1
Cross-Cultural Consumer Behaviour,6,Dr. Habil Malota Erzsébet,magyar,https://www.uni-corvinus.hu/tantargyak/MAMF006NABB?semester=2025/26/1
Cross-Cultural Consumer Behaviour,6,Dr. Török Anna,magyar,https://www.uni-corvinus.hu/tantargyak/MAMF019NABB?semester=2024/25/2
Cross-Cultural Management,6,Dr. Primecz Henriett,magyar,https://www.uni-corvinus.hu/tantargyak/VTSM012NABB?semester=2025/26/1
Cross-cultural project management,3,Dr. Papp-Horváth Viktória,magyar,https://www.uni-corvinus.hu/tantargyak/VF00083LASB?semester=2024/25/2
Családi vállalkozások,3,Dr. Wieszt Attila,egyéb,https://www.uni-corvinus.hu/tantargyak/4MI25NAV44B?semester=2019/20/2
Családi vállalkozások menedzsmentje,6,Dr. Wieszt Attila,magyar,https://www.uni-corvinus.hu/tantargyak/2VE81NAV13B?semester=2025/26/1
Családi vállalkozások menedzsmentje,6,Dr. Wieszt Attila,magyar,https://www.uni-corvinus.hu/tantargyak/2VE81NAV02SB?semester=2025/26/1
"Családjog, a család jogi szabályozása",6,Dr. Dudás Gábor János,magyar,https://www.uni-corvinus.hu/tantargyak/GKKK009LMMB?semester=2025/26/1
Családszociológia,3,Dr. Husz Ildikó,magyar,https://www.uni-corvinus.hu/tantargyak/7SO30NCKP6B?semester=2020/21/1
Csapatépítés,4,Dr. Takács Sándor,magyar,https://www.uni-corvinus.hu/tantargyak/2VE81LAK03S?semester=2020/21/1
Csapatépítés (tréning),5,Kiss Csaba,magyar,https://www.uni-corvinus.hu/tantargyak/2VE81NDV04B?semester=2025/26/1
Csődelőrejelzés és vállalati válságkezelés,5,Dr. Virág Miklós,magyar,https://www.uni-corvinus.hu/tantargyak/2BE52NDK03M?semester=2025/26/1
Csoportos alkotástechnikai módszerek,5,Dr. Jelen Tibor,magyar,https://www.uni-corvinus.hu/tantargyak/2SP72LAK08S?semester=2021/22/1
Csoportos döntéshozatal és kommunikáció,3,Dobó István,magyar,https://www.uni-corvinus.hu/tantargyak/7PE20NDVK5B?semester=2019/20/2
Csoportos iskolai gyakorlat,2,Dr. Pfister Éva,magyar,https://www.uni-corvinus.hu/tantargyak/7PE20LPK48M?semester=2020/21/1
Csoportos iskolai gyakorlat,3,Dr. Pfister Éva,magyar,https://www.uni-corvinus.hu/tantargyak/7PE20LPKB9M?semester=2019/20/2
CSR Kommunikáció,3,Dr. Ásványi Katalin,magyar,https://www.uni-corvinus.hu/tantargyak/2ME43NAV01M?semester=2025/26/1
CSR Kommunikáció,4,Dr. Ásványi Katalin,magyar,https://www.uni-corvinus.hu/tantargyak/2ME43NAV10M?semester=2025/26/1
CSR Kommunikáció,4,Dr. Ásványi Katalin,magyar,https://www.uni-corvinus.hu/tantargyak/MAMM007NMMB?semester=2025/26/1
Cultural and Creative Tourism,3,Dr. Jászberényi Melinda,magyar,https://www.uni-corvinus.hu/tantargyak/MATT022NABB?semester=2024/25/1
Cultural and Creative Tourism,6,Dr. Jászberényi Melinda,magyar,https://www.uni-corvinus.hu/tantargyak/FENT095NABB?semester=2025/26/1
Cultural and Economic Antropology,4,Dr. Letenyei László,magyar,https://www.uni-corvinus.hu/tantargyak/KSSZ006NABB?semester=2025/26/1
Cultural Anthropology,3,Dr. Letenyei László,magyar,https://www.uni-corvinus.hu/tantargyak/7SO30NCKC9B?semester=2021/22/2
Cultural Anthropology,6,Dr. Letenyei László,magyar,https://www.uni-corvinus.hu/tantargyak/7SO30NCKN4B?semester=2024/25/2
Cultural industries and creativity: perspectives of film industry,5,Dr. Irimiás Anna Rita,magyar,https://www.uni-corvinus.hu/tantargyak/2MA41NAV08M?semester=2025/26/1
Culture and Communication,3,Dr. Szabó Lilla Petronella,magyar,https://www.uni-corvinus.hu/tantargyak/MARK010NABB?semester=2024/25/2
Culture and Heritage,3,Kollai István,angol,https://www.uni-corvinus.hu/tantargyak/7VG32NBVG5B?semester=2020/21/1
Current Trends in Communication Research II.,6,Dr. Benczes Réka Ágnes,magyar,https://www.uni-corvinus.hu/tantargyak/PHSZK048?semester=2024/25/2
Current trends of urbanisation and development,6,dr. Kocsis János Balázs,magyar,https://www.uni-corvinus.hu/tantargyak/NPGG006NAPB?semester=2024/25/2
Curso de languaje especifico,3,Géró Györgyi,egyéb,https://www.uni-corvinus.hu/tantargyak/7PE20NHKD8B?semester=2019/20/2
Customer Relationship Management,6,Dr. Habil Agárdi Irma,magyar,https://www.uni-corvinus.hu/tantargyak/293NMARK673M?semester=2020/21/1
Customer Relationship Management (CRM),6,Dr. Habil Agárdi Irma,magyar,https://www.uni-corvinus.hu/tantargyak/MARK029NAMB?semester=2024/25/2
Customs Clearance,4,Dr. Mészáros Ádám,magyar,https://www.uni-corvinus.hu/tantargyak/2SZ74NDK14B?semester=2025/26/1
Das Bilden eropäischer und ungarischer Politik der Entwicklung,3,Dr. Szabó Mátyás,német,https://www.uni-corvinus.hu/tantargyak/7GF20NAV18B?semester=2019/20/2
Data Analysis,6,Kovács László,magyar,https://www.uni-corvinus.hu/tantargyak/7VG32NBKD1M?semester=2025/26/1
Data analysis and modelling in Python,6,Dr. Fodor Szabina Eszter,magyar,https://www.uni-corvinus.hu/tantargyak/ADIN057NAMB?semester=2025/26/1
Data Analysis for Business 2,6,Horn Dániel,magyar,https://www.uni-corvinus.hu/tantargyak/PHG061?semester=2024/25/2
Data Analysis II. (Probability and Statistics),6,Takács Tibor,magyar,https://www.uni-corvinus.hu/tantargyak/MSST045NABB?semester=2025/26/1
Data Analysis II. (Probability and Statistics),6,Takács Tibor,magyar,https://www.uni-corvinus.hu/tantargyak/ADIN038NABB?semester=2024/25/2
Data Analytics and Quantitative Methods,3,Kovács Tibor,magyar,https://www.uni-corvinus.hu/tantargyak/INIR067NAMB?semester=2024/25/2
Data Analytics and Visualisation,6,Dr. Fodor Szabina Eszter,magyar,https://www.uni-corvinus.hu/tantargyak/ADIN145NAMB?semester=2025/26/1
Data Driven Marketing Business Project,6,Dr. Hubert József,magyar,https://www.uni-corvinus.hu/tantargyak/MARK030NAMB?semester=2024/25/2
Data engineering,6,Borbásné Szabó Ildikó,magyar,https://www.uni-corvinus.hu/tantargyak/ADIN058NAMB?semester=2025/26/1
Data Mining,6,dr. Kő Andrea,angol,https://www.uni-corvinus.hu/tantargyak/293NBISK608M?semester=2020/21/1
Data Science in Health Economics,3,Dr. Mohácsi László,magyar,https://www.uni-corvinus.hu/tantargyak/OPDO006NABB?semester=2025/26/1
Data Science project in Business,6,Kovács Tibor,magyar,https://www.uni-corvinus.hu/tantargyak/ADIN060NAMB?semester=2025/26/1
Data Visualisation in Society,6,Dr. Székely László Levente,magyar,https://www.uni-corvinus.hu/tantargyak/MARK102NABB?semester=2025/26/1
Data Wrangling ? Project Course,3,Borbásné Szabó Ildikó,magyar,https://www.uni-corvinus.hu/tantargyak/ADIN015NABB?semester=2024/25/2
Database Management in Practice,6,Balogh Zoltán,magyar,https://www.uni-corvinus.hu/tantargyak/293NCOMV300B?semester=2025/26/1
Decision Making in Groups and Organizations,6,Dr. Gáspár Judit,magyar,https://www.uni-corvinus.hu/tantargyak/OPDO025NAMB?semester=2025/26/1
Decision Making in Groups and Organizations,6,Dr. Gáspár Judit,magyar,https://www.uni-corvinus.hu/tantargyak/OPDO069NAMB?semester=2025/26/1
Decision Making in Practice,6,Dr. Szántó Richárd,magyar,https://www.uni-corvinus.hu/tantargyak/OPDO027NAMB?semester=2025/26/1
Decision Making in Practice,6,Dr. Szántó Richárd,magyar,https://www.uni-corvinus.hu/tantargyak/OPDO070NAMB?semester=2024/25/2
Decision Making Skills,6,Dr. Szántó Richárd,magyar,https://www.uni-corvinus.hu/tantargyak/OPDO008NAMB?semester=2025/26/1
Decision Making Skills (CEMS credit),6,Dr. Szántó Richárd,magyar,https://www.uni-corvinus.hu/tantargyak/293NOPRV517M?semester=2024/25/2
Decision Making Tools,5,Dr. Szántó Richárd,magyar,https://www.uni-corvinus.hu/tantargyak/2SM95LBK09S?semester=2019/20/2
Decision Methods,6,Dr. Bozóki Sándor,magyar,https://www.uni-corvinus.hu/tantargyak/MSOA002NABB?semester=2025/26/1
Decision support – modeling and analysis,6,Dr. Becser Norbert,magyar,https://www.uni-corvinus.hu/tantargyak/OPDO033NAMB?semester=2024/25/2
Decision Techniques,6,Dr. Szántó Richárd,magyar,https://www.uni-corvinus.hu/tantargyak/293NOPRK212B?semester=2025/26/1
Decision Techniques,4,Dr. Szántó Richárd,angol,https://www.uni-corvinus.hu/tantargyak/2VL60NAV02B?semester=2019/20/2
Decision Techniques,6,Dr. Szántó Richárd,magyar,https://www.uni-corvinus.hu/tantargyak/VGDE034NABB?semester=2025/26/1
Decision-making in the Central and Local Governments,6,Dr. Metz Rudolf Tamás,magyar,https://www.uni-corvinus.hu/tantargyak/TARS046NABB?semester=2025/26/1
Degrowth Economy,3,Dr. Márton András,magyar,https://www.uni-corvinus.hu/tantargyak/2VL60NAV10M?semester=2024/25/2
Democracy in the digital age,6,Csehi Róbert,magyar,https://www.uni-corvinus.hu/tantargyak/TARS152NABB?semester=2024/25/2
Demographic Ageing in Europe: How will it Affect the Economy and Welfare State?,6,Szabó-Bakos Eszter,angol,https://www.uni-corvinus.hu/tantargyak/KOZNXV4MI28?semester=2019/20/2
Demokrácia és kommunikáció,3,Dr. Horányi Özséb,magyar,https://www.uni-corvinus.hu/tantargyak/7PE20NGKJ6B?semester=2019/20/2
Demokráciaelméletek,6,Dr. Körösényi András,magyar,https://www.uni-corvinus.hu/tantargyak/7PO10NAK73M?semester=2019/20/2
Demokráciaelméletek,3,Dr. Körösényi András,magyar,https://www.uni-corvinus.hu/tantargyak/7PO10NCKF1M?semester=2019/20/2
Demokráciaelméletek és politikai képviselet,3,Dr. Metz Rudolf Tamás,magyar,https://www.uni-corvinus.hu/tantargyak/7PO10NAKA4M?semester=2019/20/2
Dendrológia és dísznövényismeret 2,magyar,Dr. Csóka Péter,angol,https://www.uni-corvinus.hu/tantargyak/6DD02NADD202B?semester=2025/26/1
Derivative Markets,3,Dr. Habil Horváth Dóra,magyar,https://www.uni-corvinus.hu/tantargyak/2BE52NAV09M?semester=2019/20/2
Design Communication,6,Dr. Varga Krisztián,magyar,https://www.uni-corvinus.hu/tantargyak/PHG084?semester=2024/25/2
Design sprint,magyar,Dr. Pintér Éva,magyar,https://www.uni-corvinus.hu/tantargyak/INIR006NMMB?semester=2024/25/2
Design thinking,6,Dr. Pintér Éva,magyar,https://www.uni-corvinus.hu/tantargyak/VALL015NABB?semester=2025/26/1
Desztinációs stratégia,6,Dr. Keller Krisztina,magyar,https://www.uni-corvinus.hu/tantargyak/MATT012NMBB?semester=2024/25/1
Deutschland in der EU,3,Dr. Bradean-Ebinger Nelu,német,https://www.uni-corvinus.hu/tantargyak/7NK40NFVB2M?semester=2019/20/2
Developing a Research Strategy,6,Dr. Csutora Mária,magyar,https://www.uni-corvinus.hu/tantargyak/PHG063?semester=2024/25/2
Developing academic careers in higher education,6,Kováts Gergely Ferenc,magyar,https://www.uni-corvinus.hu/tantargyak/PHG088?semester=2024/25/2
Developing research concepts and models,6,Dr. Gyulavári Tamás,angol,https://www.uni-corvinus.hu/tantargyak/PHG_DEVELOP?semester=2019/20/2
Development and Crises in East Central Europe,6,Dr. Medve-Bálint Gergő,angol,https://www.uni-corvinus.hu/tantargyak/4OG33NAK33M?semester=2019/20/2
Development and Economic Growth,3,Dr. Major Klára,angol,https://www.uni-corvinus.hu/tantargyak/KOZNXV4MI09?semester=2020/21/1
Development and Humanitarian Assistance,6,dr. Paragi Beáta,magyar,https://www.uni-corvinus.hu/tantargyak/GLOB167NAMB?semester=2025/26/1
Development and Sustainability,6,Dr. Benczes István Zsolt,magyar,https://www.uni-corvinus.hu/tantargyak/GLOB163NAMB?semester=2025/26/1
Development Challenges in Asia and China,6,Dr. Szunomár Ágnes,magyar,https://www.uni-corvinus.hu/tantargyak/7VG32NBKE8M?semester=2025/26/1
Development Economics,6,Tétényi András,magyar,https://www.uni-corvinus.hu/tantargyak/4VG32NAK40M?semester=2025/26/1
Development Economics,5,Valentinyi Ákos Csaba,magyar,https://www.uni-corvinus.hu/tantargyak/KOZG084NAMB?semester=2024/25/2
Development Economics II – Institutions and Development,6,Ricz Judit,angol,https://www.uni-corvinus.hu/tantargyak/KOZNXV4VI95?semester=2019/20/2
Development of European Integration,6,Kőváriné dr. Ignáth Éva,magyar,https://www.uni-corvinus.hu/tantargyak/7NK40NGK96B?semester=2025/26/1
Development Policies,6,Csengődi Sándor,magyar,https://www.uni-corvinus.hu/tantargyak/TARS024NAMB?semester=2025/26/1
Development Policies,6,Csengődi Sándor,magyar,https://www.uni-corvinus.hu/tantargyak/TARS113NAMB?semester=2025/26/1
"Development, violent conflicts and security – Applications and Cases",6,Szabó Krisztina,magyar,https://www.uni-corvinus.hu/tantargyak/7VG32NAV42M?semester=2025/26/1
Devianciák,3,Professor Emerita Dr. Elekes Zsuzsanna,magyar,https://www.uni-corvinus.hu/tantargyak/7SO30NDV11B?semester=2023/24/2
Differenciálegyenletek,2,Dr. Kánnai Zoltán,magyar,https://www.uni-corvinus.hu/tantargyak/4MA12NAK15M?semester=2024/25/2
Differenciálegyenletek,6,Dr. Kánnai Zoltán,magyar,https://www.uni-corvinus.hu/tantargyak/ADIN094NMOB?semester=2025/26/1
Differenciálegyenletek praktikum,2,Dr. Kánnai Zoltán,magyar,https://www.uni-corvinus.hu/tantargyak/4MA12NAK16M?semester=2024/25/2
Differenciálegyenletek praktikum,magyar,Dr. Nagy Sándor Gyula,angol,https://www.uni-corvinus.hu/tantargyak/mm4n2de1?semester=2024/25/2
Digital and Industry 4.0 Technologies in Practice 1.,6,Dr. Nagy Sándor Gyula,magyar,https://www.uni-corvinus.hu/tantargyak/7VG32NBVH1B?semester=2020/21/1
Digital and Industry 4.0 Technologies in Practice 2.,6,Dr. Csordás Tamás Viktor,magyar,https://www.uni-corvinus.hu/tantargyak/7VG32NBVH4B?semester=2025/26/1
Digital and social media marketing,6,Veress József,magyar,https://www.uni-corvinus.hu/tantargyak/MARK058NABB?semester=2024/25/2
Digital Disruption,6,Hajnal György,magyar,https://www.uni-corvinus.hu/tantargyak/293NBUSVI444BB?semester=2024/25/2
Digital Era Governance,6,Hajnal György,magyar,https://www.uni-corvinus.hu/tantargyak/KOZNXV4KZ55?semester=2025/26/1
Digital Era Governance,6,Dr. Habil Gáti Mirkó György,magyar,https://www.uni-corvinus.hu/tantargyak/TARS019NAMB?semester=2025/26/1
Digital Marketing Communications Strategy,6,Dr. Habil. Varga Ákos,magyar,https://www.uni-corvinus.hu/tantargyak/MARK080NAMB?semester=2024/25/2
Digital Marketing Strategy and Tactics,6,Dr. Habil. Varga Ákos,magyar,https://www.uni-corvinus.hu/tantargyak/MAMM023NABB?semester=2024/25/2
Digital Strategy and EAM,6,dr. Szabó Zoltán,magyar,https://www.uni-corvinus.hu/tantargyak/ADIN052NAMB?semester=2025/26/1
Digital Transformation,6,Dr. Fehér Péter,magyar,https://www.uni-corvinus.hu/tantargyak/293NDIGTRANS01M?semester=2024/25/2
Digital Transformation,5,Dr. Fehér Péter,magyar,https://www.uni-corvinus.hu/tantargyak/2SM95LBK05S?semester=2020/21/1
Digital Transformation and Process Management,5,Dr. Fehér Péter,magyar,https://www.uni-corvinus.hu/tantargyak/ADIN041LASB?semester=2024/25/2
Digital Transformations in International Relations,6,dr. Paragi Beáta,magyar,https://www.uni-corvinus.hu/tantargyak/GLOB057NAMB?semester=2024/25/1
Digitális agóra,6,Horváth Evelin,magyar,https://www.uni-corvinus.hu/tantargyak/7PE20NGKD5B?semester=2025/26/1
Digitális bankolás,3,Dr. Kürthy Gábor,magyar,https://www.uni-corvinus.hu/tantargyak/4PU51NAV44M?semester=2025/26/1
Digitális ellátási lánc,5,dr. Ternai Katalin,magyar,https://www.uni-corvinus.hu/tantargyak/INIR063LMSB?semester=2021/22/2
Digitális és ipar 4.0 technológiák a gyakorlatban,6,Dr. Nagy Sándor Gyula,magyar,https://www.uni-corvinus.hu/tantargyak/7VG32NAV55B?semester=2025/26/1
Digitális és ipar 4.0 technológiák a gyakorlatban 1.,6,Dr. Nagy Sándor Gyula,magyar,https://www.uni-corvinus.hu/tantargyak/7VG32NBVG7B?semester=2025/26/1
Digitális kultúra,6,Pintér Róbert,magyar,https://www.uni-corvinus.hu/tantargyak/INIK008NMBB?semester=2025/26/1
Digitális kultúra és társadalom,6,Dr. Vicsek Lilla Mária,magyar,https://www.uni-corvinus.hu/tantargyak/KSSZ029NMBB?semester=2025/26/1
Digitális marketing,5,Simay Attila Endre,magyar,https://www.uni-corvinus.hu/tantargyak/2ME43NAK06M?semester=2020/21/1
Digitális marketing stratégia és taktika,6,Dr. Habil. Varga Ákos,magyar,https://www.uni-corvinus.hu/tantargyak/MAMM008NMBB?semester=2025/26/1
Digitális megoldások a vállalati életben,6,Dr. Varga Krisztián,magyar,https://www.uni-corvinus.hu/tantargyak/INIR039NMBB?semester=2024/25/2
Digitális platformok és műfajok,6,Horváth Evelin,magyar,https://www.uni-corvinus.hu/tantargyak/7PE20NGKD8B?semester=2025/26/1
Digitális stúdió szerkesztés,3,Kovács Lajos,magyar,https://www.uni-corvinus.hu/tantargyak/7PE20NGK81M?semester=2023/24/1
Digitális vállalat,6,Dr. Varga Krisztián,magyar,https://www.uni-corvinus.hu/tantargyak/INIR050LMBB?semester=2025/26/1
Digitális vállalati folyamatok SAP környezetben,6,Borbásné Szabó Ildikó,magyar,https://www.uni-corvinus.hu/tantargyak/INIR013NMBB?semester=2024/25/1
Digitális világ kutatása,4,Pintér Róbert,magyar,https://www.uni-corvinus.hu/tantargyak/2EB34NCV01M?semester=2021/22/2
Digitalizáció (projekttárgy),6,Dr. Varga Krisztián,magyar,https://www.uni-corvinus.hu/tantargyak/INIR056LMBB?semester=2025/26/1
Digitalizáció a projektmenedzsmentben,5,Dr. Fekete István,magyar,https://www.uni-corvinus.hu/tantargyak/VF00153LMSB?semester=2024/25/2
Digitalizáció és üzleti modellek,6,Dr. Aranyossy Márta,magyar,https://www.uni-corvinus.hu/tantargyak/VF00098NMMB?semester=2025/26/1
Digitalizációs projektek (projekttárgy),6,Dr. Varga Krisztián,magyar,https://www.uni-corvinus.hu/tantargyak/INIR045NMBB?semester=2025/26/1
Digitalization and Financial technologies,6,Dr. Varga Krisztián,magyar,https://www.uni-corvinus.hu/tantargyak/ADIN056NAMB?semester=2025/26/1
Dinamikai rendszerek,5,Dr. Tallos Péter,magyar,https://www.uni-corvinus.hu/tantargyak/4MA12NAK28B?semester=2025/26/1
Dinamikai rendszerek,4,Dr. Kánnai Zoltán,magyar,https://www.uni-corvinus.hu/tantargyak/PHK_DINRENSZ?semester=2024/25/2
Dinamikai rendszerek,5,Dr. Kánnai Zoltán,magyar,https://www.uni-corvinus.hu/tantargyak/4MA12NAK06O?semester=2024/25/2
Dinamikus makroökonómia,4,Dr. Móczár József,magyar,https://www.uni-corvinus.hu/tantargyak/4MIK24NAK08M?semester=2019/20/2
Dinamikus optimalizálás és programozás,5,Dr. Magyarkuti Gyula,magyar,https://www.uni-corvinus.hu/tantargyak/4MA12NAK13O?semester=2024/25/2
Diploma proszeminárium,3,Dr. Győrffy Dóra,magyar,https://www.uni-corvinus.hu/tantargyak/4OG33NAK06B?semester=2025/26/1
Diploma proszeminárium,magyar,Dr. Győrffy Dóra,magyar,https://www.uni-corvinus.hu/tantargyak/4OG33NAK19B?semester=2019/20/2
Diploma proszeminárium,5,Dr. Szalai Máté,magyar,https://www.uni-corvinus.hu/tantargyak/4OG33NAK02O?semester=2023/24/2
Diplomácia a gyakorlatban,magyar,dr. Vékony Dániel,magyar,https://www.uni-corvinus.hu/tantargyak/7NK40NCKI5B?semester=2019/20/2
Diplomácia és külgazdaság a gyakorlatban,3,Dr. Baller Barbara,magyar,https://www.uni-corvinus.hu/tantargyak/4VG32NAK63B?semester=2021/22/1
Diplomácia-sportdiplomácia,5,dr. Lehoczki Bernadett Judit,magyar,https://www.uni-corvinus.hu/tantargyak/7NK40NDVK2M?semester=2025/26/1
Diplomakonzultáció,3,Dr. Tátrai Tünde,magyar,https://www.uni-corvinus.hu/tantargyak/2VL60LAK47S?semester=2021/22/2
Diplomakonzultáció,magyar,Dr. Tátrai Tünde,magyar,https://www.uni-corvinus.hu/tantargyak/2VL60LAK73S?semester=2021/22/2
Diplomakonzultáció,8,Dr. Takács Sándor,magyar,https://www.uni-corvinus.hu/tantargyak/VTSM047LMSB?semester=2024/25/2
Diplomakonzultáció (szakdolgozat készítés),10,Dr. Fazakas Gergely,magyar,https://www.uni-corvinus.hu/tantargyak/PSBV126LMSB?semester=2024/25/2
Diplomakonzultáció (szakdolgozat készítés),10,Dr. Fazakas Gergely,magyar,https://www.uni-corvinus.hu/tantargyak/VEZ0045LMSB?semester=2024/25/2
Diskurzus és politika,magyar,Dr. Benczes Réka Ágnes,magyar,https://www.uni-corvinus.hu/tantargyak/7PO10NCVA9B?semester=2020/21/1
Diskurzusanalízis,3,Dr. Habil Horváth Dóra,angol,https://www.uni-corvinus.hu/tantargyak/7PE20NBK14M?semester=2019/20/2
Disruptive development project,5,Tétényi András,angol,https://www.uni-corvinus.hu/tantargyak/MAMM002NMMB?semester=2024/25/2
Dissertation Seminar I.,6,Tétényi András,angol,https://www.uni-corvinus.hu/tantargyak/7VG32NBKB6M?semester=2020/21/1
Dissertation Seminar II.,9,Tétényi András,angol,https://www.uni-corvinus.hu/tantargyak/4VG32NCK08M?semester=2020/21/1
Dissertation Seminar II.,9,Tétényi András,angol,https://www.uni-corvinus.hu/tantargyak/7VG32NAK32M?semester=2020/21/1
Dissertation Seminar II.,angol,Tétényi András,magyar,https://www.uni-corvinus.hu/tantargyak/7VG32NBKB7M?semester=2020/21/1
Dissertation Specialism II.,magyar,Nagy Judit,magyar,https://www.uni-corvinus.hu/tantargyak/7VG32UCL02M?semester=2024/25/2
Disztribúció,5,Nagy Judit,magyar,https://www.uni-corvinus.hu/tantargyak/2VL60NBK16M?semester=2020/21/1
Disztribúció- duál,5,Hidegh Anna Laura,magyar,https://www.uni-corvinus.hu/tantargyak/2VL60NBK16MD?semester=2020/21/1
Diversity Management,6,dr. Gálik Zoltán,magyar,https://www.uni-corvinus.hu/tantargyak/VEZ0100NAMB?semester=2025/26/1
Döntés- és játékelméletek,5,Dr. Ambrus-Lakatos Loránd,magyar,https://www.uni-corvinus.hu/tantargyak/4MA12NAK32M?semester=2019/20/2
Döntések a sportban,3,Dr. Köves Alexandra,magyar,https://www.uni-corvinus.hu/tantargyak/2VL60NAK09SM?semester=2025/26/1
Döntések a sportban,3,Szathmári Attila,magyar,https://www.uni-corvinus.hu/tantargyak/VGDE043NMMB?semester=2025/26/1
Döntéselemzés és -támogatás,5,Dr. Zoltayné Paprika Zita,magyar,https://www.uni-corvinus.hu/tantargyak/2VL60EAK03S?semester=2019/20/2
Döntéselmélet,6,Dr. Szántó Richárd,magyar,https://www.uni-corvinus.hu/tantargyak/PHG_DONTESELM?semester=2019/20/2
Döntéselmélet,5,Dr. Szántó Richárd,magyar,https://www.uni-corvinus.hu/tantargyak/2VL60NCV01M?semester=2025/26/1
Döntéselmélet,5,Dr. Becser Norbert,magyar,https://www.uni-corvinus.hu/tantargyak/2VL60EAK03M?semester=2024/25/2
Döntéselmélet,5,Dr. Köves Alexandra,magyar,https://www.uni-corvinus.hu/tantargyak/2VL60LAK02S?semester=2020/21/2
Döntéselmélet,5,Dr. Köves Alexandra,magyar,https://www.uni-corvinus.hu/tantargyak/2VL60EAK10S?semester=2020/21/2
Döntéselmélet,4,Dr. Zoltayné Paprika Zita,magyar,https://www.uni-corvinus.hu/tantargyak/2VL60LAK06S?semester=2020/21/1
Döntéselmélet,5,Dr. Szántó Richárd,magyar,https://www.uni-corvinus.hu/tantargyak/2VE81NAK10CM?semester=2025/26/1
Döntéselmélet,5,Dr. Köves Alexandra,magyar,https://www.uni-corvinus.hu/tantargyak/2VL60NCV01SM?semester=2025/26/1
Döntéselmélet,3,Dr. Köves Alexandra,magyar,https://www.uni-corvinus.hu/tantargyak/2VL60NCK17M?semester=2024/25/2
Döntéselmélet,3,Dr. Köves Alexandra,magyar,https://www.uni-corvinus.hu/tantargyak/2VL60LCK17M?semester=2024/25/2
Döntéselmélet,5,Dr. Köves Alexandra,magyar,https://www.uni-corvinus.hu/tantargyak/VGDE024LMSB?semester=2024/25/2
Döntési módszerek,6,Dr. Bozóki Sándor,magyar,https://www.uni-corvinus.hu/tantargyak/4OP13NAK16B?semester=2025/26/1
Döntési módszerek,6,Dr. Bozóki Sándor,magyar,https://www.uni-corvinus.hu/tantargyak/MSOA022NMBB?semester=2025/26/1
Döntési technikák,4,Dr. Gáspár Judit,magyar,https://www.uni-corvinus.hu/tantargyak/2VL60NBK03B?semester=2024/25/2
Döntési technikák,4,Dr. Gáspár Judit,magyar,https://www.uni-corvinus.hu/tantargyak/2VL60NBK29SB?semester=2025/26/1
Döntési technikák,3,Dr. Gáspár Judit,magyar,https://www.uni-corvinus.hu/tantargyak/VGDE011NMBB?semester=2024/25/2
Döntési technikák,3,Dr. Gáspár Judit,magyar,https://www.uni-corvinus.hu/tantargyak/VGDE014NMBS?semester=2024/25/2
Döntési technikák – duál,4,Dr. Gáspár Judit,magyar,https://www.uni-corvinus.hu/tantargyak/2VL60NBK30SB?semester=2025/26/1
Döntésmódszertan,6,Dr. Becser Norbert,magyar,https://www.uni-corvinus.hu/tantargyak/2VL60LAK20S?semester=2019/20/2
Döntéstámogatás,5,Dr. Bozóki Sándor,magyar,https://www.uni-corvinus.hu/tantargyak/4OP13NAK13B?semester=2022/23/1
Döntéstámogatás,6,Dr. Bozóki Sándor,magyar,https://www.uni-corvinus.hu/tantargyak/MSOA021NMBB?semester=2025/26/1
Dynamic Macroeconomics: Theory and Applications,6,von Schweinitz Gregor,magyar,https://www.uni-corvinus.hu/tantargyak/KOZG100NAMB?semester=2025/26/1
Dynamic Macroeconomics: Theory and Applications,5,von Schweinitz Gregor,magyar,https://www.uni-corvinus.hu/tantargyak/PHKGI102?semester=2025/26/1
Dynamic Macroeconomics: Theory and Applications I.,6,Dr. Major Klára,magyar,https://www.uni-corvinus.hu/tantargyak/KOZG001NAMB?semester=2025/26/1
Dynamic Macroeconomics: Theory and Applications I.,5,Dr. Major Klára,magyar,https://www.uni-corvinus.hu/tantargyak/PHKGI053?semester=2025/26/1
Dynamic Macroeconomics: Theory and Applications I.,6,Dr. Major Klára,magyar,https://www.uni-corvinus.hu/tantargyak/KOZG080NAMB?semester=2025/26/1
Dynamic Macroeconomics: Theory and Applications II.,6,Dr. Kónya István Tamás,magyar,https://www.uni-corvinus.hu/tantargyak/KOZG002NAMB?semester=2025/26/1
Dynamic Macroeconomics: Theory and Applications II.,5,Dr. Kónya István Tamás,magyar,https://www.uni-corvinus.hu/tantargyak/PHKGI054?semester=2025/26/1
Dynamic Macroeconomics: Theory and Applications II.,6,Dr. Kónya István Tamás,magyar,https://www.uni-corvinus.hu/tantargyak/KOZG091NAMB?semester=2025/26/1
E-Business,4,Pintér Róbert,magyar,https://www.uni-corvinus.hu/tantargyak/2EB34NCK06B?semester=2024/25/2
E-business,3,Pintér Róbert,magyar,https://www.uni-corvinus.hu/tantargyak/2LK95LAK39B?semester=2021/22/2
E-business,5,Nagy Vitéz,magyar,https://www.uni-corvinus.hu/tantargyak/2LK95LAK86B?semester=2019/20/2
E-Business,4,Pintér Róbert,magyar,https://www.uni-corvinus.hu/tantargyak/2EB34NCK37SB?semester=2025/26/1
E-Business,3,Pintér Róbert,magyar,https://www.uni-corvinus.hu/tantargyak/INIK002NMBB?semester=2024/25/2
E-Business,6,Pintér Róbert,magyar,https://www.uni-corvinus.hu/tantargyak/INIK005NAMB?semester=2025/26/1
E-business,3,Dr. Vas Réka Franciska,magyar,https://www.uni-corvinus.hu/tantargyak/ADIN020NABB?semester=2025/26/1
E-Business,6,Dr. Balkányi Péter,magyar,https://www.uni-corvinus.hu/tantargyak/ADIN047NAMB?semester=2025/26/1
E-Business – duál,4,Pintér Róbert,magyar,https://www.uni-corvinus.hu/tantargyak/2EB34NCK38SB?semester=2019/20/2
E-business társadalmi és technológiai kontextusai,6,Pintér Róbert,magyar,https://www.uni-corvinus.hu/tantargyak/INIK003NMBB?semester=2025/26/1
E-business üzleti modelljei,3,Dr. Balkányi Péter,magyar,https://www.uni-corvinus.hu/tantargyak/2EB34NDK01M?semester=2020/21/1
E-business üzleti modelljei,4,Dr. Urbán Ágnes,magyar,https://www.uni-corvinus.hu/tantargyak/2EB34NDK03M?semester=2019/20/2
E-government,3,Dr. Molnár Bálint,magyar,https://www.uni-corvinus.hu/tantargyak/2IR32NDV02M?semester=2020/21/1
E-kereskedelem,3,Pintér Róbert,magyar,https://www.uni-corvinus.hu/tantargyak/2EB34NCK05B?semester=2025/26/1
E-kereskedelem / Infokommunikáció,5,Pintér Róbert,magyar,https://www.uni-corvinus.hu/tantargyak/2EB34EAK04S?semester=2020/21/2
E-kereskedelem / Infokommunikáció,6,Pintér Róbert,magyar,https://www.uni-corvinus.hu/tantargyak/ADIN080EMMB?semester=2024/25/2
E-kereskedelem és kereskedelemkutatás,4,Dr. Simon Judit,magyar,https://www.uni-corvinus.hu/tantargyak/2MF44NDK12B?semester=2025/26/1
Early Modern and Modern World History,6,Dr. Kelemen Zoltán,angol,https://www.uni-corvinus.hu/tantargyak/7NK40NCK79B?semester=2020/21/1
East Asian High Growth Economics,3,Dr. Lehmann Kristóf,angol,https://www.uni-corvinus.hu/tantargyak/KOZNX4MN07?semester=2019/20/2
ECA Klubfutballmenedzsment,3,Dr. Havran Zsolt,magyar,https://www.uni-corvinus.hu/tantargyak/VGUG002NMMS?semester=2025/26/1
Econometrics,6,Erdélyi Ajna,magyar,https://www.uni-corvinus.hu/tantargyak/4ST14NAK21M?semester=2025/26/1
Econometrics,8,Dr. Elek Péter,magyar,https://www.uni-corvinus.hu/tantargyak/KOZG051NAMB?semester=2025/26/1
Econometrics,6,Dr. Elek Péter,magyar,https://www.uni-corvinus.hu/tantargyak/KOZG098NAMB?semester=2025/26/1
Econometrics for Finance,6,Dr. Havran Dániel,magyar,https://www.uni-corvinus.hu/tantargyak/PSBV104NAMB?semester=2025/26/1
Econometrics for Finance,6,Dr. Samet Günay,magyar,https://www.uni-corvinus.hu/tantargyak/PENZ041NAMB?semester=2024/25/2
Econometrics I.,6,Reguly Ágoston,angol,https://www.uni-corvinus.hu/tantargyak/4ST14NAK30B?semester=2019/20/2
Econometrics II.,6,Keresztély Tibor,angol,https://www.uni-corvinus.hu/tantargyak/4ST14NAK32B?semester=2019/20/2
Econometrics II.,8,Keresztély Tibor,magyar,https://www.uni-corvinus.hu/tantargyak/MSST002NABB?semester=2024/25/2
Economic and Human Geography,3,Dr. Jeney László Botond,angol,https://www.uni-corvinus.hu/tantargyak/7GF20NAV12B?semester=2019/20/2
Economic and Social History,6,Pachetti Federico,magyar,https://www.uni-corvinus.hu/tantargyak/KSPV007NABB?semester=2024/25/2
Economic Complexity,3,Dr. Lengyel Balázs,magyar,https://www.uni-corvinus.hu/tantargyak/ADIN151NAMB?semester=2025/26/1
Economic Development and FDI in East Asia,6,Dr. Szunomár Ágnes,angol,https://www.uni-corvinus.hu/tantargyak/7VG32NAV89M?semester=2019/20/2
Economic English II.,magyar,Dr. Dobos Ágota,magyar,https://www.uni-corvinus.hu/tantargyak/IOK0031NAEB?semester=2024/25/2
Economic Foundations of Public Governance,3,Németh András Olivér,magyar,https://www.uni-corvinus.hu/tantargyak/KOZG014NAMB?semester=2025/26/1
Economic Geographic Models,6,Czaller László,angol,https://www.uni-corvinus.hu/tantargyak/FENT051NAMB?semester=2025/26/1
Economic Geography,3,Dr. Tózsa István,magyar,https://www.uni-corvinus.hu/tantargyak/293NECGKV01B?semester=2019/20/2
Economic Growth and Social Change in the Austro-Hungarian Monarchy (1867-1913),magyar,Venyige Róbert,angol,https://www.uni-corvinus.hu/tantargyak/KOZNXV4MI12?semester=2025/26/1
Economic History,3,Dr. Szunomár Ágnes,magyar,https://www.uni-corvinus.hu/tantargyak/7SO30NFV80B?semester=2020/21/1
Economic miracles and traps in Asia,6,Dr. Endrődi-Kovács Viktória,angol,https://www.uni-corvinus.hu/tantargyak/GLOB012NAMB?semester=2025/26/1
"Economic nationalism: ideas, policies, debates",3,Németh András Olivér,magyar,https://www.uni-corvinus.hu/tantargyak/7VG32NAV88M?semester=2019/20/2
Economic Policy of Market and Government Failures,3,Dr. Tóth László,angol,https://www.uni-corvinus.hu/tantargyak/KOZNXV4OG19?semester=2025/26/1
Economic Psychology,3,Szabó Zsolt Péter,magyar,https://www.uni-corvinus.hu/tantargyak/4OG33NAV41B?semester=2020/21/1
Economic Psychology,6,Szabó László,magyar,https://www.uni-corvinus.hu/tantargyak/GKOI005NABB?semester=2024/25/2
Economic regulation in the energy sector II.,3,Dr. Melegh Attila,angol,https://www.uni-corvinus.hu/tantargyak/REKK015LASB?semester=2024/25/2
Economic Sociology,3,Dr. Melegh Attila,magyar,https://www.uni-corvinus.hu/tantargyak/7SO30NFVA8B?semester=2019/20/2
Economic Sociology,3,Dr. Faludi Julianna,angol,https://www.uni-corvinus.hu/tantargyak/293NSOCV165B?semester=2019/20/2
Economic Sociology,3,Dr. Melegh Attila,magyar,https://www.uni-corvinus.hu/tantargyak/KSSZ012NABB?semester=2023/24/1
Economic Trends in a Globalized World,6,Vigvári Gábor,magyar,https://www.uni-corvinus.hu/tantargyak/GLOB005NAMB?semester=2025/26/1
"Economic, Political and Social Processes in Latin-America",6,Dr. Nagy Sándor Gyula,magyar,https://www.uni-corvinus.hu/tantargyak/7VG32NAV82M?semester=2025/26/1
"Economic, Political and Social Systems in Latin-America: Challenging Stereotypes",6,Dr. Nagy Sándor Gyula,magyar,https://www.uni-corvinus.hu/tantargyak/PHN_ECPOLSOCSYS_LATINAM?semester=2024/25/2
Economics,5,Bod Péter Ákos,magyar,https://www.uni-corvinus.hu/tantargyak/2SM95LBK03S?semester=2020/21/1
Economics and the European Union,6,Dr. Győrffy Dóra,magyar,https://www.uni-corvinus.hu/tantargyak/293NECOV395B?semester=2025/26/1
Economics I.,9,Dr. Isztin Péter Zoltán,magyar,https://www.uni-corvinus.hu/tantargyak/KOZG016NABB?semester=2024/25/2
Economics II.,9,Külpmann Philipp,magyar,https://www.uni-corvinus.hu/tantargyak/KOZG017NABB?semester=2024/25/2
Economics of Beauty and Health Industry,6,Prof. Dr. Rencz Fanni,angol,https://www.uni-corvinus.hu/tantargyak/KOZNXV4KZ65?semester=2019/20/2
Economics of electricity markets II.,4,Mezősi András,magyar,https://www.uni-corvinus.hu/tantargyak/REKK022LASB?semester=2024/25/2
Economics of Global and Regional Integration,6,Dr. Benczes István Zsolt,magyar,https://www.uni-corvinus.hu/tantargyak/4VG32NAK20M?semester=2024/25/2
Economics of Globalization from the Perspectives of CEE,3,Dr. Trautmann László,angol,https://www.uni-corvinus.hu/tantargyak/KOZNXV4MI03?semester=2020/21/2
Economics of Health at Work,6,Prof. Dr. Gulácsi László,magyar,https://www.uni-corvinus.hu/tantargyak/4KO03NBK22M?semester=2025/26/1
Economics of natural gas markets II.,4,Takácsné Tóth Borbála,magyar,https://www.uni-corvinus.hu/tantargyak/REKK024LASB?semester=2024/25/2
Economics of Regulation,6,Dr. Szakadát László,magyar,https://www.uni-corvinus.hu/tantargyak/KG00051NAMB?semester=2025/26/1
Economics of Regulation,6,Kálecz-Simon András,magyar,https://www.uni-corvinus.hu/tantargyak/KOZG067NAMB?semester=2024/25/2
Economics of Renewable Energy,4,Szabó László,magyar,https://www.uni-corvinus.hu/tantargyak/REKK025LASB?semester=2024/25/2
Economics of the Public Sector,6,Csengődi Sándor,magyar,https://www.uni-corvinus.hu/tantargyak/KOZNXV4KZ39?semester=2025/26/1
Economics of the Public Sector,5,Reizer Balázs,magyar,https://www.uni-corvinus.hu/tantargyak/GKKK028NAMB?semester=2024/25/2
Economics of the Public Sector,6,Csengődi Sándor,magyar,https://www.uni-corvinus.hu/tantargyak/4KO03NBK29M?semester=2025/26/1
Economics of the Public Sector,5,Reizer Balázs,magyar,https://www.uni-corvinus.hu/tantargyak/KOZG094NAMB?semester=2024/25/2
Economy & Society,6,Dr. Melegh Attila,magyar,https://www.uni-corvinus.hu/tantargyak/TARS139NABB?semester=2025/26/1
Economy and Inequality,angol,Dr. Duma László,angol,https://www.uni-corvinus.hu/tantargyak/7SO30NAVL8M?semester=2019/20/2
Effective e-Business Management,6,Dr. Blaskovics Bálint,magyar,https://www.uni-corvinus.hu/tantargyak/293NCOMV453B?semester=2020/21/1
Effective project team management,5,Professor Emerita Dr. Elekes Zsuzsanna,magyar,https://www.uni-corvinus.hu/tantargyak/VF00081LASB?semester=2025/26/1
Egészégszociológia,3,Prof. Brodszky Valentin Péter,magyar,https://www.uni-corvinus.hu/tantargyak/7SO30NAVL9M?semester=2019/20/2
"Egészség-finanszírozás, és szolgáltatás-finanszírozási technikák",6,Ágoston Kolos Csaba,magyar,https://www.uni-corvinus.hu/tantargyak/GKEK009NMMB?semester=2025/26/1
Egészségbiztosítás,3,Toarniczky Andrea,magyar,https://www.uni-corvinus.hu/tantargyak/4OP13NAK22M?semester=2024/25/2
Egészségipar,6,Dr. Fadgyas-Freyler Petra,magyar,https://www.uni-corvinus.hu/tantargyak/TARS182NAMB?semester=2025/26/1
Egészségpolitika és finanszírozás,6,Prof. Dr. Gulácsi László,magyar,https://www.uni-corvinus.hu/tantargyak/PHG_EGESZSEG_POL?semester=2019/20/2
Egészségpolitika és finanszírozás,3,Prof. Dr. Gulácsi László,magyar,https://www.uni-corvinus.hu/tantargyak/PHK_EGFIN?semester=2019/20/2
Egészségtudományok alapjai,4,Prof. Brodszky Valentin Péter,magyar,https://www.uni-corvinus.hu/tantargyak/4KO03NAK06B?semester=2025/26/1
Egészségturizmus,5,Dr. Simon Judit,magyar,https://www.uni-corvinus.hu/tantargyak/2MA41NAK08SM?semester=2025/26/1
Egészségügyi közgazdaságtan,6,Prof. Brodszky Valentin Péter,magyar,https://www.uni-corvinus.hu/tantargyak/4KO03LAV49M?semester=2019/20/2
Egészségügyi közgazdaságtan,6,Prof. Brodszky Valentin Péter,magyar,https://www.uni-corvinus.hu/tantargyak/4KO03NAV91M?semester=2025/26/1
Egészségügyi közgazdaságtan,4,Dr. Péntek Márta,magyar,https://www.uni-corvinus.hu/tantargyak/PHK_EGKOZG?semester=2019/20/2
Egészségügyi pénzügyi ismeretek,5,Dr. Fazakas Gergely,magyar,https://www.uni-corvinus.hu/tantargyak/PSBV078LMSB?semester=2024/25/2
Egészségügyi politika és finanszírozás,6,Prof. Brodszky Valentin Péter,magyar,https://www.uni-corvinus.hu/tantargyak/4KO03LAV48M?semester=2021/22/2
Egészségügyi politika és finanszírozás,6,Baji Petra,magyar,https://www.uni-corvinus.hu/tantargyak/4KO03NAV83M?semester=2020/21/1
Egyedi projektek vezetése,3,Dr. Blaskovics Bálint,magyar,https://www.uni-corvinus.hu/tantargyak/2SP72NAK01B?semester=2023/24/2
Egyedi projektek vezetése,3,Dr. Jelen Tibor,magyar,https://www.uni-corvinus.hu/tantargyak/2LK95LAK52B?semester=2019/20/2
Egyedi projektek vezetése,4,Dr. Blaskovics Bálint,magyar,https://www.uni-corvinus.hu/tantargyak/2SP72NAK36SB?semester=2025/26/1
Egyedi projektek vezetése,4,Dr. Blaskovics Bálint,magyar,https://www.uni-corvinus.hu/tantargyak/2SP72NAK02B?semester=2025/26/1
Egyedi projektek vezetése,6,Dr. Blaskovics Bálint,magyar,https://www.uni-corvinus.hu/tantargyak/VF00023NMBB?semester=2024/25/2
Egyedi projektek vezetése,6,Dr. Blaskovics Bálint,magyar,https://www.uni-corvinus.hu/tantargyak/VF00044NMBS?semester=2023/24/2
Egyedi projektek vezetése – duál,4,Dr. Blaskovics Bálint,magyar,https://www.uni-corvinus.hu/tantargyak/2SP72NAK37SB?semester=2025/26/1
Egyedi projektek vezetése I.,5,Prof. Dr. Szabó Lajos György,magyar,https://www.uni-corvinus.hu/tantargyak/2SP72LAK02S?semester=2020/21/1
Egyedi projektek vezetése II.,6,Prof. Dr. Szabó Lajos György,magyar,https://www.uni-corvinus.hu/tantargyak/2SP72LAK03S?semester=2019/20/2
Egyedi projektvezetés,5,Dr. Jelen Tibor,magyar,https://www.uni-corvinus.hu/tantargyak/2SP72NAK31CM?semester=2025/26/1
Egyedi projektvezetés (felzárkóztató),magyar,Dr. Papp-Horváth Viktória,magyar,https://www.uni-corvinus.hu/tantargyak/2SP72NAV04M?semester=2020/21/2
Egyén a szervezetben,5,Toarniczky Andrea,magyar,https://www.uni-corvinus.hu/tantargyak/2VE81NAV12M?semester=2025/26/1
Egyéni fejlesztési tervek készítése (szakdolgozat 2.),5,Csillik Olga,magyar,https://www.uni-corvinus.hu/tantargyak/7TD50LAKG2S?semester=2020/21/2
Együttműködés a HR szervezeten belül,4,Dr. Takács Sándor,magyar,https://www.uni-corvinus.hu/tantargyak/2VE81LAK66S?semester=2020/21/1
Eladásmenedzsment,3,Dr. Habil Gáti Mirkó György,magyar,https://www.uni-corvinus.hu/tantargyak/2MA41NCK03M?semester=2025/26/1
Electronic Commerce,6,dr. Kő Andrea,magyar,https://www.uni-corvinus.hu/tantargyak/293NBUSV489B?semester=2025/26/1
Élelem a 21. században,4,Dr. Török Áron,magyar,https://www.uni-corvinus.hu/tantargyak/2KA21NAV04B?semester=2024/25/2
Élelmezésbiztonság,4,Dr. Jámbor Attila,magyar,https://www.uni-corvinus.hu/tantargyak/2KA21LAK06S?semester=2019/20/2
Élelmiszer lánc menedzsment,6,Prof. Emetitus  Dr.Tóth József,magyar,https://www.uni-corvinus.hu/tantargyak/FENT010NMBB ?semester=2022/23/1
Élelmiszer-marketing,3,Dr. Török Áron,magyar,https://www.uni-corvinus.hu/tantargyak/VF00072NMMB?semester=2022/23/2
Élelmiszerbiztonság és minőségbiztosítás,magyar,Dr. Török Áron,magyar,https://www.uni-corvinus.hu/tantargyak/1MB42NBK01B?semester=2019/20/2
Élelmiszerlánc-biztonság,5,Dr. Lakatos László Péter,magyar,https://www.uni-corvinus.hu/tantargyak/2KA21NAK20B?semester=2020/21/2
Elements of Accounting,6,Dr. Szabó Imre,angol,https://www.uni-corvinus.hu/tantargyak/293NACCK191B?semester=2020/21/1
Elements of Mathematics,6,Dr. Szabó Imre,magyar,https://www.uni-corvinus.hu/tantargyak/PHK_MATALA?semester=2020/21/2
Elemi differencia és differenciál egyenletek a közgazdaságtanban és a pénzügyekben,3,Dr. Tallos Péter,magyar,https://www.uni-corvinus.hu/tantargyak/MSMT011NMBB?semester=2024/25/2
Elemi differencia és differenciálegyenletek a közgazdaságtanban és pénzügyben,3,Dr. Szabó Imre,magyar,https://www.uni-corvinus.hu/tantargyak/4MA12NAV63B?semester=2019/20/2
Elemi differencia és differenciálegyenletek a közgazdaságtanban és pénzügyben,3,Dr. Banyár József,magyar,https://www.uni-corvinus.hu/tantargyak/4MA12NAV63B-SPM?semester=2024/25/2
Életbiztosítás,2,Dr. Banyár József,magyar,https://www.uni-corvinus.hu/tantargyak/4BO11NIK02M?semester=2024/25/1
Életbiztosítás,magyar,Dr. Banyár József,magyar,https://www.uni-corvinus.hu/tantargyak/mm4n1eb1?semester=2020/21/1
Életbiztosítás,10,Ágoston Kolos Csaba,magyar,https://www.uni-corvinus.hu/tantargyak/MSOA038LMSB?semester=2025/26/1
Életbiztosítás praktikum,3,Dr. Banyár József,magyar,https://www.uni-corvinus.hu/tantargyak/4BO11NIK03M?semester=2024/25/1
Életbiztosítás praktikum,magyar,Dr. Banyár József,magyar,https://www.uni-corvinus.hu/tantargyak/mm4n2eb1?semester=2020/21/1
Életpálya pénzügyi tervezése,6,Toarniczky Andrea,magyar,https://www.uni-corvinus.hu/tantargyak/OPDO051NMOB?semester=2025/26/1
Életpálya-finanszírozás,4,Dr. Gelei Andrea,angol,https://www.uni-corvinus.hu/tantargyak/2BE52NAK10O?semester=2025/26/1
Elismerő feltárás és elismerő vezetés (Appreciative Inquiry),4,Dr. Gelei Andrea,magyar,https://www.uni-corvinus.hu/tantargyak/VTSM046LMSB?semester=2024/25/2
Ellátási lánc menedzsment,5,Dr. Gelei Andrea,magyar,https://www.uni-corvinus.hu/tantargyak/2VL60NBK01M?semester=2025/26/1
Ellátási lánc menedzsment,5,Dr. Gelei Andrea,magyar,https://www.uni-corvinus.hu/tantargyak/2VL60NCK10M?semester=2019/20/2
Ellátási lánc menedzsment,6,Dr. Gelei Andrea,magyar,https://www.uni-corvinus.hu/tantargyak/2VL60LAK62S?semester=2019/20/2
Ellátási lánc menedzsment – duál,5,Dr. Gelei Andrea,magyar,https://www.uni-corvinus.hu/tantargyak/2VL60NBK10MD?semester=2025/26/1
Ellenőrzés és könyvvizsgálat alapjai,3,Dr. Lukács János,magyar,https://www.uni-corvinus.hu/tantargyak/2SA53NCK10B?semester=2023/24/2
Ellenőrzés és könyvvizsgálat alapjai,3,Dr. Lukács János,magyar,https://www.uni-corvinus.hu/tantargyak/PSVS012NMBB?semester=2024/25/2
Elméleti és gyakorlati kihívások a monetáris politikában,3,Dr. László Csaba Sándor,magyar,https://www.uni-corvinus.hu/tantargyak/4MNBNAV11M?semester=2019/20/2
Elméleti és gyakorlati kihívások a monetáris politikában,3,Dr. Lehmann Kristóf,magyar,https://www.uni-corvinus.hu/tantargyak/4MNBNAV17M?semester=2019/20/2
Elméleti közgazdaságtan II.,6,Dr. Major Klára,magyar,https://www.uni-corvinus.hu/tantargyak/KOZG022LMMB?semester=2025/26/1
Elmélettörténet,3,Dr. Lehmann Kristóf,magyar,https://www.uni-corvinus.hu/tantargyak/KOZNX4MN02?semester=2019/20/2
Elocution,3,Dr. Kovács Gábor István,angol,https://www.uni-corvinus.hu/tantargyak/7PE20NEKD6B?semester=2019/20/2
EMBA Elective 1.,2,Toarniczky Andrea,magyar,https://www.uni-corvinus.hu/tantargyak/ADIN124LASB?semester=2024/25/2
EMBA Elective 2.,2,Toarniczky Andrea,magyar,https://www.uni-corvinus.hu/tantargyak/ADIN125LASB?semester=2024/25/2
EMBA Elective 3.,3,Toarniczky Andrea,magyar,https://www.uni-corvinus.hu/tantargyak/ADIN126LASB?semester=2024/25/2
EMBA Elective 4.,3,Toarniczky Andrea,magyar,https://www.uni-corvinus.hu/tantargyak/ADIN127LASB?semester=2024/25/2
Emberi erőforrás gazdálkodás,magyar,Szőts-Kováts Klaudia,magyar,https://www.uni-corvinus.hu/tantargyak/2VE81LAV18S?semester=2020/21/1
Emberi erőforrás menedzsment,4,Dr. Takács Sándor,magyar,https://www.uni-corvinus.hu/tantargyak/2VE81NGK01B?semester=2020/21/2
Emberi erőforrás menedzsment,5,Dr. Takács Sándor,magyar,https://www.uni-corvinus.hu/tantargyak/2VE81LAK16S?semester=2020/21/1
Emberi erőforrás menedzsment,3,Dr. Takács Sándor,magyar,https://www.uni-corvinus.hu/tantargyak/2LK95LAK22B?semester=2024/25/2
Emberi erőforrás menedzsment,5,Dr. Takács Sándor,magyar,https://www.uni-corvinus.hu/tantargyak/2VE81NAK08SM?semester=2025/26/1
Emberi erőforrás menedzsment I.,4,Bokor Attila,magyar,https://www.uni-corvinus.hu/tantargyak/2VE81LAK04S?semester=2020/21/1
Emberi jogok,3,Dr. Komanovics Adrienne Kinga,magyar,https://www.uni-corvinus.hu/tantargyak/7NK40NDK45M?semester=2020/21/2
Emberierőforrás menedzsment gyakorlati projekt,5,Dr. Takács Sándor,magyar,https://www.uni-corvinus.hu/tantargyak/2VE81NCK10M?semester=2025/26/1
Emberierőforrás-menedzsment,3,Kiss Csaba,magyar,https://www.uni-corvinus.hu/tantargyak/4EE21NAK03B?semester=2019/20/2
Emberierőforrás-menedzsment,5,Szőts-Kováts Klaudia,magyar,https://www.uni-corvinus.hu/tantargyak/2VE81NBK06B?semester=2025/26/1
Emberierőforrás-menedzsment,5,Szőts-Kováts Klaudia,magyar,https://www.uni-corvinus.hu/tantargyak/2VE81NBK26SB?semester=2025/26/1
Emberierőforrás-menedzsment a közszolgálatban,6,Dr. Primecz Henriett,magyar,https://www.uni-corvinus.hu/tantargyak/2VE81NDK12M?semester=2019/20/2
Emberközpontú gazdaság filozófiai/teológiai alapjai,3,Dr. Szilas Roland Ferenc,magyar,https://www.uni-corvinus.hu/tantargyak/8SAPIEMB01M?semester=2020/21/1
Emberközpontú közgazdaságtan,3,Dr. Szilas Roland Ferenc,magyar,https://www.uni-corvinus.hu/tantargyak/8SAPIEMB03M?semester=2019/20/2
Emelt szintű kvalitatív módszerek,6,Dr. Vicsek Lilla Mária,magyar,https://www.uni-corvinus.hu/tantargyak/7SO30NCK93M?semester=2019/20/2
Emelt szintű szakmai kommunikáció,3,Prof.Dr. Nagy Beáta,magyar,https://www.uni-corvinus.hu/tantargyak/7SO30NCKL6M?semester=2019/20/2
Emerging Asian Economies and MNCs Strategies,6,Dr. Szunomár Ágnes,angol,https://www.uni-corvinus.hu/tantargyak/PHN_EMERGASEC?semester=2019/20/2
Empirical Corporate Governance,5,Telegdy Álmos Márton,magyar,https://www.uni-corvinus.hu/tantargyak/PHKGI057?semester=2024/25/2
Empirical Corporate Governance,6,Telegdy Álmos Márton,magyar,https://www.uni-corvinus.hu/tantargyak/KOZG066NAMB?semester=2025/26/1
Empirical Corporate Governance,6,Telegdy Álmos Márton,magyar,https://www.uni-corvinus.hu/tantargyak/KOZG133NAMB?semester=2025/26/1
Empirical Corporate Governance and Management,6,Telegdy Álmos Márton,magyar,https://www.uni-corvinus.hu/tantargyak/MN00015NAMB?semester=2025/26/1
Empirical Finance,6,Dr. Samet Günay,magyar,https://www.uni-corvinus.hu/tantargyak/PENZ056NAMB?semester=2025/26/1
Empirical Industrial Organization,6,Bakó Barna,magyar,https://www.uni-corvinus.hu/tantargyak/KG00010NAMB?semester=2025/26/1
Empirical macroeconomics,6,Dr. Kónya István Tamás,magyar,https://www.uni-corvinus.hu/tantargyak/KG00085NABB?semester=2025/26/1
Empírikus elemzési módszerek,6,Hajnal György,egyéb,https://www.uni-corvinus.hu/tantargyak/4KO03NBK25M?semester=2019/20/2
Empirikus elemzési módszerek,6,Dr. Sugár András,magyar,https://www.uni-corvinus.hu/tantargyak/MSST014NMMB?semester=2025/26/1
Empirikus eszközárazás a kutatásokban,3,Dr. Kolozsi Pál Péter,magyar,https://www.uni-corvinus.hu/tantargyak/KOZNX4MN03?semester=2020/21/1
Empirikus közgazdasági elemzések Stata-ban,6,Dr. Tőkés László,magyar,https://www.uni-corvinus.hu/tantargyak/4MA23NAK42B?semester=2022/23/2
Empirikus közgazdasági elemzések STATA-ban,6,Dr. Tőkés László,magyar,https://www.uni-corvinus.hu/tantargyak/KG00058NMBB?semester=2025/26/1
Empirikus közgazdasági elemzések STATA-ban,6,Dr. Tőkés László,magyar,https://www.uni-corvinus.hu/tantargyak/KG00090NMBB?semester=2023/24/1
Empirikus makroökonómia,6,Dr. Kónya István Tamás,magyar,https://www.uni-corvinus.hu/tantargyak/KG00084NMBB?semester=2025/26/1
Empirikus makroökonómia,6,Dr. Kónya István Tamás,magyar,https://www.uni-corvinus.hu/tantargyak/KG00134NMBB?semester=2023/24/2
Empirikus pénzügyek,5,Dr. Csóka Péter,magyar,https://www.uni-corvinus.hu/tantargyak/2BE52NAK08M?semester=2022/23/1
Empirikus pénzügyek,3,Dr. Makara Tamás,magyar,https://www.uni-corvinus.hu/tantargyak/2BE52NAK13M?semester=2023/24/2
Empirikus vállalatvezetés és menedzsment,6,Telegdy Álmos Márton,magyar,https://www.uni-corvinus.hu/tantargyak/MN00031NMMB?semester=2025/26/1
Energiapiacok elemzési módszertana I.,3,Dr. Sugár András,magyar,https://www.uni-corvinus.hu/tantargyak/2KT51LCK13S?semester=2020/21/1
Energiapiacok elemzési módszertana II.,3,Dr. Sugár András,magyar,https://www.uni-corvinus.hu/tantargyak/2KT51LCK14S?semester=2019/20/2
Energy law,3,Szabó László,magyar,https://www.uni-corvinus.hu/tantargyak/REKK016LASB?semester=2024/25/2
Energy Policy,3,Szabó László,magyar,https://www.uni-corvinus.hu/tantargyak/REKK026LASB?semester=2024/25/2
Energy Transition and Innovation,magyar,Klein Attila,magyar,https://www.uni-corvinus.hu/tantargyak/4DDGRK5?semester=2025/26/1
English for Academic Purposes – Communication and Media Studies II.,3,Philip Jeffrey Saxon,magyar,https://www.uni-corvinus.hu/tantargyak/IOK0329NABB?semester=2024/25/2
English for Career Purposes,3,Ward Jr. Stanley Allen,magyar,https://www.uni-corvinus.hu/tantargyak/IOK0003NABB?semester=2024/25/2
English for Specific Purposes I.,5,Ward Jr. Stanley Allen,magyar,https://www.uni-corvinus.hu/tantargyak/MAME028NABB?semester=2025/26/1
English for Specific Purposes II.,5,Ward Jr. Stanley Allen,magyar,https://www.uni-corvinus.hu/tantargyak/MAME029NABB?semester=2024/25/2
English for Specific Purposes II.,3,Ward Jr. Stanley Allen,magyar,https://www.uni-corvinus.hu/tantargyak/MAMM022NABB?semester=2024/25/2
English for the Profession,3,Dr. Farkas-Bede Katalin,angol,https://www.uni-corvinus.hu/tantargyak/7PO10NCK77M?semester=2019/20/2
English Proficiency,3,Dr. Farkas-Bede Katalin,angol,https://www.uni-corvinus.hu/tantargyak/7PO10NCVA1B?semester=2019/20/2
Enterprise architecture,5,dr. Szabó Zoltán,magyar,https://www.uni-corvinus.hu/tantargyak/2IR32EAK21S?semester=2021/22/1
Enterprise Architecture,6,dr. Szabó Zoltán,angol,https://www.uni-corvinus.hu/tantargyak/293NBISK606M?semester=2020/21/1
Enterprise Info Systems,magyar,Dr. Pintér Éva,magyar,https://www.uni-corvinus.hu/tantargyak/4DDAAK28?semester=2025/26/1
Entrepreneurship and Strategy,6,Dr. Stocker Miklós György,magyar,https://www.uni-corvinus.hu/tantargyak/PHG072?semester=2024/25/2
Environmental and Climate Policy,3,Dr. Széchy Anna Zsófia,angol,https://www.uni-corvinus.hu/tantargyak/7GF20NAV11B?semester=2022/23/2
Environmental Economics,3,Dr. Kocsis Tamás,angol,https://www.uni-corvinus.hu/tantargyak/2KG23NAK05B?semester=2019/20/2
Environmental Economics and Policy,6,Dr. Széchy Anna Zsófia,magyar,https://www.uni-corvinus.hu/tantargyak/FENT013NAMB?semester=2025/26/1
Environmental Management,6,Dr. Csutora Mária,angol,https://www.uni-corvinus.hu/tantargyak/293NMANK479B?semester=2019/20/2
Építészeti és kivitelezés menedzsment ismeretek,5,Deutsch Nikolett,magyar,https://www.uni-corvinus.hu/tantargyak/2VP73LAK04S?semester=2024/25/2
Equal Opportunity Policies,3,Dr. Pásztor Adél,magyar,https://www.uni-corvinus.hu/tantargyak/7SO30NGKF9B?semester=2020/21/2
Equal Opportunity Policies,6,Dr. Gál Róbert,magyar,https://www.uni-corvinus.hu/tantargyak/7SO30NDVT8B?semester=2025/26/1
Equity Financing,6,Dr. Vaskövi Ágnes,magyar,https://www.uni-corvinus.hu/tantargyak/VF00143NAMB?semester=2025/26/1
Erasmus International Business Elective 1,6,Dr. Kacsirek László,magyar,https://www.uni-corvinus.hu/tantargyak/2SZ74NAK16B?semester=2020/21/1
Erasmus International Business Elective 2,6,Dr. Kacsirek László,angol,https://www.uni-corvinus.hu/tantargyak/2SZ74NAK17B?semester=2020/21/1
Erasmus kötelezően választható 1,4,Dr. Kacsirek László,magyar,https://www.uni-corvinus.hu/tantargyak/2SZ74NAK13B?semester=2020/21/1
Erasmus kötelezően választható 2,4,Dr. Kacsirek László,magyar,https://www.uni-corvinus.hu/tantargyak/2SZ74NAK14B?semester=2020/21/1
Erasmus kötelezően választható 2,4,Dr. Kacsirek László,magyar,https://www.uni-corvinus.hu/tantargyak/2SZ74NAK02M?semester=2025/26/1
Erasmus kötelezően választható 3,4,Dr. Kacsirek László,magyar,https://www.uni-corvinus.hu/tantargyak/2SZ74NAK15B?semester=2025/26/1
Erasmus kötelezően választható 3,4,Dr. Kacsirek László,magyar,https://www.uni-corvinus.hu/tantargyak/2SZ74NAK03M?semester=2025/26/1
Eredményalapú tanulás és tanítás,2,Pálvölgyi Krisztián,magyar,https://www.uni-corvinus.hu/tantargyak/7TD50LPK15M?semester=2021/22/2
Eredményelemzés és szolvencia,4,Ágoston Kolos Csaba,magyar,https://www.uni-corvinus.hu/tantargyak/4BO11NIK19M?semester=2024/25/2
Eredményelemzés és szolvencia,6,Professor Emerita Dr. Kovács Erzsébet,magyar,https://www.uni-corvinus.hu/tantargyak/4BO11LIK03S?semester=2025/26/1
Eredményelemzés és szolvencia,6,Dr. Szüle Borbála,magyar,https://www.uni-corvinus.hu/tantargyak/MSOA044LMSB?semester=2024/25/2
ERP – SAP R/3,5,dr. Ternai Katalin,magyar,https://www.uni-corvinus.hu/tantargyak/2LK95LAK95B?semester=2024/25/2
Értékalapú szolgáltatás és biztosítás vásárlás,6,Baji Petra,magyar,https://www.uni-corvinus.hu/tantargyak/4KO03NBV16M?semester=2019/20/2
Értékesítési és eladástechnikák,3,Dr. Galla Daniella Dominika,magyar,https://www.uni-corvinus.hu/tantargyak/2MA41NCK04B?semester=2025/26/1
Értékesítési és eladástechnikák,3,Dr. Habil Gáti Mirkó György,magyar,https://www.uni-corvinus.hu/tantargyak/2LK95LAK56B?semester=2019/20/2
Értékesítési és eladástechnikák,4,Dr. Galla Daniella Dominika,magyar,https://www.uni-corvinus.hu/tantargyak/MAME030NABB?semester=2025/26/1
Értékesítési és eladástechnikák,magyar,Dr. Habil Agárdi Irma,magyar,https://www.uni-corvinus.hu/tantargyak/KM/SPOMdb/TOP/17 ?semester=2025/26/1
Értékesítési rendszer,5,Dr. Zsolnai László,magyar,https://www.uni-corvinus.hu/tantargyak/2MA41NBK05M?semester=2019/20/2
Értékteremtés egy fenntartható világ számára,6,Dr. Vörösmarty Gyöngyi,magyar,https://www.uni-corvinus.hu/tantargyak/CIAS003NMBB?semester=2025/26/1
Értékteremtő folyamatok,5,Losonci Dávid,magyar,https://www.uni-corvinus.hu/tantargyak/VGLE047LMSB?semester=2024/25/2
Értékteremtő folyamatok menedzsmentje,5,Losonci Dávid,egyéb,https://www.uni-corvinus.hu/tantargyak/2VL60NBK02SM?semester=2020/21/1
Érzelmek a gazdasági döntésekben – a viselkedés gazdaságtana,6,Kiss Hubert János,magyar,https://www.uni-corvinus.hu/tantargyak/4OG33NAV24B?semester=2019/20/2
Esélyegyenlőség biztosításának feltételei,4,Prof.Dr. Nagy Beáta,magyar,https://www.uni-corvinus.hu/tantargyak/7SO30LAK04S?semester=2019/20/2
Esélyegyenlőségi politikák,3,Prof.Dr. Nagy Beáta,magyar,https://www.uni-corvinus.hu/tantargyak/7SO30NGKM3B?semester=2021/22/1
Esélyegyenlőségi tanulmányok I.,3,Dr. Gál Róbert,magyar,https://www.uni-corvinus.hu/tantargyak/7SO30NGKJ9B?semester=2021/22/1
Esélyegyenlőségi tanulmányok II.,3,Dr. Gál Róbert,magyar,https://www.uni-corvinus.hu/tantargyak/7SO30NGKK1B?semester=2020/21/2
Eseménymenedzsment,5,Dr. Ásványi Katalin,magyar,https://www.uni-corvinus.hu/tantargyak/2GF26NCK04B?semester=2025/26/1
Eseménymenedzsment,5,Dr. Jászberényi Melinda,magyar,https://www.uni-corvinus.hu/tantargyak/2MA41NAV04M?semester=2019/20/2
ESG a turizmusban I.,5,Dr. Kökény László,magyar,https://www.uni-corvinus.hu/tantargyak/FENT085LMSB?semester=2025/26/1
ESG alapjai és szabályozása,5,Dr. Ásványi Katalin,magyar,https://www.uni-corvinus.hu/tantargyak/FENT078LMSB?semester=2024/25/2
ESG reporting,5,Dr. Márton András,magyar,https://www.uni-corvinus.hu/tantargyak/FENT068LASB?semester=2025/26/1
ESG számviteli kérdései,5,Reizingerné Dr. Ducsai Anita,magyar,https://www.uni-corvinus.hu/tantargyak/SZAM096LMSB?semester=2024/25/2
ESG-beszámoló-készítés és riporting,5,Dr. Márton András,magyar,https://www.uni-corvinus.hu/tantargyak/FENT079LMSB?semester=2025/26/1
Essay-Academic writing,6,Dr. Rosta Miklós,angol,https://www.uni-corvinus.hu/tantargyak/KOZNXV4OG13?semester=2020/21/1
Essentials of Investing,6,Dr. Váradi Kata,angol,https://www.uni-corvinus.hu/tantargyak/293NFINV441B?semester=2020/21/1
"Esszéírás, kutatásmódszertan",6,Dr. Rosta Miklós,magyar,https://www.uni-corvinus.hu/tantargyak/4OG33NAV29B?semester=2020/21/1
Eszközárazás és portfóliókezelés,3,Dr. Lovas Anita,egyéb,https://www.uni-corvinus.hu/tantargyak/2BE52NAV08M?semester=2020/21/1
Ethics,6,Brown Eric John,magyar,https://www.uni-corvinus.hu/tantargyak/TARS047NABB?semester=2024/25/2
Ethics and Corporate Responsibility,3,Dr. Ásványi Katalin,magyar,https://www.uni-corvinus.hu/tantargyak/MAMM001NAMB?semester=2025/26/1
Ethics and Green Finance,3,Németh-Durkó Emilia,magyar,https://www.uni-corvinus.hu/tantargyak/PSBV106NAMB?semester=2024/25/2
"Ethnicity, Rural Society and Folk Culture in Historic Hungary",magyar,Dr. Toronyai Gábor,magyar,https://www.uni-corvinus.hu/tantargyak/293NSOCV448B?semester=2025/26/1
Etika alapjai,3,Dr. Csedő Zoltán,magyar,https://www.uni-corvinus.hu/tantargyak/7FI01NDV70B?semester=2023/24/2
Etikus közgazdaságtan,magyar,dr. Kemenszky Ágnes,magyar,https://www.uni-corvinus.hu/tantargyak/4MNBNAV09M?semester=2019/20/2
Etikus közgazdaságtan,magyar,Dr. Benczes István Zsolt,magyar,https://www.uni-corvinus.hu/tantargyak/KOZNX4MN04?semester=2019/20/2
Etikus vállalat,5,Dr. Benczes István Zsolt,magyar,https://www.uni-corvinus.hu/tantargyak/2VE81LAV06S?semester=2020/21/1
Etnikai konfliktusok és etnonacionalizmus,3,Dr. Mizik Tamás,magyar,https://www.uni-corvinus.hu/tantargyak/7NK40NFV64B?semester=2024/25/1
EU – European Economic Governance,6,Dr. Nagy Sándor Gyula,magyar,https://www.uni-corvinus.hu/tantargyak/GLOB014NAMB?semester=2025/26/1
EU and Hungarian company law,5,Dr. Metzinger Péter,magyar,https://www.uni-corvinus.hu/tantargyak/PSGJ005LAMB?semester=2025/26/1
EU Council decision-making simulation,magyar,Dr. Benczes István Zsolt,magyar,https://www.uni-corvinus.hu/tantargyak/7NK40NDVH2B?semester=2019/20/2
EU Economic Policies,6,Dr. Andor László,angol,https://www.uni-corvinus.hu/tantargyak/KOZNXV4VI31?semester=2025/26/1
EU Employment Policy,6,Dr. Matura Tamás Attila,magyar,https://www.uni-corvinus.hu/tantargyak/4GP02NAK18M?semester=2019/20/2
EU és Kelet-Ázsia kapcsolatrendszere,3,Dr. Kengyel Ákos,magyar,https://www.uni-corvinus.hu/tantargyak/7NK40NGVI7M?semester=2021/22/2
EU integrációs alapismeretek,3,Dr. Péti Márton,magyar,https://www.uni-corvinus.hu/tantargyak/4VG32NAK01B?semester=2019/20/2
EU kohéziós és regionális politika,3,Dr. Péti Márton,magyar,https://www.uni-corvinus.hu/tantargyak/7GF20NAK39M?semester=2021/22/2
EU kohéziós és regionális politika,3,dr. Forman Balázs,magyar,https://www.uni-corvinus.hu/tantargyak/7GF20LSZ39M?semester=2019/20/2
EU környezetvédelmi politika,3,Dr. Kengyel Ákos,magyar,https://www.uni-corvinus.hu/tantargyak/5SZ09NAK03B?semester=2019/20/2
EU közös politikái,6,Miklós Gábor,magyar,https://www.uni-corvinus.hu/tantargyak/4VG32NAV74M?semester=2025/26/1
EU Negotiations Simulation,6,Dr. Nagy Sándor Gyula,angol,https://www.uni-corvinus.hu/tantargyak/7VG32NAV14M?semester=2020/21/2
EU Politics and Governance,6,dr. Gálik Zoltán,magyar,https://www.uni-corvinus.hu/tantargyak/GLOB086NAMB?semester=2024/25/2
"EU támogatások, pályázatírás és menedzsment",6,Dr. Nagy Sándor Gyula,magyar,https://www.uni-corvinus.hu/tantargyak/4VG32NBV51M?semester=2025/26/1
"EU tax law II: VAT, customs and excise duty",6,Dr. Erdős Gabriella,magyar,https://www.uni-corvinus.hu/tantargyak/PSGJ007LAMB?semester=2025/26/1
Eu-Deutsch,3,Dr. Bradean-Ebinger Nelu,német,https://www.uni-corvinus.hu/tantargyak/7NK40NDV87B?semester=2022/23/1
Európa a világgazdaságban,3,dr. Szűcs Anita,magyar,https://www.uni-corvinus.hu/tantargyak/7NK40NFKF7M?semester=2019/20/2
Európa gazdaságtörténete (XIX.-XX. század),magyar,dr. Szűcs Anita,magyar,https://www.uni-corvinus.hu/tantargyak/4MI25NAV11B?semester=2019/20/2
Európa regionális földrajza,3,Dr. Jeney László Botond,magyar,https://www.uni-corvinus.hu/tantargyak/7GF20NAK03M?semester=2024/25/2
Európa regionális földrajza,3,Dr. Jeney László Botond,magyar,https://www.uni-corvinus.hu/tantargyak/7GF20LSZ03M?semester=2019/20/2
Európa-tanulmányok,3,Kőváriné dr. Ignáth Éva,magyar,https://www.uni-corvinus.hu/tantargyak/7NK40NCKI6B?semester=2024/25/2
Európai biztonsági rendszerek,3,dr. Gálik Zoltán,magyar,https://www.uni-corvinus.hu/tantargyak/7NK40NBK14M?semester=2019/20/2
Európai foglalkoztatás-politika,3,Dr. Andor László,magyar,https://www.uni-corvinus.hu/tantargyak/4GP02NAV14M?semester=2020/21/2
Európai gazdasági integráció,3,Dr. Kengyel Ákos,magyar,https://www.uni-corvinus.hu/tantargyak/7NK40NGK87B?semester=2024/25/2
Európai integráció fejlődése,6,Kőváriné dr. Ignáth Éva,magyar,https://www.uni-corvinus.hu/tantargyak/7NK40NGK86B?semester=2024/25/2
Európai közösségi jog,6,Dr. Komanovics Adrienne Kinga,magyar,https://www.uni-corvinus.hu/tantargyak/7NK40NGK17B?semester=2022/23/1
Európai közösségi jog,6,Dr. Kaponyi Erzsébet,magyar,https://www.uni-corvinus.hu/tantargyak/7NK40NCV17M?semester=2024/25/1
Európai kül- és biztonságpolitika,3,dr. Gálik Zoltán,magyar,https://www.uni-corvinus.hu/tantargyak/7NK40NBKH8M?semester=2019/20/2
Európai oktatásügyi integrációs folyamatok,4,Dr. Köpeczi Bócz Tamás,magyar,https://www.uni-corvinus.hu/tantargyak/7PE20LAK02S?semester=2020/21/2
Európai politikák,6,Dr. Kengyel Ákos,magyar,https://www.uni-corvinus.hu/tantargyak/7NK40NGK75B?semester=2023/24/2
Európai regionális és gazdasági földrajz,3,Dr. Jeney László Botond,magyar,https://www.uni-corvinus.hu/tantargyak/7GF20NAK07B?semester=2019/20/2
Európai uniós döntéshozatal – tárgyalás szimuláció,6,Dr. Nagy Sándor Gyula,angol,https://www.uni-corvinus.hu/tantargyak/4VG32NBV52M?semester=2019/20/2
Európai uniós fejlesztési források,5,Dr. Kengyel Ákos,magyar,https://www.uni-corvinus.hu/tantargyak/NPNK032LMSB?semester=2024/25/1
Európai uniós fejlesztési források,5,Dr. Kengyel Ákos,magyar,https://www.uni-corvinus.hu/tantargyak/NPNK047EMSB?semester=2023/24/1
Európai Uniós ismeretek,3,Dr. Kengyel Ákos,magyar,https://www.uni-corvinus.hu/tantargyak/7NK40NGK89B?semester=2024/25/1
Európai uniós ismeretek,3,Dr. Kengyel Ákos,magyar,https://www.uni-corvinus.hu/tantargyak/7NK40NSZ89B?semester=2020/21/2
Európai Uniós tagállamok makrogazdasági politikái,6,Dr. Nagy Sándor Gyula,magyar,https://www.uni-corvinus.hu/tantargyak/4VG32NBK80M?semester=2020/21/1
Europäisches Vertragsrecht,5,Dr. Lajer Zsolt Csaba,magyar,https://www.uni-corvinus.hu/tantargyak/2JO11NAV03M?semester=2019/20/2
Európán kívüli térségek,3,Dr. Csicsmann László,magyar,https://www.uni-corvinus.hu/tantargyak/7NK40NAK74M?semester=2021/22/2
Európán kívüli térségek,3,Dr. Matura Tamás Attila,magyar,https://www.uni-corvinus.hu/tantargyak/7NK40LSZ74M?semester=2021/22/2
Európán kívüli térségek kultúrái és politikai rendszerei,3,Dr. Matura Tamás Attila,magyar,https://www.uni-corvinus.hu/tantargyak/7NK40NGKM1M?semester=2021/22/2
European Business and Tax Law,6,Dr. Csöndes Mónika,magyar,https://www.uni-corvinus.hu/tantargyak/SZAM087NAMB?semester=2025/26/1
European Community Law,6,Dr. Komanovics Adrienne Kinga,angol,https://www.uni-corvinus.hu/tantargyak/7NK40NGKB1B?semester=2019/20/2
European Economic Governance,6,Dr. Benczes István Zsolt,angol,https://www.uni-corvinus.hu/tantargyak/KOZNXV4VI96?semester=2020/21/1
European Economic Governance,6,Dr. Benczes István Zsolt,magyar,https://www.uni-corvinus.hu/tantargyak/PHN_EUROP?semester=2024/25/2
European Economic Integration,3,Dr. Kengyel Ákos,magyar,https://www.uni-corvinus.hu/tantargyak/7NK40NGKB2B?semester=2024/25/2
European Policies of the EU Member States I.,3,dr. Gálik Zoltán,angol,https://www.uni-corvinus.hu/tantargyak/7NK40NDKB4M?semester=2020/21/1
European political integration – Foreign and security policy of the EU,6,dr. Gálik Zoltán,magyar,https://www.uni-corvinus.hu/tantargyak/PHN_Political Integration?semester=2024/25/2
European Private Law,6,Dr. Dudás Gábor János,magyar,https://www.uni-corvinus.hu/tantargyak/293NLAWK562M?semester=2025/26/1
European Taxation,6,Dr. Deák Dániel,magyar,https://www.uni-corvinus.hu/tantargyak/4OG33NAV38B?semester=2025/26/1
European Taxation,6,Dr. Erdős Gabriella,magyar,https://www.uni-corvinus.hu/tantargyak/KOZNXV4OG22?semester=2025/26/1
European Union Law,6,Dr. Komanovics Adrienne Kinga,magyar,https://www.uni-corvinus.hu/tantargyak/293NLAWV515B?semester=2020/21/1
European Union Law,6,Dr. Komanovics Adrienne Kinga,magyar,https://www.uni-corvinus.hu/tantargyak/7NK40NGKQ1B?semester=2024/25/2
European Union module,4,Dr. Benczes István Zsolt,magyar,https://www.uni-corvinus.hu/tantargyak/PHN_EUECO?semester=2025/26/1
European Union Politics,6,Dr. Walsch Christopher Jakob,magyar,https://www.uni-corvinus.hu/tantargyak/293NPOLV386B?semester=2025/26/1
European Union SME policies,6,Dr. Nagy Sándor Gyula,magyar,https://www.uni-corvinus.hu/tantargyak/GLOB016NAMB?semester=2025/26/1
European Union SME policies,6,Dr. Nagy Sándor Gyula,magyar,https://www.uni-corvinus.hu/tantargyak/GLOB096NAMB?semester=2024/25/2
Evaluating Social Interventions,6,Dr. Moksony Ferenc,magyar,https://www.uni-corvinus.hu/tantargyak/7SO30NHKI9M?semester=2025/26/1
Éves beszámoló elemzése,3,Reizingerné Dr. Ducsai Anita,magyar,https://www.uni-corvinus.hu/tantargyak/2SA53NAK04B?semester=2021/22/1
Éves beszámoló elemzése,3,Reizingerné Dr. Ducsai Anita,magyar,https://www.uni-corvinus.hu/tantargyak/2SA53NAK42SB?semester=2020/21/1
Éves beszámoló elemzése,4,Reizingerné Dr. Ducsai Anita,magyar,https://www.uni-corvinus.hu/tantargyak/2LK95LBK37B?semester=2025/26/1
Éves beszámoló összeállítása és elemzése,5,Baricz Rezső,magyar,https://www.uni-corvinus.hu/tantargyak/2SA53NCK09B?semester=2025/26/1
Excel alapok,magyar,Dr. Láng Blanka Klára,magyar,https://www.uni-corvinus.hu/tantargyak/PSBV056NMBB?semester=2024/25/2
Exploring Corporate Strategy,6,Ivanov Denis,magyar,https://www.uni-corvinus.hu/tantargyak/NPVG002NABB?semester=2025/26/1
Export and corporate finance in practice,6,Bakó Barna,magyar,https://www.uni-corvinus.hu/tantargyak/KOZG007NAMB?semester=2024/25/2
Export and corporate finance in practice,6,Bakó Barna,magyar,https://www.uni-corvinus.hu/tantargyak/KOZG073NAMB?semester=2024/25/2
Export Financing,4,Dr. Kacsirek László,magyar,https://www.uni-corvinus.hu/tantargyak/2SZ74NAK06B?semester=2025/26/1
Exporttámogatás és exporthitel,3,Bakó Barna,magyar,https://www.uni-corvinus.hu/tantargyak/4MI25NAV46B?semester=2020/21/1
Exporttámogatás és exporthitel,3,Bakó Barna,magyar,https://www.uni-corvinus.hu/tantargyak/KOZNXV4MI23?semester=2022/23/1
Fachsprache Internationale Studien,3,Dr. Bradean-Ebinger Nelu,német,https://www.uni-corvinus.hu/tantargyak/7NK40NHK44B?semester=2021/22/2
Facility Management,4,Dr. Bagó Péter,magyar,https://www.uni-corvinus.hu/tantargyak/VGUG036LMSB?semester=2023/24/2
Factors affecting the development of fertility,magyar,Dr. Tasnádi Attila,angol,https://www.uni-corvinus.hu/tantargyak/GKKK020NAMB?semester=2025/26/1
Fair Division,6,Dr. Wieszt Attila,angol,https://www.uni-corvinus.hu/tantargyak/KOZQ723MA05?semester=2019/20/2
Fairness in Economics: Normative and Positive Perspectives,magyar,Dr. Wieszt Attila,magyar,https://www.uni-corvinus.hu/tantargyak/KOZNXV4KZ60?semester=2025/26/1
"Family Law, family legislation",6,Dr. Bán Dániel,magyar,https://www.uni-corvinus.hu/tantargyak/GKKK011NAMB?semester=2025/26/1
Farm menedzsment,4,Dr. Török Áron,magyar,https://www.uni-corvinus.hu/tantargyak/2KA21NDK17B?semester=2025/26/1
FDI and Multinational Firms in Developing Countries,6,Dr. Szunomár Ágnes,magyar,https://www.uni-corvinus.hu/tantargyak/7VG32NBVG3M?semester=2025/26/1
Fegyverzetkorlátozás-tanulmányok,magyar,Dr. Banyár József,magyar,https://www.uni-corvinus.hu/tantargyak/7NK40NFVB6B?semester=2019/20/2
Fejezetek a biztosításból,6,Dr. Banyár József,magyar,https://www.uni-corvinus.hu/tantargyak/4OP13NAK27B?semester=2025/26/1
Fejezetek a biztosításból,5,Dr. Magyarkuti Gyula,magyar,https://www.uni-corvinus.hu/tantargyak/4OP13NAK06O?semester=2025/26/1
Fejezetek a haladó matematikából,5,Dr. Szakál Szilvia,magyar,https://www.uni-corvinus.hu/tantargyak/4MA12NAK11O?semester=2024/25/1
Fejezetek a matematikából,5,Dr. Megyeri Krisztina,magyar,https://www.uni-corvinus.hu/tantargyak/4MA12EAK03M?semester=2020/21/1
Fejezetek a matematikából,4,Dr. Megyeri Krisztina,magyar,https://www.uni-corvinus.hu/tantargyak/4MA12NAK07M?semester=2021/22/1
Fejezetek a matematikából II.,6,Dr. Megyeri Krisztina,magyar,https://www.uni-corvinus.hu/tantargyak/MSMT029NMBB-SPM?semester=2025/26/1
Fejezetek a matematikából III.,5,Dr. Medvedev Péter,magyar,https://www.uni-corvinus.hu/tantargyak/4MA12NAK32B?semester=2020/21/1
Fejezetek a matematikából III.,6,Bednay Dezső,magyar,https://www.uni-corvinus.hu/tantargyak/MSMT030NMBB-SPM?semester=2025/26/1
Fejezetek a matematikából IV.,6,Dr. Szabó Imre,magyar,https://www.uni-corvinus.hu/tantargyak/MSMT031NMBB-SPM?semester=2025/26/1
Fejezetek a matematikából IV. (IMP-SPM),5,Dr. Medvedev Péter,magyar,https://www.uni-corvinus.hu/tantargyak/4MA12NAK35B?semester=2020/21/2
Fejezetek a szociálpszichológiából,3,Szabó Zsolt Péter,magyar,https://www.uni-corvinus.hu/tantargyak/7PE20NCV97B?semester=2024/25/2
Fejezetek matematikából I.,5,Dr. Megyeri Krisztina,magyar,https://www.uni-corvinus.hu/tantargyak/4MA12NAK24B?semester=2023/24/1
Fejlesztési és kohéziós politikák,3,Dr. Péti Márton,magyar,https://www.uni-corvinus.hu/tantargyak/7GF20NAK20M?semester=2020/21/1
Fejlesztéspolitika és programmenedzsment,6,Dr. Péti Márton,magyar,https://www.uni-corvinus.hu/tantargyak/4KO03NBK92M?semester=2022/23/2
Fejlesztéspolitikai menedzsment és programozás,6,Dr. Péti Márton,magyar,https://www.uni-corvinus.hu/tantargyak/7GF20NAK18M?semester=2025/26/1
Fejlesztéspolitikai programozás és menedzsment,3,Dr. Péti Márton,magyar,https://www.uni-corvinus.hu/tantargyak/7GF20NAK40M?semester=2021/22/2
Fejlesztéspolitikai programozás és menedzsment,3,Dr. Péti Márton,magyar,https://www.uni-corvinus.hu/tantargyak/7GF20LSZ40M?semester=2019/20/2
Fejlesztéspolitikai programozás és pályázatírás,3,Dr. Lieszkovszky József Pál,magyar,https://www.uni-corvinus.hu/tantargyak/FENT005NMBB?semester=2025/26/1
Fejlődésgazdaságtan,6,Tétényi András,magyar,https://www.uni-corvinus.hu/tantargyak/4VG32NAK04M?semester=2019/20/2
Felelős beszerzés és fenntartható erőforrásmenedzsment,5,Dr. Csutora Mária,magyar,https://www.uni-corvinus.hu/tantargyak/FENT081LMSB?semester=2025/26/1
Felelős marketing,4,Dr. Faludi Julianna,magyar,https://www.uni-corvinus.hu/tantargyak/2LK95LBK47B?semester=2024/25/2
Felelős vezetői kommunikáció és kompetenciafejlesztés,5,Dr. Komár Zita,magyar,https://www.uni-corvinus.hu/tantargyak/MAMM025NMMB?semester=2024/25/2
Felhasználói felületek és üzleti logika,3,Dr. Mohácsi László,magyar,https://www.uni-corvinus.hu/tantargyak/2SZ31NAV01B?semester=2019/20/2
Felsőoktatás-politika,3,Dr. Hrubos Mária Ildikó,magyar,https://www.uni-corvinus.hu/tantargyak/7SO30NGV28M?semester=2019/20/2
Felsőoktatási rendszerek,3,Dr. Hrubos Mária Ildikó,magyar,https://www.uni-corvinus.hu/tantargyak/7SO30NFV60B?semester=2020/21/1
Feltételes szélsőértékfeladatok a közgazdaságtanban,4,Dr. Kánnai Zoltán,magyar,https://www.uni-corvinus.hu/tantargyak/4MA12NAV64B?semester=2020/21/2
Feltörekvő vállalatok működőtőke-befektetései,6,Dr. Szunomár Ágnes,magyar,https://www.uni-corvinus.hu/tantargyak/7NK40NFVB4M?semester=2025/26/1
Feminine Rhetoric,3,Dr. Komár Zita,angol,https://www.uni-corvinus.hu/tantargyak/7PE20NDVI3B?semester=2019/20/2
Fenntartható beszerzés,4,Dr. Diófási Orsolya,magyar,https://www.uni-corvinus.hu/tantargyak/2VL60LAK36S?semester=2021/22/2
Fenntartható értékteremtés,6,Dr. Zsolnai László,magyar,https://www.uni-corvinus.hu/tantargyak/PSGK004NABB?semester=2025/26/1
Fenntartható értékteremtés,6,Dr. Zsolnai László,magyar,https://www.uni-corvinus.hu/tantargyak/PSGK003NMBB?semester=2025/26/1
"Fenntartható fejlődés, környezetgazdaságtan",4,Dr. Kocsis Tamás,magyar,https://www.uni-corvinus.hu/tantargyak/2KG23NCV01B?semester=2025/26/1
"Fenntartható közlekedéspolitika, közlekedésgazdaságtan",3,Dr. Lieszkovszky József Pál,magyar,https://www.uni-corvinus.hu/tantargyak/7GF20NBV13M?semester=2022/23/2
"Fenntartható közlekedéspolitika, közlekedésgazdaságtan",3,Dr. Lieszkovszky József Pál,magyar,https://www.uni-corvinus.hu/tantargyak/NPGG12LMMSZ?semester=2020/21/2
Fenntartható politikák,3,Dr. Kocsis Tamás,magyar,https://www.uni-corvinus.hu/tantargyak/7GF20NAK73M?semester=2020/21/2
Fenntartható turizmus és CSR,5,Dr. Ásványi Katalin,magyar,https://www.uni-corvinus.hu/tantargyak/2ME43LAK31S?semester=2023/24/2
Fenntartható városok és városfejlesztés,6,Dr. Salamin Géza,magyar,https://www.uni-corvinus.hu/tantargyak/FENT009NMBB?semester=2025/26/1
Fenntarthatósági esettanulmányok,5,Prof. Dr. Zsóka Ágnes,magyar,https://www.uni-corvinus.hu/tantargyak/2KG23NDK10B?semester=2025/26/1
Fenntarthatósági menedzsment esettanulmányok,6,Prof. Dr. Zsóka Ágnes,magyar,https://www.uni-corvinus.hu/tantargyak/MAME016NMBB?semester=2025/26/1
Fenntarthatóságot szolgáló menedzsment,6,Dr. Harangozó Gábor,magyar,https://www.uni-corvinus.hu/tantargyak/PHG_CORP_SUST?semester=2020/21/1
Fesztiválmenedzsment,5,Dr. Jászberényi Melinda,magyar,https://www.uni-corvinus.hu/tantargyak/2MA41NAK17M?semester=2025/26/1
Fesztiválturizmus,5,Dr. Jászberényi Melinda,magyar,https://www.uni-corvinus.hu/tantargyak/2MA41LAK15S?semester=2023/24/1
Fesztiválturizmus,5,Dr. Jászberényi Melinda,magyar,https://www.uni-corvinus.hu/tantargyak/MATT027LMSB?semester=2024/25/2
"Fields and Scenes: Reading the Arts, Culture and Design",6,Dr. Faludi Julianna,angol,https://www.uni-corvinus.hu/tantargyak/293NARTV302B?semester=2019/20/2
"Figyelem, emlékezet, gondolkodás",3,Dr. Kovács Gábor István,magyar,https://www.uni-corvinus.hu/tantargyak/7PE20NDV56B?semester=2019/20/2
Film and History,6,Pachetti Federico,magyar,https://www.uni-corvinus.hu/tantargyak/293NHISV352B?semester=2024/25/2
Film és kommunikáció,3,Kovács Lajos,magyar,https://www.uni-corvinus.hu/tantargyak/7PE20NFKB9B?semester=2019/20/2
Film és olvasószeminárium I.,3,dr. Kemenszky Ágnes,magyar,https://www.uni-corvinus.hu/tantargyak/7NK40NGVC3B?semester=2020/21/1
Film és olvasószeminárium II.,3,dr. Kemenszky Ágnes,magyar,https://www.uni-corvinus.hu/tantargyak/7NK40NGVC4B?semester=2020/21/1
Film és olvasószeminárium III.,3,dr. Kemenszky Ágnes,magyar,https://www.uni-corvinus.hu/tantargyak/7NK40NGVC5B?semester=2020/21/1
Film és olvasószeminárium IV.,3,dr. Kemenszky Ágnes,magyar,https://www.uni-corvinus.hu/tantargyak/7NK40NGVD2M?semester=2020/21/1
Film és olvasószeminárium V.,3,dr. Kemenszky Ágnes,magyar,https://www.uni-corvinus.hu/tantargyak/7NK40NGVD3M?semester=2020/21/1
Films and History,3,Pachetti Federico,angol,https://www.uni-corvinus.hu/tantargyak/7SO30NGV92B?semester=2020/21/1
Filozófia,3,Dr. Kiss Olga,magyar,https://www.uni-corvinus.hu/tantargyak/7FI01NDV04B?semester=2025/26/1
Filozófia,3,Dr. Kiss Olga,magyar,https://www.uni-corvinus.hu/tantargyak/7FI01NSZ04B?semester=2022/23/2
Filozófia,3,Dr. Kiss Olga,magyar,https://www.uni-corvinus.hu/tantargyak/7PO10NCKA5B?semester=2024/25/2
Filozófia,magyar,Dr. Toronyai Gábor,magyar,https://www.uni-corvinus.hu/tantargyak/KM/SPOMdb/FIL/17 ?semester=2025/26/1
Filozófia,3,Dr. Kiss Olga,magyar,https://www.uni-corvinus.hu/tantargyak/TARS069NMBB?semester=2024/25/1
Filozófia pénzügyeseknek,3,Dr. Ujvári Márta,magyar,https://www.uni-corvinus.hu/tantargyak/NPPT050NMBB?semester=2024/25/1
Filozófia-episztemológia,3,Dr. Toronyai Gábor,magyar,https://www.uni-corvinus.hu/tantargyak/7SO30NAK30M?semester=2019/20/2
Filozófiai gondolkodás (szövegolvasó szeminárium),3,Dr. Kürthy Gábor,magyar,https://www.uni-corvinus.hu/tantargyak/7PO10NDV49B?semester=2021/22/1
Finance,6,Dr. Sebestyén Géza,magyar,https://www.uni-corvinus.hu/tantargyak/4PU51NAK04B?semester=2025/26/1
Finance,6,Hadházyné dr. Burucs Magdolna Judit,angol,https://www.uni-corvinus.hu/tantargyak/PSPE003NABB?semester=2025/26/1
Finance and Banking in Developing Countries,3,Hadházyné dr. Burucs Magdolna Judit,magyar,https://www.uni-corvinus.hu/tantargyak/KOZNXV4VI97?semester=2019/20/2
Finance and Monetary Policy,3,Dr. Sebestyén Géza,angol,https://www.uni-corvinus.hu/tantargyak/4MNBNAK26M?semester=2020/21/1
Finance and Policy,3,Dr. Sebestyén Géza,magyar,https://www.uni-corvinus.hu/tantargyak/4MNBNAK15M?semester=2019/20/2
Finance business project,6,Dr. Zsembery Levente Ferenc,egyéb,https://www.uni-corvinus.hu/tantargyak/293NFINV517M?semester=2020/21/1
Financial algorithms,5,Dr. Keresztúri Judit Lilla,angol,https://www.uni-corvinus.hu/tantargyak/2BE52NAV07B?semester=2019/20/2
Financial algorithms,6,Dr. Keresztúri Judit Lilla,magyar,https://www.uni-corvinus.hu/tantargyak/PSBV013NAMB?semester=2025/26/1
Financial Communication,6,Dr. Pesuth Tamás,magyar,https://www.uni-corvinus.hu/tantargyak/PENZ028NABB?semester=2024/25/2
Financial Data Analysis,3,Dr. Tamásné Vőneki Zsuzsanna,magyar,https://www.uni-corvinus.hu/tantargyak/KOZNXV4BO01?semester=2024/25/2
Financial Economics,4,Dr. Csóka Péter,angol,https://www.uni-corvinus.hu/tantargyak/293NFINK503M?semester=2020/21/1
Financial Economics,3,Dr. Csóka Péter,magyar,https://www.uni-corvinus.hu/tantargyak/PSBV103NAMB?semester=2024/25/2
Financial Economics,3,Dr. Csóka Péter,magyar,https://www.uni-corvinus.hu/tantargyak/PENZ040NAMB?semester=2024/25/2
Financial Engineering,6,Dr. Mikolasek András,magyar,https://www.uni-corvinus.hu/tantargyak/PSBV119NAMB?semester=2024/25/2
Financial Instruments & Risk Mgt.,magyar,Dr. Metzinger Péter,magyar,https://www.uni-corvinus.hu/tantargyak/4DDAAK33?semester=2025/26/1
Financial law,3,Dr. Lakatos László Péter,magyar,https://www.uni-corvinus.hu/tantargyak/PSGJ009NAMB?semester=2021/22/1
Financial Management 2,6,Dr. Havran Dániel,magyar,https://www.uni-corvinus.hu/tantargyak/PHG070?semester=2024/25/2
Financial Management 4,6,Dr. Samet Günay,magyar,https://www.uni-corvinus.hu/tantargyak/PHG086?semester=2024/25/2
Financial Market Data Analysis ? Project Course,6,Dr. Naffa Helena,magyar,https://www.uni-corvinus.hu/tantargyak/PENZ003NABB?semester=2025/26/1
Financial Market Risk Management,6,Dr. Sebestyén Géza,magyar,https://www.uni-corvinus.hu/tantargyak/FINMA_VTBEF?semester=2025/26/1
"Financial Planning, Analysis and Valuation",6,Dr. Fiáth Attila,magyar,https://www.uni-corvinus.hu/tantargyak/MN00009NAMB?semester=2024/25/2
Financial Ratio Analysis and Prediction,4,Dr. Fiáth Attila,magyar,https://www.uni-corvinus.hu/tantargyak/2BE52NBK02B?semester=2025/26/1
Financial Ratio Analysis and Prediction,6,Pistrui Bence,magyar,https://www.uni-corvinus.hu/tantargyak/VF00012NABB?semester=2025/26/1
Financial Statement Analysis,magyar,Dr. Gulyás Éva,magyar,https://www.uni-corvinus.hu/tantargyak/7VG32NBKC7M?semester=2025/26/1
Financial statement analysis,6,Dr. Gulyás Éva,angol,https://www.uni-corvinus.hu/tantargyak/293NFINV518M?semester=2025/26/1
Financial Statements and Analysis,6,Dr. Gulyás Éva,magyar,https://www.uni-corvinus.hu/tantargyak/293NACCK640M?semester=2020/21/1
Financial Statements and Analysis,6,Dr. Lovas Anita,angol,https://www.uni-corvinus.hu/tantargyak/PENZ008NAMB?semester=2025/26/1
Financial trends,3,Dr. Sebestyén Géza,magyar,https://www.uni-corvinus.hu/tantargyak/PSBV029NABB?semester=2020/21/1
FinTech kihívások a pénzügyi szektorban,magyar,Dr. Varga Krisztián,magyar,https://www.uni-corvinus.hu/tantargyak/4MNBNAV04B?semester=2020/21/1
FinTech kihívások a pénzügyi szektorban,6,Dr. Szakadát László,magyar,https://www.uni-corvinus.hu/tantargyak/4MNBNAV23M?semester=2019/20/2
Fiscal Policy,6,Benk Szilárd,magyar,https://www.uni-corvinus.hu/tantargyak/KOZG003NAMB?semester=2025/26/1
Fiscal Policy,6,Benk Szilárd,magyar,https://www.uni-corvinus.hu/tantargyak/KOZG052NAMB?semester=2024/25/2
Fixed Income and Credit Markets,6,Dr. Szűcs Balázs Árpád,magyar,https://www.uni-corvinus.hu/tantargyak/PENZ034NAMB?semester=2025/26/1
Fizetési forgalom és innovációk,4,Dr. Pesuth Tamás,magyar,https://www.uni-corvinus.hu/tantargyak/PENZ004LMSB?semester=2024/25/2
Fogyasztáselmélet és vásárlói magatartás,5,Dr. Török Anna,magyar,https://www.uni-corvinus.hu/tantargyak/2MF44NBK01M?semester=2021/22/2
Fogyasztói magatartás,4,Dr. Török Anna,magyar,https://www.uni-corvinus.hu/tantargyak/2MF44NCK02B?semester=2020/21/2
Fogyasztói magatartás,4,Dr. Neulinger Ágnes,magyar,https://www.uni-corvinus.hu/tantargyak/2LK94LAK69B?semester=2019/20/2
Fogyasztói magatartás,4,Dr. Török Anna,magyar,https://www.uni-corvinus.hu/tantargyak/2LK95LAK57B?semester=2020/21/2
Fogyasztói magatartás és ügyfélélmény,6,Dr. Török Anna,magyar,https://www.uni-corvinus.hu/tantargyak/MARK136NMBB?semester=2025/26/1
Folyamat és minőségmenedzsment,5,Deutsch Nikolett,magyar,https://www.uni-corvinus.hu/tantargyak/VF00129LMSB?semester=2025/26/1
Folyamat-menedzsment,5,dr. Szabó Zoltán,magyar,https://www.uni-corvinus.hu/tantargyak/2IR32NDK06B?semester=2025/26/1
Folyamat-menedzsment,6,dr. Szabó Zoltán,magyar,https://www.uni-corvinus.hu/tantargyak/INIR041NMBB?semester=2025/26/1
Folyamat-menedzsment,6,Dr. Őri Dóra,magyar,https://www.uni-corvinus.hu/tantargyak/INIR052LMBB?semester=2025/26/1
Folyamatmenedzsment,5,Dr. Varga Krisztián,magyar,https://www.uni-corvinus.hu/tantargyak/2LK94LBK96B?semester=2019/20/2
Folyamatmenedzsment,5,Dr. Varga Krisztián,magyar,https://www.uni-corvinus.hu/tantargyak/2LK95LAK94B?semester=2025/26/1
Folyamatmenedzsment és információtechnológia,5,Dr. Drótos György,magyar,https://www.uni-corvinus.hu/tantargyak/2VE81NCK05M?semester=2025/26/1
Folyamatmenedzsment és információtechnológia,5,Dr. Drótos György,magyar,https://www.uni-corvinus.hu/tantargyak/2VE81EAK07M?semester=2019/20/2
Folyamatmenedzsment és információtechnológia,6,Dr. Drótos György,magyar,https://www.uni-corvinus.hu/tantargyak/VEZ0084NMMB?semester=2024/25/2
Folyamatmenedzsment és integrált alkalmazások,5,dr. Ternai Katalin,magyar,https://www.uni-corvinus.hu/tantargyak/2IR32NCK01M?semester=2025/26/1
Food Service Management,4,Dr. Jászberényi Melinda,angol,https://www.uni-corvinus.hu/tantargyak/2GF26NBK04B?semester=2019/20/2
Food Service Management,3,Dr. Jászberényi Melinda,magyar,https://www.uni-corvinus.hu/tantargyak/FENT032NABB?semester=2024/25/2
Food Service Management,6,Dr. Irimiás Anna Rita,magyar,https://www.uni-corvinus.hu/tantargyak/FENT097NABB?semester=2025/26/1
Forecast and Foresight,6,Dr. Márton András,magyar,https://www.uni-corvinus.hu/tantargyak/PHCDI008?semester=2024/25/2
Foreign Policy of China,3,Dr. Matura Tamás Attila,magyar,https://www.uni-corvinus.hu/tantargyak/7NK40NCKH8M?semester=2024/25/2
Foreign Policy of France,3,dr. Szűcs Anita,magyar,https://www.uni-corvinus.hu/tantargyak/7NK40NCKI1B?semester=2024/25/2
Foreign Policy of the EU,magyar,dr. Marton Péter,magyar,https://www.uni-corvinus.hu/tantargyak/KOZNXV4VI04?semester=2025/26/1
Foreign Policy: Decision Making and Strategy,6,Dr. Lakatos László Péter,angol,https://www.uni-corvinus.hu/tantargyak/GLOB025NAMB?semester=2025/26/1
Foundations of Accounting,6,Dr. Lakatos László Péter,magyar,https://www.uni-corvinus.hu/tantargyak/2SA53NBK01B?semester=2019/20/2
Foundations of Accounting,6,Dr. Lakatos László Péter,magyar,https://www.uni-corvinus.hu/tantargyak/SZAM010NABB?semester=2025/26/1
Foundations of International Relations,12,dr. Szűcs Anita,angol,https://www.uni-corvinus.hu/tantargyak/7NK40NDCV9M?semester=2020/21/1
Foundations of Organizational Sociology,3,Bódis Lajos,angol,https://www.uni-corvinus.hu/tantargyak/7SO30NCKE9B?semester=2019/20/2
Foundations of Political Economy,6,Dr. Sárvári Balázs,magyar,https://www.uni-corvinus.hu/tantargyak/KOZNXV4MI10?semester=2025/26/1
Foundations of Political Economy,3,Dr. Sárvári Balázs,angol,https://www.uni-corvinus.hu/tantargyak/4MI25NAV48B?semester=2019/20/2
Foundations of Psychology,6,Juhászné Dr. Klér Andrea,magyar,https://www.uni-corvinus.hu/tantargyak/7PE20NCKD6B?semester=2024/25/2
Foundations of Social Psychology,3,Dr. Tóth Lilla,angol,https://www.uni-corvinus.hu/tantargyak/7SO30NCKE1B?semester=2019/20/2
Foundations of Social Sciences,4,Dr. Gál Róbert,magyar,https://www.uni-corvinus.hu/tantargyak/KSSZ010NABB?semester=2025/26/1
Foundations of Sociology,6,Dr. Melegh Attila,magyar,https://www.uni-corvinus.hu/tantargyak/7SO30NBK97B?semester=2025/26/1
Foundations of Sociology,3,Hajdu Miklós,magyar,https://www.uni-corvinus.hu/tantargyak/KSSZ043NABB?semester=2025/26/1
Francia (A1/1 szint t.mentes),3,Dr. Sárosi Tünde,magyar,https://www.uni-corvinus.hu/tantargyak/IOK0318FRAA?semester=2022/23/2
Francia (A1/1 szint térítéses),magyar,Dr. Sárosi Tünde,magyar,https://www.uni-corvinus.hu/tantargyak/IOK0319FRAA?semester=2022/23/2
Francia (A1/2 szint t.mentes),3,Dr. Sárosi Tünde,magyar,https://www.uni-corvinus.hu/tantargyak/IOK0320FRAA?semester=2024/25/2
Francia (A1/2 szint térítéses),magyar,Dr. Sárosi Tünde,magyar,https://www.uni-corvinus.hu/tantargyak/IOK0321FRAA?semester=2024/25/2
Francia (A2/1 szint t.mentes),3,Dr. Sárosi Tünde,egyéb,https://www.uni-corvinus.hu/tantargyak/IOK0322FRAA?semester=2023/24/2
Francia (A2/1 szint térítéses),magyar,Dr. Sárosi Tünde,magyar,https://www.uni-corvinus.hu/tantargyak/IOK0323FRAA?semester=2023/24/2
"Francia (ált., felső, t.mentes)/2",3,Dr. Sárosi Tünde,magyar,https://www.uni-corvinus.hu/tantargyak/IOK0132FRAF?semester=2024/25/2
"Francia (ált., felső, térítéses)/1",magyar,Dr. Sárosi Tünde,magyar,https://www.uni-corvinus.hu/tantargyak/7IL50NNV25B?semester=2020/21/1
"Francia (ált., felső, térítéses)/1",magyar,Dr. Sárosi Tünde,magyar,https://www.uni-corvinus.hu/tantargyak/IOK0131FRAF?semester=2023/24/2
"Francia (ált., felső, térítéses)/2",magyar,Dr. Sárosi Tünde,magyar,https://www.uni-corvinus.hu/tantargyak/7IL50NNV26B?semester=2020/21/2
Francia (nemzetközi kapcs.középfok térítéses)/2,magyar,Dr. Sárosi Tünde,magyar,https://www.uni-corvinus.hu/tantargyak/IOK0153FRNK?semester=2022/23/2
"Francia (szakmai előkészítő, t.mentes)/1",3,Dr. Sárosi Tünde,magyar,https://www.uni-corvinus.hu/tantargyak/7IL50NNV31B?semester=2020/21/1
"Francia (szakmai előkészítő, t.mentes)/2",3,Dr. Sárosi Tünde,egyéb,https://www.uni-corvinus.hu/tantargyak/7IL50NNV32B?semester=2020/21/2
"Francia (szakmai előkészítő, térítéses)/1",magyar,Dr. Sárosi Tünde,magyar,https://www.uni-corvinus.hu/tantargyak/7IL50NNV29B?semester=2020/21/1
"Francia (szakmai előkészítő, térítéses)/2",magyar,Dr. Sárosi Tünde,magyar,https://www.uni-corvinus.hu/tantargyak/7IL50NNV30B?semester=2020/21/2
"Francia (szakmai, közép, térítéses)/2",magyar,Dr. Sárosi Tünde,magyar,https://www.uni-corvinus.hu/tantargyak/7IL50NNV38B?semester=2020/21/2
Francia külpolitika a XX. században,3,dr. Szűcs Anita,magyar,https://www.uni-corvinus.hu/tantargyak/7NK40NFV30B?semester=2024/25/1
Francia-tanulmányok,3,dr. Szűcs Anita,egyéb,https://www.uni-corvinus.hu/tantargyak/7NK40NGV61M?semester=2020/21/2
French language – Beginners,3,Novák Judit,magyar,https://www.uni-corvinus.hu/tantargyak/FRE101?semester=2020/21/1
Fundamental EU Freedoms,3,Dr. Nemessányi Zoltán,magyar,https://www.uni-corvinus.hu/tantargyak/KOZNXV4OG23?semester=2025/26/1
Fundamentals of finance for strategic decision making,6,Dr. Aranyossy Márta,magyar,https://www.uni-corvinus.hu/tantargyak/VF00025NMBB?semester=2024/25/2
Fundamentals of International Distribution,6,Nagy Judit,angol,https://www.uni-corvinus.hu/tantargyak/VGLE008NABB?semester=2025/26/1
Fundamentals of Leadership,4,Dr. Dunavölgyi Mária,magyar,https://www.uni-corvinus.hu/tantargyak/2VE81NAV11B?semester=2019/20/2
Funkcionálanalízis,magyar,Dr. Kánnai Zoltán,magyar,https://www.uni-corvinus.hu/tantargyak/mm4n1fa1?semester=2020/21/1
Funkcionálanalízis,4,Dr. Kánnai Zoltán,magyar,https://www.uni-corvinus.hu/tantargyak/4MA12NAK16O?semester=2025/26/1
Funkcionálanalízis,4,Dr. Zsolnai László,magyar,https://www.uni-corvinus.hu/tantargyak/MSMT046NMOB?semester=2024/25/2
Funkcionálanalízis praktikum,magyar,Dr. Márton András,angol,https://www.uni-corvinus.hu/tantargyak/mm4n2fa1?semester=2020/21/1
Future International Manager,3,Dr. Nováky Erzsébet,magyar,https://www.uni-corvinus.hu/tantargyak/CIAS004NAMB?semester=2024/25/2
Future skills,3,Dr. Márton András,magyar,https://www.uni-corvinus.hu/tantargyak/7PE20NGVM1B?semester=2019/20/2
Future Studies,6,Vida Péter,magyar,https://www.uni-corvinus.hu/tantargyak/PHGI_JOVOKUT?semester=2019/20/2
Futures studies and foresight,3,Bakó Barna,magyar,https://www.uni-corvinus.hu/tantargyak/FENT038NABB?semester=2025/26/1
Game Theory,5,Bakó Barna,magyar,https://www.uni-corvinus.hu/tantargyak/KG00014NMMB?semester=2025/26/1
Game Theory,5,Pintér Miklós,magyar,https://www.uni-corvinus.hu/tantargyak/PHKGI060?semester=2024/25/2
Game Theory,5,Bakó Barna,magyar,https://www.uni-corvinus.hu/tantargyak/KOZG086NAMB?semester=2025/26/1
Game Theory,5,Pintér Miklós,magyar,https://www.uni-corvinus.hu/tantargyak/PHKGI065?semester=2024/25/2
Game Theory,6,Tenev Anastas,magyar,https://www.uni-corvinus.hu/tantargyak/KOZG109NAMB?semester=2025/26/1
Gazdaság –  filozófia és kultúragazdaságtan,3,Dr. Toronyai Gábor,magyar,https://www.uni-corvinus.hu/tantargyak/7PO10NAL07M?semester=2019/20/2
Gazdaság és politika történeti összefüggései,6,Dr. Ványi Éva,magyar,https://www.uni-corvinus.hu/tantargyak/NPPT011NMMB?semester=2025/26/1
Gazdaság és vallás,3,Dr. Kovács Gábor László,magyar,https://www.uni-corvinus.hu/tantargyak/2ET27NAV01B?semester=2024/25/2
Gazdaság és vallás,3,Dr. Kovács Gábor László,magyar,https://www.uni-corvinus.hu/tantargyak/2ET27NAV01SB?semester=2024/25/2
Gazdaság- és fejlesztéspolitika a világgazdaságban,6,Szijártó Norbert,magyar,https://www.uni-corvinus.hu/tantargyak/7VG32NAV39M?semester=2025/26/1
Gazdaság- és társadalomstatisztika,3,Cserháti Ilona,magyar,https://www.uni-corvinus.hu/tantargyak/4ST14NAK12B?semester=2019/20/2
Gazdaság- és társadalomtörténet,4,Katona Noémi Krisztina,magyar,https://www.uni-corvinus.hu/tantargyak/KSSZ009NMBB?semester=2024/25/2
Gazdaság- és társadalomtörténet,3,Dr. Ványi Éva,magyar,https://www.uni-corvinus.hu/tantargyak/KSSZ016NMBB?semester=2025/26/1
Gazdaság- és társadalomtörténet,3,Dr. Ványi Éva,magyar,https://www.uni-corvinus.hu/tantargyak/KSSZ020NMBS?semester=2025/26/1
Gazdaságfilozófia,6,Dr. Trautmann László,magyar,https://www.uni-corvinus.hu/tantargyak/4MI25NAK48M?semester=2025/26/1
Gazdaságföldrajz,3,Dr. Jeney László Botond,magyar,https://www.uni-corvinus.hu/tantargyak/2GF26NBK01B?semester=2024/25/2
Gazdaságföldrajz,3,Dr. Jeney László Botond,magyar,https://www.uni-corvinus.hu/tantargyak/7GF20NSZ28B?semester=2022/23/2
Gazdaságföldrajz,6,Dr. Jeney László Botond,magyar,https://www.uni-corvinus.hu/tantargyak/7GF20NCV28M?semester=2019/20/2
Gazdaságföldrajz,6,Dr. Jeney László Botond,magyar,https://www.uni-corvinus.hu/tantargyak/7GF20LCV28M?semester=2019/20/2
Gazdaságföldrajz és regionális gazdaságtan,3,dr. Forman Balázs,magyar,https://www.uni-corvinus.hu/tantargyak/7GF20NAK06M?semester=2019/20/2
Gazdasági és környezeti jog,3,Dr. Metzinger Péter,magyar,https://www.uni-corvinus.hu/tantargyak/7GF20NAK14M?semester=2022/23/2
Gazdasági és környezeti jog,3,Dr. Metzinger Péter,magyar,https://www.uni-corvinus.hu/tantargyak/7GF20LSZ14M?semester=2020/21/2
Gazdasági és pénzügyi modellezés I.,4,Dr. Mikolasek András,magyar,https://www.uni-corvinus.hu/tantargyak/2BE52NAK12B?semester=2022/23/1
Gazdasági folyamatok térbeli elemzése,3,Dr. Varga Ágnes,magyar,https://www.uni-corvinus.hu/tantargyak/2GF26NAV02B?semester=2021/22/2
Gazdasági jog,3,Dr. Bán Dániel,magyar,https://www.uni-corvinus.hu/tantargyak/2JO11NAK01B?semester=2019/20/2
Gazdasági jog,3,Dr. Bán Dániel,magyar,https://www.uni-corvinus.hu/tantargyak/2JO11NCK01B?semester=2024/25/2
Gazdasági jog,4,Dr. Bán Dániel,magyar,https://www.uni-corvinus.hu/tantargyak/2JO11NAK02B?semester=2021/22/2
Gazdasági jog,5,Dr. Bán Dániel,magyar,https://www.uni-corvinus.hu/tantargyak/2JO11LAK01S?semester=2021/22/1
Gazdasági jog,5,Dr. Bán Dániel,magyar,https://www.uni-corvinus.hu/tantargyak/2JO11EAK01S?semester=2023/24/2
Gazdasági jog,4,Dr. Bán Dániel,magyar,https://www.uni-corvinus.hu/tantargyak/2JO11NAK16SB?semester=2025/26/1
Gazdasági jog,3,Dr. Bán Dániel,magyar,https://www.uni-corvinus.hu/tantargyak/2JO11NAK01O?semester=2022/23/1
Gazdasági jog,6,Dr. Bán Dániel,magyar,https://www.uni-corvinus.hu/tantargyak/PSGJ035NMBB?semester=2024/25/1
Gazdasági jog,6,Dr. Bán Dániel,magyar,https://www.uni-corvinus.hu/tantargyak/PSGJ038NMBS?semester=2021/22/2
Gazdasági jog,6,Dr. Bán Dániel,magyar,https://www.uni-corvinus.hu/tantargyak/PSGJ039LMBB?semester=2025/26/1
Gazdasági jog,5,Dr. Bán Dániel,magyar,https://www.uni-corvinus.hu/tantargyak/PSGJ041LMSB?semester=2024/25/1
Gazdasági jog I.,4,Dr. Bán Dániel,magyar,https://www.uni-corvinus.hu/tantargyak/2LK95LAK33B?semester=2021/22/1
Gazdasági jog II.,4,Dr. Bán Dániel,magyar,https://www.uni-corvinus.hu/tantargyak/2LK95LAK36B?semester=2019/20/2
Gazdasági kormányzás,6,Dr. Lehmann Kristóf,magyar,https://www.uni-corvinus.hu/tantargyak/4GP02NAV04M?semester=2020/21/1
Gazdasági kormányzás,6,Dr. Lehmann Kristóf,magyar,https://www.uni-corvinus.hu/tantargyak/4MNBNAV18M?semester=2019/20/2
Gazdasági közjog,3,Dr. Dudás Gábor János,magyar,https://www.uni-corvinus.hu/tantargyak/2JO11NCK03B?semester=2024/25/2
Gazdasági mechanizmusok mikroökonómiája,4,Dr. Csekő Imre,magyar,https://www.uni-corvinus.hu/tantargyak/PHK_OSZTONM?semester=2019/20/2
Gazdasági mechanizmusok mikroökonómiája,4,Dr. Magyarkuti Gyula,magyar,https://www.uni-corvinus.hu/tantargyak/4MK24NAK15O?semester=2025/26/1
Gazdasági szakjog,4,Dr. Nemessányi Zoltán,magyar,https://www.uni-corvinus.hu/tantargyak/2JO11NCV03M?semester=2025/26/1
Gazdasági szerződések a sportban,5,Dr. Dudás Gábor János,magyar,https://www.uni-corvinus.hu/tantargyak/PSGJ034NMMS?semester=2025/26/1
Gazdasági szerződések joga,5,Dr. Sárközy Szabolcs,magyar,https://www.uni-corvinus.hu/tantargyak/2JO11NAK01M?semester=2025/26/1
Gazdasági szerződések joga,5,Dr. Csöndes Mónika,egyéb,https://www.uni-corvinus.hu/tantargyak/2JO11NAK01SM?semester=2020/21/1
Gazdasági szerződések joga,5,Dr. Csöndes Mónika,magyar,https://www.uni-corvinus.hu/tantargyak/2JO11EAK03M?semester=2025/26/1
Gazdasági társaságok alapítása (projekt tárgy),6,Dr. Mikáczó Éva Ilona,magyar,https://www.uni-corvinus.hu/tantargyak/SZAM016NMMB?semester=2023/24/2
Gazdasági válságok,6,Dr. Major Klára,magyar,https://www.uni-corvinus.hu/tantargyak/KOZG046NMOB?semester=2025/26/1
Gazdaságirányítás az Európai Unióban,6,Dr. Benczes István Zsolt,magyar,https://www.uni-corvinus.hu/tantargyak/NPVG006NMMB?semester=2025/26/1
Gazdaságmatematika,magyar,Bednay Dezső,magyar,https://www.uni-corvinus.hu/tantargyak/3MI09NAK01B?semester=2025/26/1
Gazdaságmatematika,4,Németh András Olivér,magyar,https://www.uni-corvinus.hu/tantargyak/4MA12NAK62B?semester=2020/21/1
Gazdaságpolitika,3,Dr. Andor László,magyar,https://www.uni-corvinus.hu/tantargyak/4GP02NCV02B?semester=2020/21/1
Gazdaságpolitika,3,Dr. László Csaba Sándor,magyar,https://www.uni-corvinus.hu/tantargyak/4GP02NAK01B?semester=2019/20/2
Gazdaságpolitika,magyar,Németh András Olivér,magyar,https://www.uni-corvinus.hu/tantargyak/4GP02NAK10B?semester=2019/20/2
Gazdaságpolitika,4,Dr. Salamin Géza,magyar,https://www.uni-corvinus.hu/tantargyak/4BK54LAK65S?semester=2019/20/2
Gazdaságpolitika,6,Dr. Salamin Géza,magyar,https://www.uni-corvinus.hu/tantargyak/4GP02NAK12B?semester=2019/20/2
Gazdaságpolitika és fenntartható fejlődés,3,Németh András Olivér,magyar,https://www.uni-corvinus.hu/tantargyak/7GF20NAK37M?semester=2021/22/2
Gazdaságpolitikai döntések,6,Ádám Zoltán Péter,magyar,https://www.uni-corvinus.hu/tantargyak/4GP02NAV06M?semester=2025/26/1
Gazdaságpolitikai intézmények,3,Dr. Andor László,magyar,https://www.uni-corvinus.hu/tantargyak/4GP02NAK13M?semester=2020/21/2
Gazdaságpszichológia,3,Juhászné Dr. Klér Andrea,magyar,https://www.uni-corvinus.hu/tantargyak/7FI01NDV05B?semester=2024/25/2
Gazdaságszociológia,3,Dr. Melegh Attila,magyar,https://www.uni-corvinus.hu/tantargyak/7SO30NDV15B?semester=2024/25/2
Gazdaságszociológia,3,Dr. Letenyei László,magyar,https://www.uni-corvinus.hu/tantargyak/2LK95LAK06B?semester=2021/22/1
Gazdaságszociológia,3,Dr. Letenyei László,magyar,https://www.uni-corvinus.hu/tantargyak/7SO30NSZ15B?semester=2023/24/1
Gazdaságszociológia,3,Dr. Letenyei László,magyar,https://www.uni-corvinus.hu/tantargyak/KSSZ019LMBB ?semester=2022/23/1
Gazdaságszociológia,3,Dr. Letenyei László,magyar,https://www.uni-corvinus.hu/tantargyak/KSSZ036NMBS?semester=2021/22/1
Gazdaságtan és szabályozás,5,Dr. Balogh Zsolt György,magyar,https://www.uni-corvinus.hu/tantargyak/2SZ31EAK06S?semester=2022/23/1
Gazdaságtörténet,3,Venyige Róbert,magyar,https://www.uni-corvinus.hu/tantargyak/7GT02NDV04B?semester=2021/22/2
Gazdaságtörténet,3,Venyige Róbert,magyar,https://www.uni-corvinus.hu/tantargyak/7GT02NSZ04B?semester=2019/20/2
Gender and Work in Comparative Perspective,6,Prof.Dr. Nagy Beáta,magyar,https://www.uni-corvinus.hu/tantargyak/7SO30NHKJ2M?semester=2025/26/1
Gender Studies,3,Prof.Dr. Nagy Beáta,angol,https://www.uni-corvinus.hu/tantargyak/7SO30NGKF6B?semester=2019/20/2
Gender Studies,6,Prof.Dr. Nagy Beáta,magyar,https://www.uni-corvinus.hu/tantargyak/7SO30NDVT1B?semester=2025/26/1
General English (10) II.,magyar,Hegedüs-Varga Eszter,magyar,https://www.uni-corvinus.hu/tantargyak/IOK0019NAEB?semester=2024/25/2
General English (6) II.,magyar,Hegedüs-Varga Eszter,magyar,https://www.uni-corvinus.hu/tantargyak/IOK0017NAEB?semester=2024/25/2
Genial rhetoric and Responsible Leadership Skills,6,Dr. Komár Zita,magyar,https://www.uni-corvinus.hu/tantargyak/MARK129NAMB?semester=2025/26/1
Geographical Information Systems,6,Dr. Varga Ágnes,angol,https://www.uni-corvinus.hu/tantargyak/PHNKP031?semester=2024/25/2
Geopolitics and Geostrategies,3,Dr. Péti Márton,magyar,https://www.uni-corvinus.hu/tantargyak/7GF20NAK51M?semester=2021/22/1
Geopolitics and Geostrategy,angol,Dr. Morgado Nuno,magyar,https://www.uni-corvinus.hu/tantargyak/7NK40NFVB3M?semester=2019/20/2
Geopolitics of CEE,magyar,Dr. Lieszkovszky József Pál,magyar,https://www.uni-corvinus.hu/tantargyak/GLAS005?semester=2025/26/1
"Geopolitics, economy and sustainable development",6,Mendly Dorottya,magyar,https://www.uni-corvinus.hu/tantargyak/PHNKP027?semester=2024/25/2
Geopolitika a gyakorlatban,3,Dr. Péti Márton,magyar,https://www.uni-corvinus.hu/tantargyak/7NK40NIK80B?semester=2024/25/1
Geopolitika és geostratégia,6,Dr. Péti Márton,magyar,https://www.uni-corvinus.hu/tantargyak/7NK40NBK23M?semester=2025/26/1
Geopolitika és nemzetstratégiák,3,Mendly Dorottya,magyar,https://www.uni-corvinus.hu/tantargyak/7GF20NAK36M?semester=2019/20/2
Geopolitika és nemzetstratégiák,3,Dr. Péti Márton,magyar,https://www.uni-corvinus.hu/tantargyak/7GF20LSZ36M?semester=2020/21/2
German language – Beginners,3,Dr. Pfeiffer-Nyakas Judit,német,https://www.uni-corvinus.hu/tantargyak/GER101?semester=2020/21/1
German Language/1,3,Dr. Pfeiffer-Nyakas Judit,német,https://www.uni-corvinus.hu/tantargyak/7SO30NNVA5B?semester=2019/20/2
German Language/2,3,Dr. Pfeiffer-Nyakas Judit,német,https://www.uni-corvinus.hu/tantargyak/7SO30NNVA6B?semester=2019/20/2
Global Business Strategy,6,Dr. Stocker Miklós György,magyar,https://www.uni-corvinus.hu/tantargyak/293NMANS672M?semester=2024/25/2
Global Capital Markets,6,Hadházyné dr. Burucs Magdolna Judit,magyar,https://www.uni-corvinus.hu/tantargyak/GLOB009NAMB?semester=2025/26/1
Global Capital Markets,6,Hadházyné dr. Burucs Magdolna Judit,magyar,https://www.uni-corvinus.hu/tantargyak/GLOB091NAMB?semester=2024/25/2
Global Citizenship,1,Prof. Dr. Zsóka Ágnes,magyar,https://www.uni-corvinus.hu/tantargyak/PSPS011NAMB?semester=2024/25/2
Global Citizenship,1,Isaisas Rivera,magyar,https://www.uni-corvinus.hu/tantargyak/MARK061NAMB?semester=2024/25/2
Global Communication Campaigns,6,Dr. Csordás Tamás Viktor,magyar,https://www.uni-corvinus.hu/tantargyak/MAMM004NABB?semester=2025/26/1
"Global Data on Economic Development, Population and Migration",6,Dr. Melegh Attila,magyar,https://www.uni-corvinus.hu/tantargyak/7SO30NHKJ3M?semester=2025/26/1
"Global Data on Economic Development, Population and Migration",6,Dr. Melegh Attila,magyar,https://www.uni-corvinus.hu/tantargyak/TARS095NAMB?semester=2025/26/1
Global Development Institutions and Aid Policies,6,Ricz Judit,magyar,https://www.uni-corvinus.hu/tantargyak/7VG32NBKE6M?semester=2025/26/1
Global Development Perspectives in Practice,6,Tétényi András,magyar,https://www.uni-corvinus.hu/tantargyak/GLOB017NAMB?semester=2025/26/1
Global Development Perspectives in Practice,6,Tétényi András,magyar,https://www.uni-corvinus.hu/tantargyak/GLOB090NAMB?semester=2024/25/2
Global Development Theories and Policies,6,Ricz Judit,magyar,https://www.uni-corvinus.hu/tantargyak/GLOB164NAMB?semester=2025/26/1
Global Dynamics – the Middle East and North Africa in the International Order,6,Dr. Csicsmann László,magyar,https://www.uni-corvinus.hu/tantargyak/PHN_GLOB_DYN_MENA?semester=2024/25/2
Global East,6,Dr. Matura Tamás Attila,magyar,https://www.uni-corvinus.hu/tantargyak/GLOB054NAMB?semester=2025/26/1
Global Economic Challenges,3,Dr. Endrődi-Kovács Viktória,angol,https://www.uni-corvinus.hu/tantargyak/7VG32NBVG4B?semester=2020/21/1
Global Economy and International Trade,4,Dr. Kacsirek László,angol,https://www.uni-corvinus.hu/tantargyak/2SZ74NCK13B?semester=2019/20/2
Global Economy and Sustainability,6,Dr. Zilahy Gyula,magyar,https://www.uni-corvinus.hu/tantargyak/FENT041NAMB?semester=2025/26/1
Global Finance,6,Hadházyné dr. Burucs Magdolna Judit,magyar,https://www.uni-corvinus.hu/tantargyak/GLOB021NAMB?semester=2025/26/1
Global Geopolitical Relations,3,Dr. Morgado Nuno,magyar,https://www.uni-corvinus.hu/tantargyak/NPGG047NABB?semester=2025/26/1
Global Governance and Security,6,dr. Gálik Zoltán,magyar,https://www.uni-corvinus.hu/tantargyak/GLOB034NABB?semester=2025/26/1
Global Leadership,6,Toarniczky Andrea,magyar,https://www.uni-corvinus.hu/tantargyak/VGDE009NAMB?semester=2024/25/2
Global Management Practices,6,Dr. Buzády Zoltán András,magyar,https://www.uni-corvinus.hu/tantargyak/2CM99NAK02M?semester=2025/26/1
Global Marketing,6,Dr. Kelemen Zita Anikó,angol,https://www.uni-corvinus.hu/tantargyak/293NMARK676M?semester=2019/20/2
Global marketing and P&L performance,6,Dr. Kelemen Zita Anikó,magyar,https://www.uni-corvinus.hu/tantargyak/MARK067NAMB?semester=2024/25/2
Global Markets & Players,6,Dr. Kacsirek László,magyar,https://www.uni-corvinus.hu/tantargyak/VF00005NABB?semester=2024/25/2
Global Markets and National Development,6,Ricz Judit,magyar,https://www.uni-corvinus.hu/tantargyak/7VG32NBKB9M?semester=2022/23/1
Global Markets and National Development,6,Ricz Judit,magyar,https://www.uni-corvinus.hu/tantargyak/GLOB075NAMB?semester=2025/26/1
Global Political Economy,6,Vigvári Gábor,magyar,https://www.uni-corvinus.hu/tantargyak/7VG32NBKD8M?semester=2025/26/1
Global Political Economy,6,Vigvári Gábor,magyar,https://www.uni-corvinus.hu/tantargyak/GLOB035NABB?semester=2025/26/1
Global Problems and Global Governance,6,Mendly Dorottya,magyar,https://www.uni-corvinus.hu/tantargyak/GLOB051NAMB?semester=2025/26/1
Global production and multinational corporations,6,Dr. Szunomár Ágnes,magyar,https://www.uni-corvinus.hu/tantargyak/GLOB149NABB?semester=2025/26/1
Global security studies: An integrated approach,magyar,Katona Noémi Krisztina,angol,https://www.uni-corvinus.hu/tantargyak/KOZNXV4VI22?semester=2025/26/1
Global Social Change and Global Inequalities,6,Dr. Melegh Attila,magyar,https://www.uni-corvinus.hu/tantargyak/293NSOCV457B?semester=2019/20/2
Global Social Change and Inequalities,6,Dr. Melegh Attila,magyar,https://www.uni-corvinus.hu/tantargyak/7SO30NBKO3B?semester=2024/25/2
Global Social Inequalities,6,Dr. Stocker Miklós György,angol,https://www.uni-corvinus.hu/tantargyak/7SO30NCKL5B?semester=2025/26/1
Global Strategy,6,Dr. Stocker Miklós György,angol,https://www.uni-corvinus.hu/tantargyak/2VL60NAK05M?semester=2020/21/1
Global Supply Chain Management (Global SCM),5,Demeter Krisztina,magyar,https://www.uni-corvinus.hu/tantargyak/VGLE002NMMB?semester=2024/25/2
Global Sustainability Challenges,6,Vetőné Mózner Zsófia,magyar,https://www.uni-corvinus.hu/tantargyak/NPGG046NABB?semester=2024/25/2
Global Trends in Economy,5,Kollai István,magyar,https://www.uni-corvinus.hu/tantargyak/7VG32NAK18M?semester=2025/26/1
Global Value Chains in the World Economy,6,Dr. Vakhal Péter,magyar,https://www.uni-corvinus.hu/tantargyak/VALL005NAMB?semester=2024/25/2
Globale Herausforderungen der Nachhaltigkeit,3,Dr. Széchy Anna Zsófia,német,https://www.uni-corvinus.hu/tantargyak/NPGG014NMBB?semester=2024/25/2
Globális borpiac és kereskedelem,3,Dr. Balogh Jeremiás Máté,magyar,https://www.uni-corvinus.hu/tantargyak/2KA21NAV05B?semester=2023/24/1
Globális élelmezésbiztonság,5,Dr. Jámbor Attila,magyar,https://www.uni-corvinus.hu/tantargyak/2KA21NAK09B?semester=2019/20/2
Globális élelmezésbiztonság,5,Dr. Jámbor Attila,magyar,https://www.uni-corvinus.hu/tantargyak/2KA21NAK09SB?semester=2025/26/1
Globális ellátási lánc stratégiák,4,Miskolcziné Dr. Gábriel Mónika,magyar,https://www.uni-corvinus.hu/tantargyak/2SZ74NAK03B?semester=2025/26/1
Globális és európai integráció gazdaságtana,6,Palánkai Tibor,magyar,https://www.uni-corvinus.hu/tantargyak/4VG32NAK05M?semester=2019/20/2
Globális és hazai környezeti kihívások,3,Dr. Péti Márton,magyar,https://www.uni-corvinus.hu/tantargyak/7GF20NBK04M?semester=2020/21/2
Globális fenntarthatósági kihívások,3,Marjainé Dr. Szerényi Zsuzsanna,magyar,https://www.uni-corvinus.hu/tantargyak/NPGG013NMBB?semester=2024/25/1
Globális fenntarthatósági kihívások,3,Marjainé Dr. Szerényi Zsuzsanna,magyar,https://www.uni-corvinus.hu/tantargyak/NPGG017NMBS?semester=2022/23/1
Globális fenntarthatósági kihívások,6,Marjainé Dr. Szerényi Zsuzsanna,magyar,https://www.uni-corvinus.hu/tantargyak/FENT025LMMB?semester=2025/26/1
Globális hatalmi viszonyok,3,Dr. Matura Tamás Attila,magyar,https://www.uni-corvinus.hu/tantargyak/NPNK016NMBB?semester=2022/23/1
Globális klímaváltozás és adaptáció,3,Dr. Balogh Jeremiás Máté,magyar,https://www.uni-corvinus.hu/tantargyak/2VL60NAV08B?semester=2023/24/2
Globális környezeti kérdések,3,Dr. Péti Márton,magyar,https://www.uni-corvinus.hu/tantargyak/7GF20NAV16B?semester=2019/20/2
Globális vállalati stratégiák,6,Dr. Endrődi-Kovács Viktória,magyar,https://www.uni-corvinus.hu/tantargyak/7VG32NBKB3M?semester=2025/26/1
"Globális, nemzeti és helyi értékek védelme és hasznosítása",3,Dr. Péti Márton,magyar,https://www.uni-corvinus.hu/tantargyak/7GF20NAV47M?semester=2019/20/2
"Globális, nemzeti és helyi értékek védelme és hasznosítása",3,Dr. Péti Márton,magyar,https://www.uni-corvinus.hu/tantargyak/7GF20LAV47M?semester=2019/20/2
Globalisation and Civilisations,6,dr. Lehoczki Bernadett Judit,magyar,https://www.uni-corvinus.hu/tantargyak/GLOB036NABB?semester=2024/25/2
Globalisation and Economic Power,6,Vigvári Gábor,magyar,https://www.uni-corvinus.hu/tantargyak/GLOB007NAMB?semester=2025/26/1
Globalisation and Economic Power,6,Vigvári Gábor,magyar,https://www.uni-corvinus.hu/tantargyak/GLOB040NAMB?semester=2025/26/1
Globalisation and Economic Power,6,Vigvári Gábor,magyar,https://www.uni-corvinus.hu/tantargyak/GLOB077NAMB?semester=2025/26/1
Globalisation and International Competitiveness,6,Dr. Benczes István Zsolt,magyar,https://www.uni-corvinus.hu/tantargyak/KOZG006NAMB?semester=2024/25/2
"Globalisation, Development, Inequality",6,Özgün Sarimehmet Duman,magyar,https://www.uni-corvinus.hu/tantargyak/GLOB037NABB?semester=2025/26/1
Globalizáció és politika,3,Dr. Dúró József,magyar,https://www.uni-corvinus.hu/tantargyak/7PO10NGV85M?semester=2019/20/2
Globalizáció és társadalmi változás,6,Dr. Melegh Attila,magyar,https://www.uni-corvinus.hu/tantargyak/7SO30NDVR9B?semester=2024/25/2
Globalizálódó élelmiszertermelés és piacok,4,Dr.habil. Podruzsik Szilárd,magyar,https://www.uni-corvinus.hu/tantargyak/2KA21NAV02B?semester=2025/26/1
Globalization (Economic Theory),6,Isaisas Rivera,magyar,https://www.uni-corvinus.hu/tantargyak/293NECOV305B?semester=2024/25/2
Globalization (Economic Theory),6,Isaisas Rivera,magyar,https://www.uni-corvinus.hu/tantargyak/PSGK007NABB?semester=2025/26/1
Globalization and Inequality,6,Dr. Csaba László,magyar,https://www.uni-corvinus.hu/tantargyak/GKOI017NAMB?semester=2025/26/1
Globalization and Social Change,6,Dr. Melegh Attila,magyar,https://www.uni-corvinus.hu/tantargyak/7SO30NDVT6B?semester=2025/26/1
"Globalization, Financial Crises and Development",6,Dr. Csaba László,magyar,https://www.uni-corvinus.hu/tantargyak/KOZNXV4OG10?semester=2020/21/1
GOs and NGOs in Global Context,5,dr. Vékony Dániel,magyar,https://www.uni-corvinus.hu/tantargyak/7NK40NAKJ1M?semester=2024/25/2
Grammar (2) II.,magyar,Hegedüs-Varga Eszter,magyar,https://www.uni-corvinus.hu/tantargyak/IOK0024NAEB?semester=2024/25/2
Grammar and Language Development II/B.,magyar,Hegedüs-Varga Eszter,magyar,https://www.uni-corvinus.hu/tantargyak/8IL50N0073E?semester=2023/24/2
Grundlagen des Marketing,6,Dr. Patrick Bohl,magyar,https://www.uni-corvinus.hu/tantargyak/MAME014NMBB?semester=2024/25/2
Gyakorlati diplomácia,magyar,Dr. Darvas Zsolt,magyar,https://www.uni-corvinus.hu/tantargyak/7NK40NFV67B?semester=2019/20/2
Gyakorlati makroökonómiai előrejelzés,5,Dr. Móricz Péter,magyar,https://www.uni-corvinus.hu/tantargyak/MN00024NMMB?semester=2025/26/1
Gyakorlati projekt,5,Dr. Móricz Péter,magyar,https://www.uni-corvinus.hu/tantargyak/2VE81NCK11M?semester=2021/22/2
Gyakorlati projekt,5,Csillik Olga,magyar,https://www.uni-corvinus.hu/tantargyak/VTVK019NMMB?semester=2021/22/2
Gyerekkor a mediatizált társadalomban,3,Dr. Köpeczi Bócz Tamás,magyar,https://www.uni-corvinus.hu/tantargyak/7PE20LPV78M?semester=2020/21/1
Gyerekkor és kultúra,3,Prof. Brodszky Valentin Péter,magyar,https://www.uni-corvinus.hu/tantargyak/7PE20LPV85M?semester=2020/21/2
Gyógyszerközgazdaságtan és egészségügyi technológiaelemzés,6,Nógrádi György,magyar,https://www.uni-corvinus.hu/tantargyak/4KO03NBK62M?semester=2020/21/2
Haladó adatbázis-kezelés,magyar,Ivánné Dr. Hild Márta,magyar,https://www.uni-corvinus.hu/tantargyak/2SZ31NAV04B?semester=2019/20/2
Haladó elmélettörténet,4,Dr. Horváth László,magyar,https://www.uni-corvinus.hu/tantargyak/PHK_HALELMTORT?semester=2019/20/2
Haladó elmélettörténet,3,Dr. Juhász Péter,magyar,https://www.uni-corvinus.hu/tantargyak/4EL22NAK02O?semester=2019/20/2
Haladó Excel közgazdászoknak,3,Dr. Péti Márton,magyar,https://www.uni-corvinus.hu/tantargyak/2BE52NAV15M?semester=2021/22/1
Haladó fejlesztéspolitikai programozás és pályázatírás,6,Dr. Szabó Mátyás,magyar,https://www.uni-corvinus.hu/tantargyak/7GF20NAV44M?semester=2025/26/1
Haladó fejlesztéspolitikai programozás és pályázatírás,6,Bakó Barna,magyar,https://www.uni-corvinus.hu/tantargyak/7GF20LAV44M?semester=2019/20/2
Haladó iparági szerkezetek,6,Dr. Vas Réka Franciska,magyar,https://www.uni-corvinus.hu/tantargyak/4MI25NAK55M?semester=2025/26/1
Haladó IT megoldások,5,Dr. Komár Zita,magyar,https://www.uni-corvinus.hu/tantargyak/2SZ31EAK03S?semester=2024/25/2
Haladó kommunikációs és prezentációs tréning,6,Dr. Kocsis Tamás,magyar,https://www.uni-corvinus.hu/tantargyak/MAMM027NAPB?semester=2024/25/2
Haladó környezet-gazdaságtan,6,Dr. Kocsis Tamás,magyar,https://www.uni-corvinus.hu/tantargyak/7GF20LSZ05M?semester=2025/26/1
Haladó környezet-gazdaságtan,6,Dr. Kocsis Tamás,magyar,https://www.uni-corvinus.hu/tantargyak/NPGG028LMMS?semester=2025/26/1
Haladó makroökonómia,4,Dr. Váry Miklós,magyar,https://www.uni-corvinus.hu/tantargyak/4MK24NAK19O?semester=2025/26/1
Haladó makroökonómia I.,6,Szabó-Bakos Eszter,magyar,https://www.uni-corvinus.hu/tantargyak/4MA23NAK34M?semester=2020/21/1
Haladó makroökonómia II.,6,Szabó-Bakos Eszter,magyar,https://www.uni-corvinus.hu/tantargyak/4MA23NAK35M?semester=2019/20/2
Haladó mikroökonómia,6,dr. Berde Éva,magyar,https://www.uni-corvinus.hu/tantargyak/4MI25NAK04M?semester=2025/26/1
Haladó pénzügytan,4,Dr. Kürthy Gábor,magyar,https://www.uni-corvinus.hu/tantargyak/4PU51NAK08M?semester=2020/21/1
Haladó pénzügytan,6,Dr. Kürthy Gábor,magyar,https://www.uni-corvinus.hu/tantargyak/4PU51EAK12M?semester=2019/20/2
Haladó pénzügytan,5,Dr. Kürthy Gábor,magyar,https://www.uni-corvinus.hu/tantargyak/PSPE016NMMB?semester=2025/26/1
Haladó térinformatika,3,Dr. Varga Ágnes,magyar,https://www.uni-corvinus.hu/tantargyak/NPGG002NMBM?semester=2022/23/2
Haladó vállalati pénzügy,5,Dr. Csóka Péter,magyar,https://www.uni-corvinus.hu/tantargyak/2BE52NAK01M?semester=2025/26/1
Haladó vállalati pénzügy,5,Dr. Csóka Péter,magyar,https://www.uni-corvinus.hu/tantargyak/2BE52NAK01SM?semester=2025/26/1
Haladó vállalati pénzügyek,6,Dr. Sebestyén Géza,magyar,https://www.uni-corvinus.hu/tantargyak/2BE52EBK03M?semester=2025/26/1
Haladó vállalati pénzügyek,5,Dr. Csóka Péter,magyar,https://www.uni-corvinus.hu/tantargyak/2BE52NAK01CM?semester=2025/26/1
Haladó vállalati pénzügyek,5,Dr. Fazakas Gergely,magyar,https://www.uni-corvinus.hu/tantargyak/2BE52EAK06M?semester=2020/21/1
Haladó vezetői számvitel,5,Dr. Martin Kíra,magyar,https://www.uni-corvinus.hu/tantargyak/2PU51NAK03M?semester=2023/24/1
Haladó vezetői számvitel,5,Dr. Martin Kíra,magyar,https://www.uni-corvinus.hu/tantargyak/2SA53EAK21M?semester=2025/26/1
Haladó vezetői számvitel,5,Dr. Martin Kíra,magyar,https://www.uni-corvinus.hu/tantargyak/PSVS029NMMB?semester=2025/26/1
Haladó vezetői számvitel,6,Dr. Martin Kíra,magyar,https://www.uni-corvinus.hu/tantargyak/SZAM021NMMB?semester=2025/26/1
Hálózati technológiák,5,Dr. Fodor Szabina Eszter,magyar,https://www.uni-corvinus.hu/tantargyak/2SZ31NBK05M?semester=2025/26/1
Hálózatok,3,Dr. Sziklai Balázs Róbert,magyar,https://www.uni-corvinus.hu/tantargyak/MSOA004NMBB?semester=2024/25/2
Happiness and Economics,3,Dr. Kovács Gábor László,magyar,https://www.uni-corvinus.hu/tantargyak/CIAS001NABB?semester=2024/25/2
Hatalomelméletek,3,Dr. Balázs Zoltán,magyar,https://www.uni-corvinus.hu/tantargyak/7PO10NBK47M?semester=2021/22/1
Hatáselemzés módszerei,3,Dr. Moksony Ferenc,magyar,https://www.uni-corvinus.hu/tantargyak/7SO30NCK91M?semester=2019/20/2
Hatáselemzés módszerei,6,Dr. Moksony Ferenc,magyar,https://www.uni-corvinus.hu/tantargyak/7SO30NCKM7M?semester=2025/26/1
Hatékony tárgyalási technikák,6,Dr. Nagy-Béni Alexandra,magyar,https://www.uni-corvinus.hu/tantargyak/7PE20NGKJ4B?semester=2021/22/1
"Hazai és Uniós ágazati jog, versenyjog és adózási jogszabály ismeret",3,Dr. Filyó Janka,magyar,https://www.uni-corvinus.hu/tantargyak/REKK005LMSB?semester=2021/22/1
Health Economic Modeling,6,Prof. Brodszky Valentin Péter,magyar,https://www.uni-corvinus.hu/tantargyak/4KO03NBK24M?semester=2025/26/1
Health Economic Modelling,6,Prof. Brodszky Valentin Péter,magyar,https://www.uni-corvinus.hu/tantargyak/4EG59NAK04M?semester=2025/26/1
Health Economics,6,Beretzky Zsuzsanna,magyar,https://www.uni-corvinus.hu/tantargyak/KOZNXV4KZ15?semester=2024/25/2
Health Financing,6,Dr. Fadgyas-Freyler Petra,magyar,https://www.uni-corvinus.hu/tantargyak/TARS167NAMB?semester=2025/26/1
Health Informatics,3,Dr. Fodor Szabina Eszter,angol,https://www.uni-corvinus.hu/tantargyak/2IR32NAK03M?semester=2019/20/2
Health Policy and Finance,6,Prof. Dr. Gulácsi László,magyar,https://www.uni-corvinus.hu/tantargyak/KOZNXV4KZ16?semester=2025/26/1
Health Policy and Financing,6,Prof. Dr. Gulácsi László,angol,https://www.uni-corvinus.hu/tantargyak/4EG59NAK03M?semester=2019/20/2
Health Policy and Public Health,6,Dr. Fadgyas-Freyler Petra,magyar,https://www.uni-corvinus.hu/tantargyak/KOZNXV4KZ72?semester=2025/26/1
Health Policy and Public Health,6,Dr. Fadgyas-Freyler Petra,magyar,https://www.uni-corvinus.hu/tantargyak/TARS083NAMB?semester=2025/26/1
Health Technology Assessment,magyar,dr. Szűcs Anita,magyar,https://www.uni-corvinus.hu/tantargyak/TARS169NAMB?semester=2025/26/1
Hegemónia a XIX. és XX. században,3,Prof. Emetitus  Dr.Tóth József,magyar,https://www.uni-corvinus.hu/tantargyak/7NK40NFV63M?semester=2019/20/2
Helyi gazdaság és vállalkozásfejlesztés,5,Prof. Emetitus  Dr.Tóth József,magyar,https://www.uni-corvinus.hu/tantargyak/VGAV029NMMB?semester=2025/26/1
Helyi gazdaságfejlesztés és vidékfejlesztés,3,Dr. Varga Ágnes,magyar,https://www.uni-corvinus.hu/tantargyak/7GF20NAK22M?semester=2024/25/1
Helyi gazdaságfejlesztés és vidékfejlesztés,3,Dr. Bálint Csaba,magyar,https://www.uni-corvinus.hu/tantargyak/7GF20LSZ22M?semester=2021/22/2
Helyi gazdaságfejlesztés és vidékfejlesztés,3,Dr. Bálint Csaba,magyar,https://www.uni-corvinus.hu/tantargyak/NPGG029LMMS?semester=2021/22/2
Helyi gazdasági fejlesztés,6,Dr. Szabó Mátyás,magyar,https://www.uni-corvinus.hu/tantargyak/7GF20NAK08B?semester=2019/20/2
Helyi gazdasági fejlesztés,3,Dr. Szabó Mátyás,magyar,https://www.uni-corvinus.hu/tantargyak/7GF20NAK31B?semester=2020/21/1
Helyi politika,3,Dr. Balázs Zoltán,magyar,https://www.uni-corvinus.hu/tantargyak/7PO10NCKA6B?semester=2024/25/2
Hiányos szerződések elmélete,3,dr. Berde Éva,egyéb,https://www.uni-corvinus.hu/tantargyak/4MI25NAK34B?semester=2019/20/2
Historical linkages between economy and politics,6,Dr. Ványi Éva,magyar,https://www.uni-corvinus.hu/tantargyak/NPPT015NAMB?semester=2025/26/1
History of Economic Thought,6,Dr. Horváth László,magyar,https://www.uni-corvinus.hu/tantargyak/KOZNXV4EL03?semester=2025/26/1
History of Economic Thought,5,Dr. Kőhegyi Gergely,magyar,https://www.uni-corvinus.hu/tantargyak/KG00028NABB?semester=2024/25/2
History of European Civilization,3,Dr. Kelemen Zoltán,magyar,https://www.uni-corvinus.hu/tantargyak/7NK40NCKI2B?semester=2024/25/2
History of European Political Thought,6,Prof.Dr. Mezei Balázs Mihály,magyar,https://www.uni-corvinus.hu/tantargyak/7PO10NBK50M?semester=2020/21/1
History of Hungary and Central Europe: From West to East and Back,6,Dr. Ványi Éva,angol,https://www.uni-corvinus.hu/tantargyak/293NHISV464B?semester=2020/21/1
History of Ideas II.,6,Dr. Balázs Zoltán,magyar,https://www.uni-corvinus.hu/tantargyak/TARS049NABB?semester=2025/26/1
History of International Relations from 1945,6,Dr. Békés Csaba János,angol,https://www.uni-corvinus.hu/tantargyak/7NK40NCK91B?semester=2019/20/2
History of International Relations from 1945,6,Dr. Békés Csaba János,magyar,https://www.uni-corvinus.hu/tantargyak/7NK40ACK12M?semester=2025/26/1
History of Islamic Civilization,3,dr. Vékony Dániel,angol,https://www.uni-corvinus.hu/tantargyak/7NK40NCKI3B?semester=2019/20/2
History of Modern Europe,6,Dr. Kelemen Zoltán,magyar,https://www.uni-corvinus.hu/tantargyak/293NHISV445B?semester=2025/26/1
Hitelek és kockázatok makro és mikro szinten,4,Dr. Mikolasek András,magyar,https://www.uni-corvinus.hu/tantargyak/2BE52NAK09O?semester=2025/26/1
Hitelezési kockázat alapjai,3,Dr. Mikolasek András,magyar,https://www.uni-corvinus.hu/tantargyak/2BE52NDK14M?semester=2019/20/2
Hitelezési kockázat és hitelderivatívák,5,Dr. Havran Dániel,magyar,https://www.uni-corvinus.hu/tantargyak/2BE52NDK06M?semester=2020/21/2
Hitelintézetek számvitele és ellenőrzése,5,Dr. Gulyás Éva,magyar,https://www.uni-corvinus.hu/tantargyak/2PU51NCK27M?semester=2021/22/1
Hitelintézetek számvitele és ellenőrzése,5,Dr. Gulyás Éva,magyar,https://www.uni-corvinus.hu/tantargyak/PSVS015EMMB?semester=2025/26/1
Hitelintézeti számvitel,3,Dr. Gulyás Éva,magyar,https://www.uni-corvinus.hu/tantargyak/2SA53NDK01B?semester=2021/22/1
Hogyan (l)egyél jól,4,Dr. Török Áron,magyar,https://www.uni-corvinus.hu/tantargyak/2KA21NAV02SB?semester=2025/26/1
How to finance your business,5,Walter György,magyar,https://www.uni-corvinus.hu/tantargyak/2SM95LGV19D?semester=2020/21/1
HR Digitalizáció,6,Kiss Csaba,magyar,https://www.uni-corvinus.hu/tantargyak/VEZ0032NMBB?semester=2025/26/1
HR trendek,2,Dr. Takács Sándor,magyar,https://www.uni-corvinus.hu/tantargyak/2VE81LAK64S?semester=2020/21/1
Human and Constitutional Rights in Regional Contexts,6,dr. Kirs Eszter,magyar,https://www.uni-corvinus.hu/tantargyak/GLOB140NABB?semester=2025/26/1
Human Ethology,3,Dr. Berta-Deli Eszter,angol,https://www.uni-corvinus.hu/tantargyak/7PE20NCK90B?semester=2019/20/2
Human Geography,6,Dr. Salamin Géza,magyar,https://www.uni-corvinus.hu/tantargyak/7NK40NBKA4B?semester=2024/25/2
Humán közpolitikák,6,Szalma Ivett,magyar,https://www.uni-corvinus.hu/tantargyak/4KO03LBK94M?semester=2020/21/2
Humán közpolitikák,6,Bartha Attila,magyar,https://www.uni-corvinus.hu/tantargyak/4KO03NBK95M?semester=2021/22/1
Human Resource Management,6,Dr. Szilas Roland Ferenc,magyar,https://www.uni-corvinus.hu/tantargyak/2SM95NAK29M?semester=2025/26/1
Human Resource Management,6,Hirra Pervez Butt,magyar,https://www.uni-corvinus.hu/tantargyak/7PE20NGKE6B?semester=2025/26/1
Human Resource Management,5,Dr. Takács Sándor,angol,https://www.uni-corvinus.hu/tantargyak/2SM95LAK29D?semester=2019/20/2
Human Resource Management,3,Dr. Szilas Roland Ferenc,magyar,https://www.uni-corvinus.hu/tantargyak/VTSM081NAMB?semester=2024/25/2
Human Resource Management,3,Hirra Pervez Butt,magyar,https://www.uni-corvinus.hu/tantargyak/VTSM126NABB?semester=2025/26/1
Human Resources Management,6,Hirra Pervez Butt,magyar,https://www.uni-corvinus.hu/tantargyak/293NMANK485B?semester=2025/26/1
Human Rights in Europe,6,dr. Kirs Eszter,magyar,https://www.uni-corvinus.hu/tantargyak/GLOB159NABB?semester=2025/26/1
Humán- és ökoetika,3,Dr. Toronyai Gábor,magyar,https://www.uni-corvinus.hu/tantargyak/TARS121NMBB?semester=2023/24/2
Humánpolitikák az emberi fejlődésért,magyar,Dr. Egeres Katalin,magyar,https://www.uni-corvinus.hu/tantargyak/GKGM001LMMB?semester=2025/26/1
Hungarian Culture,magyar,Tánczos Balázs,magyar,https://www.uni-corvinus.hu/tantargyak/IOK0034NAEB?semester=2024/25/2
Hungarian for Beginners I.,6,Dr. Békés Csaba János,magyar,https://www.uni-corvinus.hu/tantargyak/293NLNGV105B?semester=2024/25/2
Hungarian Language II. (pre-intermediate level),3,Magyar Judit,magyar,https://www.uni-corvinus.hu/tantargyak/7IL50NNVD1B?semester=2020/21/1
Hungarian Language IV. (advanced level),3,Magyar Judit,magyar,https://www.uni-corvinus.hu/tantargyak/7IL50NNVF6B?semester=2021/22/2
Hungarian language non fee-paying 5,3,Magyar Judit,magyar,https://www.uni-corvinus.hu/tantargyak/IOK0072NABB?semester=2024/25/2
Hungarian Language SHI II.,3,Magyar Judit,magyar,https://www.uni-corvinus.hu/tantargyak/IOK0004NABB?semester=2024/25/2
Hungarian Language/1,3,Magyar Judit,magyar,https://www.uni-corvinus.hu/tantargyak/7IL50NNVC3B?semester=2020/21/2
Hungarian Language/1. (Fee-paying),magyar,Magyar Judit,magyar,https://www.uni-corvinus.hu/tantargyak/7IL50NNVH4B?semester=2020/21/2
Hungarian Political System,3,Dr. Dúró József,magyar,https://www.uni-corvinus.hu/tantargyak/7PO10NFV77B?semester=2024/25/2
Hungarian Startup University Program Modul 1.,6,Dr. Bagó Péter,magyar,https://www.uni-corvinus.hu/tantargyak/INSA034NMBB?semester=2023/24/2
Hungarian Startup University Program Modul 2.,6,Dr. Pintér Éva,magyar,https://www.uni-corvinus.hu/tantargyak/INSA037NMMB?semester=2023/24/2
Hungarian Startup University Program Modul 2.,4,Dr. Bagó Péter,magyar,https://www.uni-corvinus.hu/tantargyak/VALL076NABB?semester=2024/25/2
Hungarian Startup University Program Modul 2.,4,Dr. Pintér Éva,magyar,https://www.uni-corvinus.hu/tantargyak/VALL077NAMB?semester=2024/25/2
Hungarikumok és örökségtervezés,4,dr. Kocsis János Balázs,magyar,https://www.uni-corvinus.hu/tantargyak/2GF26NBK03B?semester=2025/26/1
"Hungary, European Integration and European Security",6,dr. Gálik Zoltán,angol,https://www.uni-corvinus.hu/tantargyak/293NPOLV430B?semester=2020/21/1
Hungary’s Foreign Economic Relations,3,Dr. Mészáros Ádám,angol,https://www.uni-corvinus.hu/tantargyak/2SZ74NCK19B?semester=2019/20/2
ICF Coaching ethics and competencies,5,Dr. Takács Sándor,magyar,https://www.uni-corvinus.hu/tantargyak/VEZ0017LASB?semester=2024/25/2
ICF Coaching Ethics II.,6,Dr. Dunavölgyi Mária,magyar,https://www.uni-corvinus.hu/tantargyak/VTSM123LASB?semester=2025/26/1
Idegen szaknyelvi kompetencia I.,magyar,Dr. Erdei József,magyar,https://www.uni-corvinus.hu/tantargyak/IOK0332NABB?semester=2024/25/2
Identity Design and Creative Management,magyar,Dr. Habil Horváth Dóra,magyar,https://www.uni-corvinus.hu/tantargyak/MARK018NAMB?semester=2024/25/2
Identitywork in coaching,3,Toarniczky Andrea,magyar,https://www.uni-corvinus.hu/tantargyak/VEZ0006LASB?semester=2024/25/2
Idősorelemezés,6,Keresztély Tibor,magyar,https://www.uni-corvinus.hu/tantargyak/MSST004NMMB?semester=2025/26/1
Idősorelemzés,6,Dr. Vincze János,magyar,https://www.uni-corvinus.hu/tantargyak/4MK24NAK02M?semester=2025/26/1
Idősorelemzés,4,Dr. Vincze János,magyar,https://www.uni-corvinus.hu/tantargyak/4MK24NAK27B?semester=2019/20/2
Idősorelemzés,4,Keresztély Tibor,magyar,https://www.uni-corvinus.hu/tantargyak/4MK24NAK16O?semester=2025/26/1
Idősorok elemzése,6,Keresztély Tibor,magyar,https://www.uni-corvinus.hu/tantargyak/4MNBNAK01M?semester=2025/26/1
Idősoros ökonometria I,3,Keresztély Tibor,egyéb,https://www.uni-corvinus.hu/tantargyak/ADIN091NMOB?semester=2024/25/2
Ifjúságkutatás,3,Dr. Székely László Levente,magyar,https://www.uni-corvinus.hu/tantargyak/7PE20NFK88B?semester=2019/20/2
IKT start-up inkubátor projekt,5,Dr. Balogh Zsolt György,magyar,https://www.uni-corvinus.hu/tantargyak/2IR32NAV04B?semester=2019/20/2
Illiberal Democracy in Central- and Eastern Europe,6,Dr. Rosta Miklós,angol,https://www.uni-corvinus.hu/tantargyak/KOZNXV4OG24?semester=2019/20/2
Illiberal Democracy in Central- and Estern Europe,6,Dr. Rosta Miklós,magyar,https://www.uni-corvinus.hu/tantargyak/4OG33NAK34M?semester=2025/26/1
Illiberális államok Közép-Kelet-Európában,6,Dr. Medve-Bálint Gergő,magyar,https://www.uni-corvinus.hu/tantargyak/4OG33NAV38M?semester=2025/26/1
In-Between Europe,6,Kollai István,magyar,https://www.uni-corvinus.hu/tantargyak/GLOB095NAMB?semester=2025/26/1
"Inclusive Growth and Regional Development in Europe – Topics, Institutions, Policy",3,Kollai István,egyéb,https://www.uni-corvinus.hu/tantargyak/KOZNXV4OG34?semester=2019/20/2
India gazdasága,3,Dr. Székely-Doby András,magyar,https://www.uni-corvinus.hu/tantargyak/4OG33NEK32M?semester=2019/20/2
Individual and Group Interviews,6,Dr. Vicsek Lilla Mária,angol,https://www.uni-corvinus.hu/tantargyak/7SO30NCKF2B?semester=2019/20/2
"Individual, Community, and Society",6,Dr. Pásztor Adél,magyar,https://www.uni-corvinus.hu/tantargyak/TARS050NABB?semester=2025/26/1
"Induló vállalkozások üzleti tervezése, menedzsmentje",5,Dr. Petheő Attila István,magyar,https://www.uni-corvinus.hu/tantargyak/2KV71NDK11B?semester=2019/20/2
"Induló vállalkozások üzleti tervezése, menedzsmentje",5,Mihalkovné Dr. Szakács Katalin,magyar,https://www.uni-corvinus.hu/tantargyak/2KV71NDK71SB?semester=2025/26/1
Industrial Organization,6,Bakó Barna,magyar,https://www.uni-corvinus.hu/tantargyak/4MI25NAK38B?semester=2025/26/1
Industrial Organization,4,Tenev Anastas,magyar,https://www.uni-corvinus.hu/tantargyak/KG00049NABB?semester=2025/26/1
Industrial Organization,6,Bakó Barna,magyar,https://www.uni-corvinus.hu/tantargyak/KOZG065NAMB?semester=2025/26/1
Industrial Organization in the Energy Sector,3,Selei Adrienn,magyar,https://www.uni-corvinus.hu/tantargyak/REKK013LASB?semester=2024/25/1
Infokommunikáció gazdaságtan,magyar,Dr. Balogh Zsolt György,magyar,https://www.uni-corvinus.hu/tantargyak/2EB34NAK01M?semester=2019/20/2
Infokommunikációs jog,4,Dr. Varga Krisztián,magyar,https://www.uni-corvinus.hu/tantargyak/2EB34NDV01M?semester=2020/21/1
Információmenedzsment,5,Borbásné Szabó Ildikó,magyar,https://www.uni-corvinus.hu/tantargyak/2IR32NAK05B?semester=2025/26/1
Információmenedzsment,5,Dr. Drótos György,magyar,https://www.uni-corvinus.hu/tantargyak/2LK95LAK75B?semester=2020/21/1
Információmenedzsment az ellátási láncban,7,dr. Ternai Katalin,magyar,https://www.uni-corvinus.hu/tantargyak/INIR062LMSB?semester=2021/22/2
Információrendszerek vezetése,6,Dr. Móricz Péter,magyar,https://www.uni-corvinus.hu/tantargyak/VTVK031NMMB?semester=2025/26/1
Információrendszerek vezetése,6,Dr. Móricz Péter,magyar,https://www.uni-corvinus.hu/tantargyak/VEZ0077NMMB?semester=2025/26/1
Információs alapjogok,5,Dr. Balogh Zsolt György,magyar,https://www.uni-corvinus.hu/tantargyak/PHGI_INFORIG?semester=2019/20/2
Információs erőforrás menedzsment,5,Dr. Drótos György,magyar,https://www.uni-corvinus.hu/tantargyak/2VE81NBK06M?semester=2025/26/1
Információs erőforrás menedzsment,5,Dr. Drótos György,magyar,https://www.uni-corvinus.hu/tantargyak/2VE81NAK08CM?semester=2025/26/1
Információs erőforrás menedzsment,5,Dr. Móricz Péter,magyar,https://www.uni-corvinus.hu/tantargyak/2VE81EAK27M?semester=2020/21/1
Információs erőforrás menedzsment,5,Dr. Drótos György,magyar,https://www.uni-corvinus.hu/tantargyak/2VE81NAK30CM?semester=2025/26/1
Információs eszköztár doktori hallgatóknak,6,Fischer Mónika,magyar,https://www.uni-corvinus.hu/tantargyak/KONY001NAPB?semester=2024/25/2
Információs írástudás,3,Lukácsné Varga Judit,magyar,https://www.uni-corvinus.hu/tantargyak/7NK40NFV76B?semester=2019/20/2
Információs írástudás az oktatói-kutatói pályára készülőknek,6,Nagy Zsuzsanna,angol,https://www.uni-corvinus.hu/tantargyak/PHG_INF_SKILLS?semester=2019/20/2
Információs stratégiák,5,Dr. Klimkó Gábor György,angol,https://www.uni-corvinus.hu/tantargyak/PHGI_INFOSTRAT?semester=2019/20/2
Információs társadalom,5,Pintér Róbert,magyar,https://www.uni-corvinus.hu/tantargyak/2EB34NAK02B?semester=2020/21/1
"Információs társadalom, hálózati kommunikáció",6,Dr. Veszelszki Ágnes,magyar,https://www.uni-corvinus.hu/tantargyak/7PE20NCKA7B?semester=2019/20/2
"Információs társadalom, hálózati kommunikáció",6,Dr. Veszelszki Ágnes,magyar,https://www.uni-corvinus.hu/tantargyak/7PE20NCVA7M?semester=2019/20/2
Információs társadalom: Digitalizálás -alternatív értékteremtés,6,Veress József,magyar,https://www.uni-corvinus.hu/tantargyak/PHGI_INFTA?semester=2024/25/2
Informatika,magyar,Dr. Láng Blanka Klára,magyar,https://www.uni-corvinus.hu/tantargyak/2SZ31NAK02SB?semester=2019/20/2
Informatika,magyar,Dr. Láng Blanka Klára,magyar,https://www.uni-corvinus.hu/tantargyak/KMI/SPOMdb/INF/16 ?semester=2025/26/1
Informatika alapjai,magyar,Dr. Láng Blanka Klára,magyar,https://www.uni-corvinus.hu/tantargyak/2SZ31NAK06B?semester=2025/26/1
Informatika és IT architektúra alapjai,6,Dr. Varga Krisztián,magyar,https://www.uni-corvinus.hu/tantargyak/INSA005NMBB?semester=2025/26/1
Informatika és IT architektúra alapjai,6,Dr. Klimkó Gábor György,magyar,https://www.uni-corvinus.hu/tantargyak/INSA038NMBB?semester=2025/26/1
Informatika I.,4,Dr. Varga Krisztián,magyar,https://www.uni-corvinus.hu/tantargyak/2SZ31NAK02B?semester=2024/25/2
Informatikai biztonság,5,Dr. Klimkó Gábor György,magyar,https://www.uni-corvinus.hu/tantargyak/2IR32NBK02M?semester=2025/26/1
Informatikai projektek menedzsmentje,4,Dr. Klimkó Gábor György,magyar,https://www.uni-corvinus.hu/tantargyak/2IR32NDV01M?semester=2025/26/1
Informatikai projektek menedzsmentje,5,Dr. Klimkó Gábor György,magyar,https://www.uni-corvinus.hu/tantargyak/2IR32EAK27S?semester=2021/22/1
Informatikai projektek menedzsmentje,5,Dr. Klimkó Gábor György,magyar,https://www.uni-corvinus.hu/tantargyak/INIR072EMSB?semester=2022/23/1
Informatikai projektek menedzsmentje,5,Dr. Klimkó Gábor György,magyar,https://www.uni-corvinus.hu/tantargyak/INIR075LMSB ?semester=2024/25/2
Informatikai projektek menedzsmentje,6,Dr. Klimkó Gábor György,magyar,https://www.uni-corvinus.hu/tantargyak/ADIN072EMMB?semester=2024/25/2
Informatikai rendszerek fejlesztése,5,Burka Dávid,magyar,https://www.uni-corvinus.hu/tantargyak/2SZ31NAK13B?semester=2025/26/1
Informatikai szolgáltatások menedzsmentje,5,dr. Szabó Zoltán,magyar,https://www.uni-corvinus.hu/tantargyak/2IR32LAK03S?semester=2021/22/1
Information Resources Management,5,Dr. Móricz Péter,magyar,https://www.uni-corvinus.hu/tantargyak/2DS91NAK03M?semester=2025/26/1
Information Society,3,Dr. Berta-Deli Eszter,angol,https://www.uni-corvinus.hu/tantargyak/7PE20NCKC2B?semester=2019/20/2
Information Systems Driving Digital Transformation,6,dr. Szabó Zoltán,magyar,https://www.uni-corvinus.hu/tantargyak/ADIN030NAMB?semester=2025/26/1
Information Technology and Law,6,Mike Nimród,magyar,https://www.uni-corvinus.hu/tantargyak/ADIN135NAMB?semester=2024/25/2
Informationsmanagement,3,dr. Szabó Zoltán,magyar,https://www.uni-corvinus.hu/tantargyak/INIR012NMBB?semester=2024/25/2
Informationsmanagement,5,Dr. Dinnyés Álmos,magyar,https://www.uni-corvinus.hu/tantargyak/INIR020NABB?semester=2025/26/1
Informationsmanagement,6,dr. Szabó Zoltán,magyar,https://www.uni-corvinus.hu/tantargyak/ADIN115NNBB?semester=2024/25/2
Infrastruktúra menedzsment,5,dr. Szabó Zoltán,magyar,https://www.uni-corvinus.hu/tantargyak/2IR32NAK11B?semester=2025/26/1
Ingatlan-befektetési számítások,5,Dr. Pintér Éva,magyar,https://www.uni-corvinus.hu/tantargyak/2VP73LAK05S?semester=2024/25/2
Ingatlan-értékbecslés ismeretek,5,Dr. Molnár Endre Mihály,magyar,https://www.uni-corvinus.hu/tantargyak/2VP73LAK06S?semester=2024/25/2
Ingatlan-értékesítés menedzsment,5,Dr. Mitev Ariel Zoltán,magyar,https://www.uni-corvinus.hu/tantargyak/2MA41LAK17S?semester=2020/21/2
Ingatlanbefektetések,3,Dr. Szűcs Balázs Árpád,magyar,https://www.uni-corvinus.hu/tantargyak/2BE52NAV05M?semester=2019/20/2
Ingatlanbefektetési számítások,5,Dr. Pintér Éva,magyar,https://www.uni-corvinus.hu/tantargyak/VALL068LMSB?semester=2025/26/1
Ingatlanfejlesztés,4,Dr. Virág Miklós,magyar,https://www.uni-corvinus.hu/tantargyak/2BE52NCK02M?semester=2025/26/1
Ingatlanfejlesztés,5,Dr. Virág Attila,magyar,https://www.uni-corvinus.hu/tantargyak/VF00155LMSB?semester=2024/25/2
"Ingatlanfejlesztés tervezése, finanszírozása, lebonyolítása",5,Dr. Virág Attila,magyar,https://www.uni-corvinus.hu/tantargyak/2VE92LAV01S?semester=2020/21/2
Ingatlanfejlesztési projekt,5,Dr. Jelen Tibor,magyar,https://www.uni-corvinus.hu/tantargyak/2SP72LAV01S?semester=2019/20/2
Ingatlanjog ismeretek,5,Dr. Bán Dániel,magyar,https://www.uni-corvinus.hu/tantargyak/2JO11LAK06S?semester=2020/21/2
Ingatlanpiac és szegmenseinek mérése I.,5,Dr. Bagó Péter,magyar,https://www.uni-corvinus.hu/tantargyak/2KA21LAK01S?semester=2025/26/1
Ingatlanpiac és szegmenseinek mérése I.,5,Dr. Bagó Péter,magyar,https://www.uni-corvinus.hu/tantargyak/VALL066LMSB?semester=2025/26/1
Ingatlanpiac és szegmenseinek mérése II.,5,Deutsch Nikolett,magyar,https://www.uni-corvinus.hu/tantargyak/2KA21LAK02S?semester=2021/22/2
Ingatlanpiac és szegmenseinek mérése II.,5,Deutsch Nikolett,magyar,https://www.uni-corvinus.hu/tantargyak/VALL070LMSB?semester=2025/26/1
Ingatlanpiaci alapismeretek,3,Dr. Vidovics-Dancs Ágnes,magyar,https://www.uni-corvinus.hu/tantargyak/9PU51NAV01B?semester=2024/25/1
Innováció és startupok,3,Dr. Bagó Péter,magyar,https://www.uni-corvinus.hu/tantargyak/INSA012NMBB?semester=2024/25/2
Innováció és technológiamenedzsment,6,Deutsch Nikolett,magyar,https://www.uni-corvinus.hu/tantargyak/VALL063NMMB?semester=2025/26/1
Innováció menedzsment,4,Deutsch Nikolett,magyar,https://www.uni-corvinus.hu/tantargyak/2VL60NBK17M?semester=2023/24/2
Innováció módszertan,5,Dr. Hoffer Ilona,magyar,https://www.uni-corvinus.hu/tantargyak/2SP72NBK03M?semester=2020/21/2
Innováció módszertan,5,Dr. Hoffer Ilona,magyar,https://www.uni-corvinus.hu/tantargyak/2SP72LAK27S?semester=2021/22/2
Innováció módszertani gyakorlatok,6,Dr. Hoffer Ilona,magyar,https://www.uni-corvinus.hu/tantargyak/VF00093NMMB?semester=2025/26/1
Innováció módszertani gyakorlatok,6,Dr. Pintér Éva,magyar,https://www.uni-corvinus.hu/tantargyak/VALL032NMMB?semester=2024/25/2
Innovációmenedzsment,5,Dr. Hoffer Ilona,magyar,https://www.uni-corvinus.hu/tantargyak/2SP72LAK24S?semester=2024/25/2
Innovációs projektek szoftveres támogatása,8,Dr. Blaskovics Bálint,magyar,https://www.uni-corvinus.hu/tantargyak/VF00097NMMB?semester=2024/25/2
Innovation Management,6,Deutsch Nikolett,magyar,https://www.uni-corvinus.hu/tantargyak/293NMANV576M?semester=2024/25/2
Innovation Management,6,Deutsch Nikolett,magyar,https://www.uni-corvinus.hu/tantargyak/7VG32NAK11M?semester=2025/26/1
Innovation Management,6,Deutsch Nikolett,magyar,https://www.uni-corvinus.hu/tantargyak/VF00137NABB?semester=2025/26/1
Innovation Management,6,Deutsch Nikolett,magyar,https://www.uni-corvinus.hu/tantargyak/VALL043NAMB?semester=2025/26/1
Innovatív alkalmazás fejlesztés,2,Dr. Trinh Anh Tuan,magyar,https://www.uni-corvinus.hu/tantargyak/2SZ31NAV07B?semester=2019/20/2
Innovatív IT megoldások,6,Molnár Géza Gábor,magyar,https://www.uni-corvinus.hu/tantargyak/ADIN065EMMB?semester=2024/25/1
Innovatív szervezetek vezetése,6,Dr. Zavarkó Máté,magyar,https://www.uni-corvinus.hu/tantargyak/2VE81NAV15B?semester=2020/21/2
Innovative Channel Management Business Project,6,Dr. Berezvai Zombor,magyar,https://www.uni-corvinus.hu/tantargyak/MARK027NAMB?semester=2024/25/2
Institutional Analyses,6,Dr. Mike Károly,magyar,https://www.uni-corvinus.hu/tantargyak/GKKK044NAPB?semester=2020/21/2
Institutional Economics,3,Dr. Rosta Miklós,angol,https://www.uni-corvinus.hu/tantargyak/4OG33NAV28B?semester=2019/20/2
Institutional Economics,6,Dr. Győrffy Dóra,magyar,https://www.uni-corvinus.hu/tantargyak/GKOI002NABB?semester=2025/26/1
Institutional Economics,6,Dr. Rosta Miklós,magyar,https://www.uni-corvinus.hu/tantargyak/NPVG018NAPB?semester=2024/25/2
Institutional Economics of the Public Sector,6,Golovics József,magyar,https://www.uni-corvinus.hu/tantargyak/GKKK071NAMB?semester=2025/26/1
Institutions and Processes of Public Policy,6,Kovács Éva Margit,magyar,https://www.uni-corvinus.hu/tantargyak/4KO03NBK82M?semester=2024/25/2
Institutions and Processes of Public Policy,6,Kovács Éva Margit,magyar,https://www.uni-corvinus.hu/tantargyak/TARS011NAMB?semester=2025/26/1
Institutions of Economic Policy,6,Németh András Olivér,magyar,https://www.uni-corvinus.hu/tantargyak/4GP02NAK16M?semester=2025/26/1
Institutions of the EU,6,Dr. Medve-Bálint Gergő,magyar,https://www.uni-corvinus.hu/tantargyak/4OG33NAV40B?semester=2025/26/1
Integrált európai stratégiák,3,Dr. Péti Márton,magyar,https://www.uni-corvinus.hu/tantargyak/7GF20NAK24M?semester=2019/20/2
Integrált marketingkommunikáció a turizmusban,6,Dr. Irimiás Anna Rita,magyar,https://www.uni-corvinus.hu/tantargyak/MATT013NMBB?semester=2024/25/1
Integrált rendszerek,5,dr. Ternai Katalin,magyar,https://www.uni-corvinus.hu/tantargyak/2IR32NAK12B?semester=2019/20/2
Integrált rendszerek,6,dr. Ternai Katalin,magyar,https://www.uni-corvinus.hu/tantargyak/INIR054LMBB?semester=2024/25/2
Integrált rendszerek,6,dr. Ternai Katalin,magyar,https://www.uni-corvinus.hu/tantargyak/INIR043NMBB?semester=2025/26/1
Integrált szakmai gyakorlat,3,Géró Györgyi,magyar,https://www.uni-corvinus.hu/tantargyak/7PE20NSV96M?semester=2019/20/2
Integrált vállalatirányítási rendszerek,5,dr. Ternai Katalin,magyar,https://www.uni-corvinus.hu/tantargyak/2IR32EAK34S?semester=2020/21/2
Integrált vállalatirányítási rendszerek,6,dr. Ternai Katalin,magyar,https://www.uni-corvinus.hu/tantargyak/ADIN067EMMB?semester=2024/25/2
Integrated Marketing Communications,magyar,Dr. Habil Horváth Dóra,magyar,https://www.uni-corvinus.hu/tantargyak/4DDAAK20?semester=2025/26/1
Integrated Marketing Communications,6,Dr. Habil Horváth Dóra,magyar,https://www.uni-corvinus.hu/tantargyak/MARK012NAMB?semester=2025/26/1
Integrated Marketing Communications,6,Dr. Habil Bokor Tamás,magyar,https://www.uni-corvinus.hu/tantargyak/MARK074NAMB?semester=2025/26/1
Integritás-menedzsment,5,Dr. Fodor Szabina Eszter,magyar,https://www.uni-corvinus.hu/tantargyak/7PE20NGKG1M?semester=2025/26/1
Intelligens alkalmazások fejlesztése,5,Dr. Fodor Szabina Eszter,magyar,https://www.uni-corvinus.hu/tantargyak/2SZ31EAK07S?semester=2023/24/2
Intelligent Systems,6,Borbásné Szabó Ildikó,angol,https://www.uni-corvinus.hu/tantargyak/293NCOMK534B?semester=2019/20/2
Inter-cultural Communication and Conflict Management,6,dr. Lehoczki Bernadett Judit,magyar,https://www.uni-corvinus.hu/tantargyak/GLOB141NABB?semester=2025/26/1
Inter-organizational Approaches in Organization Science,magyar,Dr. Berta-Deli Eszter,angol,https://www.uni-corvinus.hu/tantargyak/7SO30NCKQ1M?semester=2025/26/1
Intercultural Communication,3,Dr. Pásztor Sabrina Kim,magyar,https://www.uni-corvinus.hu/tantargyak/7PE20NCKD3B?semester=2019/20/2
Intercultural Communication,3,Dr. Havril Ágnes Katalin,magyar,https://www.uni-corvinus.hu/tantargyak/7PE20NGKM1B?semester=2024/25/2
Intercultural communication,6,Ward Jr. Stanley Allen,magyar,https://www.uni-corvinus.hu/tantargyak/KSKM022NABB?semester=2025/26/1
Intercultural Communication: Hungary and the U.S.,6,Dr. Szabó Lilla Petronella,magyar,https://www.uni-corvinus.hu/tantargyak/PSPE042NMBB?semester=2024/25/2
Intercultural Pragmatics,6,Dr. Vicsek Lilla Mária,magyar,https://www.uni-corvinus.hu/tantargyak/MARK157NAMB?semester=2025/26/1
Interjús és fókuszcsoportos kutatási projekt 1,6,Dr. Habil Malota Erzsébet,magyar,https://www.uni-corvinus.hu/tantargyak/KSSZ048NMBB?semester=2025/26/1
Interkulturális kommunikáció,3,Dr. Pásztor Sabrina Kim,magyar,https://www.uni-corvinus.hu/tantargyak/7PE20NGKO6B?semester=2024/25/2
Interkulturális kommunikáció,3,Dr. Habil Malota Erzsébet,magyar,https://www.uni-corvinus.hu/tantargyak/MAMF020NMBB?semester=2024/25/2
Interkulturális kommunikáció a nemzetközi kapcsolatokban,3,dr. Kemenszky Ágnes,magyar,https://www.uni-corvinus.hu/tantargyak/7NK40NFVF2M?semester=2021/22/2
Interkulturális kommunikáció és marketing,5,Dr. Habil Malota Erzsébet,magyar,https://www.uni-corvinus.hu/tantargyak/2MF44NBK04M?semester=2025/26/1
Interkulturális kommunikáció: elmélet és gyakorlat,3,Dr. Habil Malota Erzsébet,magyar,https://www.uni-corvinus.hu/tantargyak/7NK40NFVF2B?semester=2022/23/1
International accounting,6,Dr. Lakatos László Péter,magyar,https://www.uni-corvinus.hu/tantargyak/SZAM063NAMB?semester=2024/25/2
International Advocacy,6,dr. Kemenszky Ágnes,magyar,https://www.uni-corvinus.hu/tantargyak/GLOB145NABB?semester=2025/26/1
International and comparative economic law,6,dr. Hoffmann Tamás,magyar,https://www.uni-corvinus.hu/tantargyak/NPNK007NAMB?semester=2025/26/1
International and comparative economic law,6,dr. Hoffmann Tamás,magyar,https://www.uni-corvinus.hu/tantargyak/GLOB105NAMB?semester=2024/25/2
International Banking Reform,6,Piroska Dóra,angol,https://www.uni-corvinus.hu/tantargyak/4GP02NAK15M?semester=2019/20/2
International Branding Strategies,6,Dr. Kolos Krisztina Ágnes,magyar,https://www.uni-corvinus.hu/tantargyak/MAMM005NAMB?semester=2024/25/2
International Business,6,dr. Kállay László Tibor,magyar,https://www.uni-corvinus.hu/tantargyak/VF00062NABB?semester=2025/26/1
International Business Case Studies,6,Dr. Stocker Miklós György,magyar,https://www.uni-corvinus.hu/tantargyak/293NBUSV453B?semester=2024/25/2
International Business Economics,6,Dr. Havran Zsolt,magyar,https://www.uni-corvinus.hu/tantargyak/2VL60NBK03M?semester=2025/26/1
International business economics,5,Dr. Havran Zsolt,magyar,https://www.uni-corvinus.hu/tantargyak/VGUG008LAMB?semester=2025/26/1
International Business Economics,6,Dr. Havran Zsolt,magyar,https://www.uni-corvinus.hu/tantargyak/VALL004NAMB?semester=2025/26/1
International Business Environment,6,Ivanov Denis,magyar,https://www.uni-corvinus.hu/tantargyak/GLOB039NABB?semester=2025/26/1
International Business Financing,6,Dr. Molnár Endre Mihály,angol,https://www.uni-corvinus.hu/tantargyak/293NFINK454B?semester=2020/21/1
International Business Law,6,Dr. Bán Dániel,angol,https://www.uni-corvinus.hu/tantargyak/293NLAWV465B?semester=2020/21/1
International Business Law,3,Dr. Nemessányi Zoltán,egyéb,https://www.uni-corvinus.hu/tantargyak/7NK40NGK54B?semester=2019/20/2
International Business Law,5,Dr. Metzinger Péter,magyar,https://www.uni-corvinus.hu/tantargyak/PSGJ004LAMB?semester=2025/26/1
International Business Law and Ethics,3,dr. Hoffmann Tamás,angol,https://www.uni-corvinus.hu/tantargyak/7NK40NBK69M?semester=2019/20/2
International Business Strategy,6,Dr. Stocker Miklós György,magyar,https://www.uni-corvinus.hu/tantargyak/7VG32NBKB1M?semester=2025/26/1
International Business Strategy,6,Dr. Stocker Miklós György,magyar,https://www.uni-corvinus.hu/tantargyak/NPVG021NAMB?semester=2025/26/1
International Business Studies,12,dr. Kállay László Tibor,angol,https://www.uni-corvinus.hu/tantargyak/7VG32NCV51M?semester=2019/20/2
International capital and financial markets,6,Hadházyné dr. Burucs Magdolna Judit,magyar,https://www.uni-corvinus.hu/tantargyak/NPVG013NAMB?semester=2025/26/1
International Case Competition Seminar I.,5,Dr. Stocker Miklós György,magyar,https://www.uni-corvinus.hu/tantargyak/VEZ0090NABB?semester=2024/25/2
International Case Competition Seminar II.,5,Dr. Stocker Miklós György,magyar,https://www.uni-corvinus.hu/tantargyak/VEZ0091NABB?semester=2024/25/2
International Competitiveness,6,Dr. Rosta Miklós,magyar,https://www.uni-corvinus.hu/tantargyak/KOZNXV4OG28?semester=2025/26/1
International Corporate Finance,6,Dr. Yusifzada Leyla,magyar,https://www.uni-corvinus.hu/tantargyak/PENZ047NAMB?semester=2025/26/1
International Corporate Strategies,4,Dr. Gál Péter,egyéb,https://www.uni-corvinus.hu/tantargyak/4VG32NAK37B?semester=2019/20/2
International Criminal Law,3,dr. Hoffmann Tamás,angol,https://www.uni-corvinus.hu/tantargyak/7NK40NDKC1M?semester=2019/20/2
International Debate,6,Ward Jr. Stanley Allen,angol,https://www.uni-corvinus.hu/tantargyak/293NPOLV301B?semester=2020/21/1
International Development and Assistance,3,dr. Paragi Beáta,magyar,https://www.uni-corvinus.hu/tantargyak/7NK40NDKE8M?semester=2021/22/2
International Development and Conflict,6,Szabó Krisztina,magyar,https://www.uni-corvinus.hu/tantargyak/7VG32NBKC2M?semester=2025/26/1
International Development and Humanitarianism,6,dr. Paragi Beáta,magyar,https://www.uni-corvinus.hu/tantargyak/GLOB052NAMB?semester=2024/25/2
International Development Policy,6,Tétényi András,magyar,https://www.uni-corvinus.hu/tantargyak/4VG32NBK99M?semester=2025/26/1
International Economic and Financial Institutions,5,Szapáry György,magyar,https://www.uni-corvinus.hu/tantargyak/MN00002NMMB?semester=2025/26/1
International Economic and Financial Institutions,5,Szapáry György,magyar,https://www.uni-corvinus.hu/tantargyak/MN00001NAMB?semester=2025/26/1
International Economic Order,6,Dr. Almadi Sejla,magyar,https://www.uni-corvinus.hu/tantargyak/7VG32NAK27M?semester=2025/26/1
International Economic Policies,3,Kollai István,angol,https://www.uni-corvinus.hu/tantargyak/KOZNXV4VI29?semester=2020/21/1
International Economics,6,Szabó-Bakos Eszter,magyar,https://www.uni-corvinus.hu/tantargyak/293NECOK238B?semester=2025/26/1
International Economics,4,Kálecz-Simon András,magyar,https://www.uni-corvinus.hu/tantargyak/4MA23NAK10B?semester=2025/26/1
International Economics,6,Tétényi András,angol,https://www.uni-corvinus.hu/tantargyak/4VG32NAK18M?semester=2019/20/2
International Economics,6,Szabó-Bakos Eszter,magyar,https://www.uni-corvinus.hu/tantargyak/4VG32NAK60B?semester=2024/25/2
International Economics,6,Szabó-Bakos Eszter,magyar,https://www.uni-corvinus.hu/tantargyak/4MA23NAK39B?semester=2025/26/1
International Economics,8,Szabó-Bakos Eszter,magyar,https://www.uni-corvinus.hu/tantargyak/KG00039NABB?semester=2024/25/2
International Economics,6,Szabó-Bakos Eszter,magyar,https://www.uni-corvinus.hu/tantargyak/NPVG038NABB?semester=2025/26/1
International Entrepreneurship,5,dr. Kállay László Tibor,magyar,https://www.uni-corvinus.hu/tantargyak/2KV71NAV01B?semester=2025/26/1
International Finance and Export Financing,magyar,Huszár Zsuzsa Réka,magyar,https://www.uni-corvinus.hu/tantargyak/293NFINK453B?semester=2025/26/1
International Financial Institutions and Nation States,6,Dr. Benczes István Zsolt,magyar,https://www.uni-corvinus.hu/tantargyak/293NECOV416B?semester=2025/26/1
International Financial Markets,6,Hadházyné dr. Burucs Magdolna Judit,magyar,https://www.uni-corvinus.hu/tantargyak/4VG32NBK13M?semester=2024/25/2
International Financial Markets,5,Hadházyné dr. Burucs Magdolna Judit,magyar,https://www.uni-corvinus.hu/tantargyak/KG00143NAMB?semester=2025/26/1
International Financial Markets and Management,6,Halászné Sipos Erzsébet,angol,https://www.uni-corvinus.hu/tantargyak/NPVG005NABB?semester=2025/26/1
International Forwarding and Logistics,4,dr. Hoffmann Tamás,magyar,https://www.uni-corvinus.hu/tantargyak/2IR32NCK01B?semester=2019/20/2
International Law,6,dr. Molnár Tamás,angol,https://www.uni-corvinus.hu/tantargyak/PHNKP036?semester=2024/25/2
International Law I,3,Dr. Komanovics Adrienne Kinga,magyar,https://www.uni-corvinus.hu/tantargyak/7NK40ACV09M?semester=2019/20/2
International Law I,3,Dr. Komanovics Adrienne Kinga,magyar,https://www.uni-corvinus.hu/tantargyak/7NK40NCK90B?semester=2024/25/2
International Law in Practice I.,3,Dr. Komanovics Adrienne Kinga,angol,https://www.uni-corvinus.hu/tantargyak/7NK40NCKE5M?semester=2019/20/2
International Logistics,6,Miskolcziné Dr. Gábriel Mónika,magyar,https://www.uni-corvinus.hu/tantargyak/293NLOGK400B?semester=2025/26/1
International Macroeconomics,6,Szabó-Bakos Eszter,magyar,https://www.uni-corvinus.hu/tantargyak/4MA23NAK33B?semester=2025/26/1
International Marketing,6,Dr. Kelemen Zita Anikó,angol,https://www.uni-corvinus.hu/tantargyak/432_4320VTE?semester=2019/20/2
International Marketing,6,Dr. Kelemen Zita Anikó,magyar,https://www.uni-corvinus.hu/tantargyak/293NMARK371B?semester=2024/25/2
International Mobility & Career Development,3,Dr. Almadi Sejla,angol,https://www.uni-corvinus.hu/tantargyak/7VG32NAV15B?semester=2019/20/2
International Negotiations,5,Dr. Pásztor Sabrina Kim,magyar,https://www.uni-corvinus.hu/tantargyak/7PE20NAKJ7M?semester=2024/25/2
International NGOs and the UN,angol,dr. Kemenszky Ágnes,angol,https://www.uni-corvinus.hu/tantargyak/7VG32NAV83M?semester=2019/20/2
International Organisations,6,Szent-Iványi Balázs,magyar,https://www.uni-corvinus.hu/tantargyak/7NK40NBKA5B?semester=2019/20/2
International Organisations – Theory and Practice,6,dr. Lehoczki Bernadett Judit,magyar,https://www.uni-corvinus.hu/tantargyak/GLOB018NAMB?semester=2025/26/1
International Organisations – Theory and Practice,6,dr. Lehoczki Bernadett Judit,magyar,https://www.uni-corvinus.hu/tantargyak/GLOB097NAMB?semester=2024/25/2
International Organisations and Multilateral Diplomacy,3,dr. Lehoczki Bernadett Judit,angol,https://www.uni-corvinus.hu/tantargyak/7NK40NBKG5M?semester=2019/20/2
International Organisations: Theory and Practice,6,dr. Lehoczki Bernadett Judit,magyar,https://www.uni-corvinus.hu/tantargyak/GLOB048NAMB?semester=2025/26/1
International Organisations: Theory and Practice,6,dr. Lehoczki Bernadett Judit,magyar,https://www.uni-corvinus.hu/tantargyak/GLOB084NAMB?semester=2025/26/1
International Organizations and Economic Diplomacy,6,Dr. Szunomár Ágnes,magyar,https://www.uni-corvinus.hu/tantargyak/7VG32NBKB8M?semester=2024/25/2
International Political Economy,magyar,Vigvári Gábor,magyar,https://www.uni-corvinus.hu/tantargyak/4VG32NAV49M?semester=2025/26/1
International Political Economy,3,Vigvári Gábor,magyar,https://www.uni-corvinus.hu/tantargyak/4VG32NAK61B?semester=2024/25/2
International Political Economy,6,dr. Szűcs Anita,magyar,https://www.uni-corvinus.hu/tantargyak/PHNKP047?semester=2024/25/2
International Relations 1945 to Present,6,Dr. Walsch Christopher Jakob,angol,https://www.uni-corvinus.hu/tantargyak/293NPOLV377B?semester=2020/21/1
International Relations from 1815 to 1945,6,Dr. Békés Csaba János,magyar,https://www.uni-corvinus.hu/tantargyak/7NK40NCK80B?semester=2024/25/2
International Retailing Management,6,Dr. Habil Agárdi Irma,magyar,https://www.uni-corvinus.hu/tantargyak/293NMARV544B?semester=2025/26/1
International Risk Management,magyar,Dr. Kacsirek László,magyar,https://www.uni-corvinus.hu/tantargyak/4DDGRK4?semester=2025/26/1
International semester,30,Dr. Kajos Attila,magyar,https://www.uni-corvinus.hu/tantargyak/VF00088NABB?semester=2024/25/2
International Sports Marketing and Consumer Behaviour,6,Sebrek Szabolcs,angol,https://www.uni-corvinus.hu/tantargyak/VALL046NAMB?semester=2025/26/1
International Strategy,6,Sebrek Szabolcs,magyar,https://www.uni-corvinus.hu/tantargyak/2SM95NAK44M?semester=2019/20/2
International Strategy,6,Dr. Gelei Andrea,magyar,https://www.uni-corvinus.hu/tantargyak/VGUG067NAMB?semester=2024/25/2
International supply chain management,5,Dr. Erdős Gabriella,magyar,https://www.uni-corvinus.hu/tantargyak/VGLE001LAMB?semester=2025/26/1
International tax planning of personal income and wealth,6,Dr. Czoboly Gergely István,magyar,https://www.uni-corvinus.hu/tantargyak/PSGJ003LAMB?semester=2025/26/1
International Taxation,4,Dr. Deák Dániel,magyar,https://www.uni-corvinus.hu/tantargyak/HUNIN_VTGJO?semester=2025/26/1
International taxation,3,Dr. Erdős Gabriella,magyar,https://www.uni-corvinus.hu/tantargyak/SZAM070NAMB?semester=2024/25/2
International Tourism and Mobility,6,Dr. Miskolczi Márk,magyar,https://www.uni-corvinus.hu/tantargyak/FENT093NABB?semester=2025/26/1
International Trade Policy,6,Vigvári Gábor,magyar,https://www.uni-corvinus.hu/tantargyak/KOZNXV5VI01?semester=2025/26/1
International Trade Policy,6,Vigvári Gábor,magyar,https://www.uni-corvinus.hu/tantargyak/GLOB019NAMB?semester=2025/26/1
International Trade Policy,6,Vigvári Gábor,magyar,https://www.uni-corvinus.hu/tantargyak/GLOB098NAMB?semester=2025/26/1
International Trade Theory and Policy in Emerging Markets,magyar,Dr. Jászberényi Melinda,magyar,https://www.uni-corvinus.hu/tantargyak/PHCDI007?semester=2024/25/2
International Transport and Sustainable Mobility (Inter-national Mobility and Tourism),3,Dr. Lukács János,magyar,https://www.uni-corvinus.hu/tantargyak/MATT008NABB?semester=2022/23/1
Internet alkalmazásfejlesztés,3,Dr. Fodor Szabina Eszter,magyar,https://www.uni-corvinus.hu/tantargyak/2SZ31NCV04B?semester=2023/24/1
Internship,10,Dr. Szántay Antal Péter,magyar,https://www.uni-corvinus.hu/tantargyak/7PE20NGKL5B?semester=2024/25/2
Internship,magyar,Kőváriné dr. Ignáth Éva,magyar,https://www.uni-corvinus.hu/tantargyak/7NK40NCKH9B?semester=2024/25/2
Internship,20,Vaszkun Balázs György,magyar,https://www.uni-corvinus.hu/tantargyak/293NINTERN400?semester=2024/25/2
Internship,3,Dr. Szántay Antal Péter,magyar,https://www.uni-corvinus.hu/tantargyak/7PE20NXKI9M?semester=2024/25/2
Internship,magyar,dr. Szabó Zoltán,magyar,https://www.uni-corvinus.hu/tantargyak/INIR003NAMB?semester=2024/25/2
Internship,20,Dr. Kacsirek László,angol,https://www.uni-corvinus.hu/tantargyak/VF00016NABB?semester=2024/25/2
Intézmények és gazdasági magatartás,6,Dr. Gedeon Péter,magyar,https://www.uni-corvinus.hu/tantargyak/4OG33NAV19M?semester=2025/26/1
Intézmények és gazdasági magatartás,6,Dr. Gedeon Péter,magyar,https://www.uni-corvinus.hu/tantargyak/KOZNXV4OG30?semester=2025/26/1
"Intézmények, elitek, vállalkozók",6,Dr. Lengyel György,magyar,https://www.uni-corvinus.hu/tantargyak/7SO30NCKN2M?semester=2019/20/2
Intézményi gazdaságtan,6,Dr. Rosta Miklós,angol,https://www.uni-corvinus.hu/tantargyak/PHN_INSECO?semester=2019/20/2
"Intézményi kommunikáció, marketing",4,Dr. Daruka Magdolna,magyar,https://www.uni-corvinus.hu/tantargyak/7PE20LAK47S?semester=2020/21/1
Intézményi környezet hatása a közgazdasági tárgyak tanításának módszertanára (Szakmódszertan III.),3,Dr. Daruka Magdolna,magyar,https://www.uni-corvinus.hu/tantargyak/7TD50LPK13M?semester=2020/21/1
Intézményi közgazdaságtan,4,Dr. Hámori Balázs,magyar,https://www.uni-corvinus.hu/tantargyak/4OG33NAV13B?semester=2025/26/1
Intézményi közgazdaságtan,5,Golovics József,magyar,https://www.uni-corvinus.hu/tantargyak/7PE20LPK86M?semester=2021/22/2
Intézményi közgazdaságtan,3,Golovics József,magyar,https://www.uni-corvinus.hu/tantargyak/4OG33NAV27B?semester=2024/25/2
Intézményi közgazdaságtan,6,Dr. Hámori Balázs,magyar,https://www.uni-corvinus.hu/tantargyak/4OG33NAK30B?semester=2019/20/2
Intézményi közgazdaságtan,6,Golovics József,magyar,https://www.uni-corvinus.hu/tantargyak/4OG33NAK31B?semester=2024/25/1
Intézményi közgazdaságtan,5,Golovics József,magyar,https://www.uni-corvinus.hu/tantargyak/4OG33NAK01O?semester=2025/26/1
Intézményi közgazdaságtan,6,Dr. Győrffy Dóra,angol,https://www.uni-corvinus.hu/tantargyak/PHK_INST_ECONO?semester=2019/20/2
Intézményi közgazdaságtan,3,Golovics József,magyar,https://www.uni-corvinus.hu/tantargyak/GKOI025NMBS?semester=2024/25/2
Intézményi mentorálás,3,Dr. Sass Judit Gabriella,magyar,https://www.uni-corvinus.hu/tantargyak/7PE20LAKF7S?semester=2019/20/2
Intézményi mérés és értékelés,3,Pálvölgyi Krisztián,magyar,https://www.uni-corvinus.hu/tantargyak/7TD50LAKG8S?semester=2021/22/2
Intézményi mérési projekt,5,Pálvölgyi Krisztián,magyar,https://www.uni-corvinus.hu/tantargyak/7TD50LAKG9S?semester=2021/22/2
Intézménymarketing,3,Dr. Daruka Magdolna,magyar,https://www.uni-corvinus.hu/tantargyak/7PE20LAKF8S?semester=2020/21/2
Introduction to Asia Studies,3,dr. Lehoczki Bernadett Judit,angol,https://www.uni-corvinus.hu/tantargyak/7NK40NDDK8M?semester=2020/21/1
Introduction to Business Law,3,Dr. Nemessányi Zoltán,magyar,https://www.uni-corvinus.hu/tantargyak/PSGJ014NABB?semester=2021/22/2
Introduction to coaching,5,Toarniczky Andrea,magyar,https://www.uni-corvinus.hu/tantargyak/VTSM114LASB?semester=2025/26/1
Introduction to coaching,4,Dr. Dunavölgyi Mária,magyar,https://www.uni-corvinus.hu/tantargyak/VEZ0005LASB?semester=2024/25/2
Introduction to Computer Science,6,Illés Ferenc,magyar,https://www.uni-corvinus.hu/tantargyak/PSBV112NAMB?semester=2024/25/2
Introduction to Computer Science,6,Illés Ferenc,magyar,https://www.uni-corvinus.hu/tantargyak/PENZ050NAMB?semester=2024/25/2
Introduction to Data Science and Programming,6,Molnár Géza Gábor,magyar,https://www.uni-corvinus.hu/tantargyak/ADIN002NABB?semester=2025/26/1
Introduction to Economics,3,Dr. Németh Petra,angol,https://www.uni-corvinus.hu/tantargyak/7VG32NAV06B?semester=2019/20/2
Introduction to Economics,6,Orland Andreas,magyar,https://www.uni-corvinus.hu/tantargyak/KOZG005NABB?semester=2024/25/2
Introduction to Empirical Labour Market Analysis,6,Hermann Zoltán,angol,https://www.uni-corvinus.hu/tantargyak/KOZNXV4MU01?semester=2020/21/1
Introduction to Financial Modeling,6,Dr. Felföldi-Szűcs Nóra Ágota,magyar,https://www.uni-corvinus.hu/tantargyak/293NFINV200B?semester=2025/26/1
Introduction to Game Theory,6,Bakó Barna,magyar,https://www.uni-corvinus.hu/tantargyak/4MI25NAK33B?semester=2025/26/1
Introduction to Game Theory,4,Kerman Toygar Tayyar,magyar,https://www.uni-corvinus.hu/tantargyak/KG00009NABB?semester=2025/26/1
Introduction to Health Economics,6,Beretzky Zsuzsanna,magyar,https://www.uni-corvinus.hu/tantargyak/KOZNXV4KZ61?semester=2025/26/1
Introduction to Health Economics,6,Beretzky Zsuzsanna,magyar,https://www.uni-corvinus.hu/tantargyak/GKEK002NABB?semester=2025/26/1
Introduction to Health Economics,6,Beretzky Zsuzsanna,magyar,https://www.uni-corvinus.hu/tantargyak/TARS081NAMB?semester=2025/26/1
Introduction to Institutional Economics,6,Golovics József,magyar,https://www.uni-corvinus.hu/tantargyak/4OG33NAV42B?semester=2025/26/1
Introduction to Insurance Economics,3,Dr. Szüle Borbála,angol,https://www.uni-corvinus.hu/tantargyak/KOZNXOPKU02?semester=2019/20/2
Introduction to Intercultural Communication,5,Dr. Berta-Deli Eszter,magyar,https://www.uni-corvinus.hu/tantargyak/7PE20NGKG4M?semester=2025/26/1
Introduction to International Accounting,6,Tarpataki Eleonóra,magyar,https://www.uni-corvinus.hu/tantargyak/SZAM007NABB?semester=2024/25/2
Introduction to International Business,6,Dr. Kacsirek László,magyar,https://www.uni-corvinus.hu/tantargyak/293NMANK488B?semester=2025/26/1
Introduction to International Relations,6,dr. Szűcs Anita,magyar,https://www.uni-corvinus.hu/tantargyak/7NK40NCK94B?semester=2025/26/1
Introduction to Law,3,Dr. Bán Dániel,magyar,https://www.uni-corvinus.hu/tantargyak/7NK40NAK88B?semester=2024/25/2
Introduction to Legal Studies and Taxation,6,Dr. Metzinger Péter,magyar,https://www.uni-corvinus.hu/tantargyak/PSGJ048NABB?semester=2025/26/1
Introduction to Matlab with Financial Applications,6,Dr. Medvedev Péter,angol,https://www.uni-corvinus.hu/tantargyak/KOZNXV4MT02?semester=2019/20/2
Introduction to Planning and Projects,3,Dr. Papp-Horváth Viktória,magyar,https://www.uni-corvinus.hu/tantargyak/7GF20NBK11M?semester=2025/26/1
Introduction to Political Economy,6,Dr. Székely-Doby András,magyar,https://www.uni-corvinus.hu/tantargyak/KOZNXV4OG14?semester=2025/26/1
Introduction to Political Science,3,Dr. Gallai Sándor,angol,https://www.uni-corvinus.hu/tantargyak/7PO10NFV63B?semester=2020/21/1
Introduction to Political Science,6,Dr. Dúró József,magyar,https://www.uni-corvinus.hu/tantargyak/7PO10NFVF4B?semester=2025/26/1
Introduction to psychology of behaviour,3,Juhászné Dr. Klér Andrea,magyar,https://www.uni-corvinus.hu/tantargyak/VEZ0065NAMB?semester=2025/26/1
Introduction to Psychology of Behaviour,3,Szabó Zsolt Péter,magyar,https://www.uni-corvinus.hu/tantargyak/VEZ0087NAMB?semester=2025/26/1
Introduction to Python Programming for Social Scientists,6,Vásárhelyi Orsolya,magyar,https://www.uni-corvinus.hu/tantargyak/ADIN142NABB?semester=2024/25/2
Introduction to Qualitative Research Methods,6,Dr. Szilas Roland Ferenc,magyar,https://www.uni-corvinus.hu/tantargyak/VEZ0024NAMB?semester=2024/25/2
Introduction to Regional and Environmental Economics Education,3,Marjainé Dr. Szerényi Zsuzsanna,magyar,https://www.uni-corvinus.hu/tantargyak/7GF20NAK47M?semester=2025/26/1
Introduction to Social Psychology,3,Dr. Forgács Attila,angol,https://www.uni-corvinus.hu/tantargyak/7PE20NCK92B?semester=2019/20/2
Introduction to Sociological Theory,egyéb,Dr. Tőkés László,angol,https://www.uni-corvinus.hu/tantargyak/7SO30NCKI5B?semester=2019/20/2
Introduction to Stata,3,Marjainé Dr. Szerényi Zsuzsanna,angol,https://www.uni-corvinus.hu/tantargyak/4MA23NAV43M?semester=2019/20/2
Introduction to the environmental economics and management,9,Dr. Mizik Tamás,magyar,https://www.uni-corvinus.hu/tantargyak/7GF20NCV72M?semester=2019/20/2
Introduction to the European Agricultural and Rural Policy,6,Ryder Andrew,angol,https://www.uni-corvinus.hu/tantargyak/FENT004NABB?semester=2025/26/1
Introduction to UK Politics,3,Szajkó Gabriella,angol,https://www.uni-corvinus.hu/tantargyak/7NK40NFVH3M?semester=2019/20/2
Introduction to Water Economics,6,Dr. Túry György,magyar,https://www.uni-corvinus.hu/tantargyak/2KT51LCK01B?semester=2019/20/2
Investigative Journalism,6,Dr. Túry György,magyar,https://www.uni-corvinus.hu/tantargyak/MARK159NAMB?semester=2025/26/1
Investition und Finanzierung,6,Dr. Richard Werner,német,https://www.uni-corvinus.hu/tantargyak/2DS91NAK03B?semester=2020/21/1
Investition und Finanzierung,magyar,Dr. Huszák Loretta,német,https://www.uni-corvinus.hu/tantargyak/PENZ068NNBB?semester=2025/26/1
Investition und Finanzierung für Fortgeschrittene,4,Dr. Puhle Michael,magyar,https://www.uni-corvinus.hu/tantargyak/2BE52NAV06M?semester=2019/20/2
Investment Analysis,6,Dömötör Barbara Mária,magyar,https://www.uni-corvinus.hu/tantargyak/2SM95LAK66M?semester=2025/26/1
Investment and Financial Analysis in the Energy Sector,3,Mezősi András,angol,https://www.uni-corvinus.hu/tantargyak/REKK020LASB?semester=2024/25/2
Investment consulting,4,Dr. Berlinger Edina,angol,https://www.uni-corvinus.hu/tantargyak/293NFINK515M?semester=2021/22/1
Investments,6,Dr. Bihary Zsolt,magyar,https://www.uni-corvinus.hu/tantargyak/293NFINK504M?semester=2020/21/1
Investments,6,Dr. Bihary Zsolt,magyar,https://www.uni-corvinus.hu/tantargyak/PSBV003NAMB?semester=2025/26/1
Investments,6,Badics Milán Csaba,magyar,https://www.uni-corvinus.hu/tantargyak/PENZ044NAMB?semester=2025/26/1
Iparági stratégiák és piacelemzés,6,Dr. Stocker Miklós György,magyar,https://www.uni-corvinus.hu/tantargyak/VEZ0073NMMB?semester=2025/26/1
Ipargazdaságtan II.,6,Dr. Kocsis Tamás,magyar,https://www.uni-corvinus.hu/tantargyak/MKKE38?semester=2025/26/1
Ipari könyvvitel I.,6,Marjainé Dr. Szerényi Zsuzsanna,magyar,https://www.uni-corvinus.hu/tantargyak/MKKE29?semester=2025/26/1
Iparvállalatok tervezése és szervezése I.,3,Dr. Sass Judit Gabriella,magyar,https://www.uni-corvinus.hu/tantargyak/MKKE52?semester=2025/26/1
Iparvállalatok tervezése és szervezése II.,3,Dr. Bodnár Éva,magyar,https://www.uni-corvinus.hu/tantargyak/MKKE59?semester=2025/26/1
Iskolai mentálhigiéné,2,Csillik Olga,magyar,https://www.uni-corvinus.hu/tantargyak/7PE20LAK15S?semester=2019/20/2
Iskolai szervezetfejlesztés,3,dr. Vékony Dániel,magyar,https://www.uni-corvinus.hu/tantargyak/7PE20LAKA7S?semester=2020/21/1
Iskolapedagógia,2,Dr. Felföldi-Szűcs Nóra Ágota,magyar,https://www.uni-corvinus.hu/tantargyak/7PE20LPKA4M?semester=2020/21/1
Islam in Europe,6,Dr. Felföldi-Szűcs Nóra Ágota,magyar,https://www.uni-corvinus.hu/tantargyak/7NK40NFVG8B?semester=2024/25/2
Ismerkedés az árfolyamokkal (IMP-SPM),3,dr. Paragi Beáta,magyar,https://www.uni-corvinus.hu/tantargyak/2BE52NAK05B?semester=2020/21/2
Ismerkedés az árfolyamokkal (IMP-SPM),4,Dr. Molnár Bálint,egyéb,https://www.uni-corvinus.hu/tantargyak/PSBV059NMBB-SPM?semester=2025/26/1
IT architektúra,6,Molnár Géza Gábor,magyar,https://www.uni-corvinus.hu/tantargyak/INSA009NMBB?semester=2024/25/1
IT Audit,4,dr. Kő Andrea,magyar,https://www.uni-corvinus.hu/tantargyak/2IR32NDK04M?semester=2022/23/2
IT Biztonság,5,Dr. Klimkó Gábor György,magyar,https://www.uni-corvinus.hu/tantargyak/2SZ31EAK02S?semester=2022/23/2
IT biztonság,3,Dr. Ősz Rita,magyar,https://www.uni-corvinus.hu/tantargyak/VGAV027LMBB?semester=2025/26/1
IT biztonság,3,Dr. Ősz Rita,magyar,https://www.uni-corvinus.hu/tantargyak/VGAV026NMBB?semester=2024/25/2
IT Controlling,6,dr. Szabó Zoltán,egyéb,https://www.uni-corvinus.hu/tantargyak/PHGI_CONTROLLING?semester=2019/20/2
IT governance,4,Dr. Fehér Péter,magyar,https://www.uni-corvinus.hu/tantargyak/2IR32NCK02M?semester=2022/23/2
IT Governance,6,Dr. Fehér Péter,magyar,https://www.uni-corvinus.hu/tantargyak/ADIN053NAMB?semester=2025/26/1
IT kockázatmenedzsment és IT audit,5,Dr. Klimkó Gábor György,magyar,https://www.uni-corvinus.hu/tantargyak/2IR32EAK26S?semester=2022/23/1
IT Project Management,6,Dr. Klimkó Gábor György,magyar,https://www.uni-corvinus.hu/tantargyak/293NBISK607M?semester=2025/26/1
IT Project Management,6,Dr. Klimkó Gábor György,magyar,https://www.uni-corvinus.hu/tantargyak/ADIN054NAMB?semester=2024/25/2
IT Security,6,Dr. Varga Krisztián,magyar,https://www.uni-corvinus.hu/tantargyak/293NBISK604M?semester=2024/25/2
IT Security,6,Dr. Varga Krisztián,magyar,https://www.uni-corvinus.hu/tantargyak/ADIN050NAMB?semester=2024/25/2
IT service management,6,dr. Szabó Zoltán,magyar,https://www.uni-corvinus.hu/tantargyak/ADIN048NAMB?semester=2025/26/1
IT Service Management and IT Audit,6,dr. Szabó Zoltán,magyar,https://www.uni-corvinus.hu/tantargyak/ADIN177NABB?semester=2025/26/1
IT stratégia és menedzsment,4,Dr. Gábor András,magyar,https://www.uni-corvinus.hu/tantargyak/2IR32NBV01M?semester=2022/23/1
IT stratégia és menedzsment,5,dr. Szabó Zoltán,magyar,https://www.uni-corvinus.hu/tantargyak/INIR027NMMB?semester=2025/26/1
IT Stratégia és vállalati architektúra menedzsment,6,Dr. Klimkó Gábor György,magyar,https://www.uni-corvinus.hu/tantargyak/ADIN064EMMB?semester=2024/25/1
IT szolgáltatás- mendezsment és audit,6,dr. Szabó Zoltán,magyar,https://www.uni-corvinus.hu/tantargyak/INIR053LMBB?semester=2025/26/1
IT szolgáltatás- menedzsment és audit,6,dr. Szabó Zoltán,magyar,https://www.uni-corvinus.hu/tantargyak/INIR042NMBB?semester=2025/26/1
IT szolgáltatások menedzsmentje,5,Dr. Varga Krisztián,magyar,https://www.uni-corvinus.hu/tantargyak/2IR32EAK16S?semester=2019/20/2
IT szolgáltatások menedzsmentje,5,dr. Szabó Zoltán,magyar,https://www.uni-corvinus.hu/tantargyak/2IR32EAK35S?semester=2025/26/1
IT szolgáltatások menedzsmentje,6,Dr. Varga Krisztián,magyar,https://www.uni-corvinus.hu/tantargyak/ADIN073EMMB?semester=2024/25/2
"IT trendek, big data, cloud",6,Dr. Csáki Csaba,magyar,https://www.uni-corvinus.hu/tantargyak/INIR049NMBB?semester=2025/26/1
IT vezetői képességek fejlesztése,5,Dr. Klimkó Gábor György,magyar,https://www.uni-corvinus.hu/tantargyak/2LK94EAK01S?semester=2023/24/1
IT vezetői képességek fejlesztése,6,Dr. Klimkó Gábor György,magyar,https://www.uni-corvinus.hu/tantargyak/ADIN074EMMB?semester=2024/25/1
IT vezetői képességek fejlesztése,4,Dr. Klimkó Gábor György,magyar,https://www.uni-corvinus.hu/tantargyak/ADIN108EMSB?semester=2024/25/1
Izrael és/vagy Palesztina?,3,dr. Paragi Beáta,magyar,https://www.uni-corvinus.hu/tantargyak/7NK40NFV67M?semester=2022/23/1
Japán gazdasága,2,Dr. Szunomár Ágnes,magyar,https://www.uni-corvinus.hu/tantargyak/7VG32NBKD2M?semester=2021/22/2
Játékelmélet,3,Bakó Barna,magyar,https://www.uni-corvinus.hu/tantargyak/4MI25NAK61M?semester=2019/20/2
Jelek tudománya: multimediális kommunikáció,6,Dr. Veszelszki Ágnes,magyar,https://www.uni-corvinus.hu/tantargyak/7PE20NCKA9B?semester=2019/20/2
Jelenkori Európa-tanulmányok,3,dr. Gálik Zoltán,magyar,https://www.uni-corvinus.hu/tantargyak/7NK40NIK50M?semester=2020/21/2
Jó gyakorlatok az agrobizniszben,6,Dr. Török Áron,magyar,https://www.uni-corvinus.hu/tantargyak/VF00035NMBB?semester=2024/25/1
Jobboldali európai radikalizmus,3,Dr. Dúró József,magyar,https://www.uni-corvinus.hu/tantargyak/7PO10NGVD7M?semester=2021/22/2
Jog,5,Dr. Bán Dániel,magyar,https://www.uni-corvinus.hu/tantargyak/2JO11NAK04B?semester=2025/26/1
Jog,5,Dr. Bán Dániel,magyar,https://www.uni-corvinus.hu/tantargyak/2LK95LAK79B?semester=2021/22/1
Jog és adózás,6,Dr. Bán Dániel,magyar,https://www.uni-corvinus.hu/tantargyak/PSGJ020NMBB?semester=2024/25/2
Jog és adózás,6,Dr. Bán Dániel,magyar,https://www.uni-corvinus.hu/tantargyak/PSGJ027LMBB ?semester=2025/26/1
Jog és informatika,6,Dr. Dudás Gábor János,magyar,https://www.uni-corvinus.hu/tantargyak/INIK007NMBB?semester=2025/26/1
Jog és közgazdaságtan,6,Szalai Ákos,magyar,https://www.uni-corvinus.hu/tantargyak/4KO03NAK54B?semester=2025/26/1
Jog és közgazdaságtan,6,Dr. Mike Károly,magyar,https://www.uni-corvinus.hu/tantargyak/4KO03NAV55B?semester=2019/20/2
Jog és közgazdaságtan,6,Szalai Ákos,magyar,https://www.uni-corvinus.hu/tantargyak/GKKK032NMBB?semester=2024/25/2
Jogállam: Meghatározása és társadalmi meghatározottsága,6,Dr. Gajduschek György,magyar,https://www.uni-corvinus.hu/tantargyak/TARS184NABB?semester=2025/26/1
Joggazdaságtan,6,Szalai Ákos,magyar,https://www.uni-corvinus.hu/tantargyak/4KO03NBK89M?semester=2021/22/2
Jogi alapismeretek,3,Dr. Bán Dániel,magyar,https://www.uni-corvinus.hu/tantargyak/7NK40NCKH1B?semester=2022/23/1
"Jogi alapismeretek, biztosítási és pénztári jog",magyar,Dr. Csöndes Mónika,magyar,https://www.uni-corvinus.hu/tantargyak/4BO11LT025S?semester=2020/21/2
"Jogi alapismeretek, biztosítási és pénztári jog",6,Dr. Komanovics Adrienne Kinga,magyar,https://www.uni-corvinus.hu/tantargyak/VF00130LMSB?semester=2024/25/2
Jogi alaptan,3,Dr. Dudás Gábor János,magyar,https://www.uni-corvinus.hu/tantargyak/7NK40NBK84B?semester=2021/22/1
Jogi kockázatok az e-businessben,3,Dr. Dudás Gábor János,magyar,https://www.uni-corvinus.hu/tantargyak/2EB34NDK02B?semester=2025/26/1
Jóléti rendszerek és a gondozási politikák reformjai,magyar,Kőváriné dr. Ignáth Éva,magyar,https://www.uni-corvinus.hu/tantargyak/GKKK002LMMB?semester=2025/26/1
Journey of the European Integration: Milestones and Driving Forces,6,Dr. Duma László,magyar,https://www.uni-corvinus.hu/tantargyak/GLOB133NABB?semester=2025/26/1
Jövő intelligens technológiái,4,Dr. Jászberényi Melinda,magyar,https://www.uni-corvinus.hu/tantargyak/2EB34NCK01M?semester=2025/26/1
Jövőképes és újturizumus,5,Dr. Aczél Petra Katalin,magyar,https://www.uni-corvinus.hu/tantargyak/FENT028LMSB?semester=2023/24/1
Jövőkészségek,3,Dr. Hideg Éva,magyar,https://www.uni-corvinus.hu/tantargyak/7PE20NGVL9B?semester=2019/20/2
Jövőkutatás,4,Dr. Hideg Éva,magyar,https://www.uni-corvinus.hu/tantargyak/2JK22NCV01B?semester=2025/26/1
Jövőkutatás,5,Dr. Márton András,magyar,https://www.uni-corvinus.hu/tantargyak/2JK22NAK02M?semester=2025/26/1
Jövőkutatás,3,Dr. Márton András,magyar,https://www.uni-corvinus.hu/tantargyak/7GF20NAV43M?semester=2025/26/1
Jövőkutatás,3,Dr. Márton András,magyar,https://www.uni-corvinus.hu/tantargyak/7GF20LSZ43M?semester=2025/26/1
Jövőkutatás és előretekintés,3,Dr. Nováky Erzsébet,magyar,https://www.uni-corvinus.hu/tantargyak/7GF20LSZ96M?semester=2020/21/2
Kamatlábmodellek,magyar,Juhászné Dr. Klér Andrea,magyar,https://www.uni-corvinus.hu/tantargyak/mm4n1kl4p?semester=2019/20/2
"Karrierfejlesztés, önmenedzsment",6,Bódis Lajos,magyar,https://www.uni-corvinus.hu/tantargyak/VTSM062NMBB?semester=2024/25/2
"Karriermenedzsment, állásvadászat",4,Telegdy Álmos Márton,magyar,https://www.uni-corvinus.hu/tantargyak/2LK94LBK67B?semester=2019/20/2
Kauzális adatelemzés,6,dr. Kemenszky Ágnes,magyar,https://www.uni-corvinus.hu/tantargyak/MN00016NMMB?semester=2025/26/1
Kelet-Európa gazdaságtörténete a 20. században,magyar,dr. Zsinka László,magyar,https://www.uni-corvinus.hu/tantargyak/4MI25NAV41B?semester=2019/20/2
"Képzés és fejlesztés, bevezetés az akciótanulásba",6,Dr. Takács Sándor,magyar,https://www.uni-corvinus.hu/tantargyak/VTSM063NMBB?semester=2024/25/2
Képzés portfolió,3,Dr. Daruka Magdolna,magyar,https://www.uni-corvinus.hu/tantargyak/7TD50LPK04M?semester=2020/21/2
Kérdőívtervezés és kérdőívezési módszerek,6,Prof. Dr. Rencz Fanni,magyar,https://www.uni-corvinus.hu/tantargyak/4EG59NAV01B?semester=2021/22/1
Kérdőívtervezés és kérdőívezési módszerek,6,Prof. Dr. Rencz Fanni,magyar,https://www.uni-corvinus.hu/tantargyak/4EG59NAV05M?semester=2025/26/1
Kérdőívtervezés workshop,3,Prof. Dr. Rencz Fanni,magyar,https://www.uni-corvinus.hu/tantargyak/KOZNXV4KZ74?semester=2024/25/2
Kérdőívtervezés Workshop,3,Prof. Dr. Rencz Fanni,magyar,https://www.uni-corvinus.hu/tantargyak/TARS183NABB?semester=2025/26/1
Kereskedelemgazdaságtan,4,Dr. Habil Agárdi Irma,magyar,https://www.uni-corvinus.hu/tantargyak/2MA41NCK05B?semester=2019/20/2
Kereskedelemgazdaságtan,4,Dr. Csepeti Ádám,magyar,https://www.uni-corvinus.hu/tantargyak/2LK95LAK58B?semester=2019/20/2
Kereskedelemgazdaságtan,magyar,Dr. Medvedev Péter,magyar,https://www.uni-corvinus.hu/tantargyak/KEK/SPOMdb/EOB/17 ?semester=2025/26/1
Kereskedelmi banki kockázatok modellezése,magyar,Dr. Nemessányi Zoltán,magyar,https://www.uni-corvinus.hu/tantargyak/KOZNXV4MT03?semester=2019/20/2
Kereskedelmi jog,3,Dr. Nemessányi Zoltán,magyar,https://www.uni-corvinus.hu/tantargyak/7NK40NGK47B?semester=2021/22/2
Kereskedelmi jog,3,Dr. Berezvai Zombor,magyar,https://www.uni-corvinus.hu/tantargyak/2LK95LAK54B?semester=2023/24/2
Kereskedelmi menedzsment,6,Dr. Szilas Roland Ferenc,magyar,https://www.uni-corvinus.hu/tantargyak/MAME019NMBB?semester=2025/26/1
Keresztény elvek a gazdaságban és a menedzsmentben ? emberközpontú közgazdaságtan,3,Dr. Sugár András,magyar,https://www.uni-corvinus.hu/tantargyak/8SAPIKER01B?semester=2020/21/1
Keresztmetszeti és panel ökonometria,6,Dr. Benczes Réka Ágnes,magyar,https://www.uni-corvinus.hu/tantargyak/4ST14NAK23M?semester=2020/21/1
Keretezéselmélet – a kommunikáció elemzése és interpretációja,6,Dr. Török Áron,magyar,https://www.uni-corvinus.hu/tantargyak/PHTK_Keretezéselmélet?semester=2019/20/2
Kertészet,5,Toarniczky Andrea,magyar,https://www.uni-corvinus.hu/tantargyak/2KA21NAK19B?semester=2020/21/2
Kína és India: a világgazdaság felemelkedő óriásai,3,Dr. Székely-Doby András,magyar,https://www.uni-corvinus.hu/tantargyak/4OG33NEK31M?semester=2019/20/2
Kína geopolitikája,6,Dr. Péti Márton,angol,https://www.uni-corvinus.hu/tantargyak/PHN_GEOPOL_CHINA?semester=2019/20/2
Kínai (A1/2 szint t.mentes),3,Jónás Dávid,magyar,https://www.uni-corvinus.hu/tantargyak/IOK0156KIAA?semester=2024/25/2
Kínai (A1/2 szint térítéses),magyar,Jónás Dávid,magyar,https://www.uni-corvinus.hu/tantargyak/IOK0157KIAA?semester=2024/25/2
"Kínai (szakmai közép, t. mentes)/1",3,Nyári Norbert,magyar,https://www.uni-corvinus.hu/tantargyak/7IL50NNVE8B?semester=2020/21/2
"Kínai (szakmai közép, térítéses)/1",magyar,Nyári Norbert,egyéb,https://www.uni-corvinus.hu/tantargyak/7IL50NNVE6B?semester=2021/22/1
Kisebbségek és kisebbségvédelem,3,dr. Kemenszky Ágnes,magyar,https://www.uni-corvinus.hu/tantargyak/7NK40NDK49M?semester=2020/21/1
Kisvállalkozás-fejlesztés politika,4,dr. Kállay László Tibor,magyar,https://www.uni-corvinus.hu/tantargyak/2KV71NCV01M?semester=2020/21/1
Kisvállalkozások emberi tényezői,6,Mihalkovné Dr. Szakács Katalin,magyar,https://www.uni-corvinus.hu/tantargyak/VF00046NMBS?semester=2025/26/1
Kisvállalkozások finanszírozása és pénzügyei,5,Mihalkovné Dr. Szakács Katalin,magyar,https://www.uni-corvinus.hu/tantargyak/2LK95LAK21B?semester=2019/20/2
Kisvállalkozások finanszírozása és pénzügyei,5,Mihalkovné Dr. Szakács Katalin,magyar,https://www.uni-corvinus.hu/tantargyak/2KV71NDK73SB?semester=2025/26/1
"Kisvállalkozások finanszírozása, pénzügyei",5,Mihalkovné Dr. Szakács Katalin,magyar,https://www.uni-corvinus.hu/tantargyak/2KV71NDK06B?semester=2020/21/1
"Kisvállalkozások finanszírozása, pénzügyei",5,Mihalkovné Dr. Szakács Katalin,magyar,https://www.uni-corvinus.hu/tantargyak/2KV71LAK02M?semester=2019/20/2
"Kisvállalkozások finanszírozása, pénzügyei",6,Mihalkovné Dr. Szakács Katalin,magyar,https://www.uni-corvinus.hu/tantargyak/VF00047NMBS?semester=2024/25/2
Kisvállalkozások indítása és működtetése,3,Dr. Petheő Attila István,magyar,https://www.uni-corvinus.hu/tantargyak/2KV71NCK02B?semester=2019/20/2
Kisvállalkozások indítása és működtetése,3,Dr. Petheő Attila István,magyar,https://www.uni-corvinus.hu/tantargyak/2KV71NDK08B?semester=2025/26/1
Kisvállalkozások indítása és működtetése,5,Dr. Petheő Attila István,magyar,https://www.uni-corvinus.hu/tantargyak/2KV71NCK05B?semester=2025/26/1
Kisvállalkozások indítása és működtetése,4,Mihalkovné Dr. Szakács Katalin,magyar,https://www.uni-corvinus.hu/tantargyak/2LK95LAK30B?semester=2020/21/1
Kisvállalkozások indítása és működtetése,5,Dr. Petheő Attila István,magyar,https://www.uni-corvinus.hu/tantargyak/2KV71NCK70SB?semester=2025/26/1
Kisvállalkozások közterhei,5,Dr. Kerékgyártó Gábor,magyar,https://www.uni-corvinus.hu/tantargyak/2KV71NDK12B?semester=2025/26/1
Kisvállalkozások közterhei,5,Dr. Kerékgyártó Gábor,magyar,https://www.uni-corvinus.hu/tantargyak/2KV71NDK72SB?semester=2025/26/1
Kisvállalkozások menedzsmentje,5,Dr. Petheő Attila István,magyar,https://www.uni-corvinus.hu/tantargyak/2KV71LAK03M?semester=2019/20/2
Klasszikus és modern szociológiaelméletek,9,Dr. Kristóf Luca,magyar,https://www.uni-corvinus.hu/tantargyak/7SO30NDVR4B?semester=2020/21/2
"Klasszikus rendszertípusok, hibrid rezsimek és az Orbán rezsim",6,Dr. Körösényi András,angol,https://www.uni-corvinus.hu/tantargyak/PHP_CLASS_HYBR_ORB_REG?semester=2019/20/2
Klimatológia alapjai,3,Marjainé Dr. Szerényi Zsuzsanna,magyar,https://www.uni-corvinus.hu/tantargyak/7GF20NBK05M?semester=2020/21/2
"Klímaváltozás és alkalmazkodás: kihívások, stratégiák és jó gyakorlatok",3,Dr. Czira Tamás Gábor,magyar,https://www.uni-corvinus.hu/tantargyak/FENT008NMBB?semester=2022/23/2
Klímaváltozás és környezeti hatások,5,Marjainé Dr. Szerényi Zsuzsanna,magyar,https://www.uni-corvinus.hu/tantargyak/FENT080LMSB?semester=2024/25/2
Knowledge Management,6,Borbásné Szabó Ildikó,magyar,https://www.uni-corvinus.hu/tantargyak/PHGI_TUDASMEN?semester=2020/21/2
Kockázati folyamatok,magyar,Dr. Aranyossy Márta,magyar,https://www.uni-corvinus.hu/tantargyak/mm4n1kf4a?semester=2019/20/2
Kockázati tőkefinanszírozás,5,Dr. Aranyossy Márta,magyar,https://www.uni-corvinus.hu/tantargyak/2BE52NAK32M?semester=2025/26/1
Kockázati tőkefinanszírozás,6,Dr. Aranyossy Márta,magyar,https://www.uni-corvinus.hu/tantargyak/VF00095NMMB?semester=2025/26/1
Kockázati tőkefinanszírozás,6,Dr. Kacsirek László,magyar,https://www.uni-corvinus.hu/tantargyak/VALL033NMMB?semester=2024/25/2
Kockázatkezelés,3,Hadházyné dr. Burucs Magdolna Judit,magyar,https://www.uni-corvinus.hu/tantargyak/2SZ74NDK06B?semester=2019/20/2
Kockázatkezelés,6,Dr. Tamásné Vőneki Zsuzsanna,magyar,https://www.uni-corvinus.hu/tantargyak/7VG32NBKB4M?semester=2025/26/1
Kockázatkezelés,6,Pollák Zoltán,magyar,https://www.uni-corvinus.hu/tantargyak/PSBV092LMSB?semester=2025/26/1
"Kockázatok, kockázatmérés",8,Dr. Bodnár Éva,magyar,https://www.uni-corvinus.hu/tantargyak/4BK54LAK59S?semester=2020/21/1
Kognitív pszichológia,3,Csengődi Sándor,magyar,https://www.uni-corvinus.hu/tantargyak/7PE20NAK09M?semester=2020/21/2
Költség-haszon elemzés,6,Csengődi Sándor,magyar,https://www.uni-corvinus.hu/tantargyak/4KO03LAV15M?semester=2019/20/2
Költség-haszon elemzés,6,Csengődi Sándor,magyar,https://www.uni-corvinus.hu/tantargyak/4KO03NAV94M?semester=2025/26/1
Költségvetés és adózás,6,Dr. Varga Erzsébet Teréz,magyar,https://www.uni-corvinus.hu/tantargyak/PSBV047NMBB?semester=2024/25/1
Költségvetési intézmények gazdálkodása,3,Dr. Varga Erzsébet Teréz,magyar,https://www.uni-corvinus.hu/tantargyak/4PU51NAK06B?semester=2023/24/1
Költségvetési intézmények gazdálkodása,4,Dr. Varga Erzsébet Teréz,magyar,https://www.uni-corvinus.hu/tantargyak/4PU51NAK81SB?semester=2025/26/1
Költségvetési politika a gyakorlatban,3,Kutasi Gábor,magyar,https://www.uni-corvinus.hu/tantargyak/4MNBNAV13M?semester=2019/20/2
Költségvetési politika a gyakorlatban,3,Dr. Sebestyén Géza,magyar,https://www.uni-corvinus.hu/tantargyak/4MNBNAV19M?semester=2019/20/2
Költségvetési politika a gyakorlatban,3,Dr. Sebestyén Géza,magyar,https://www.uni-corvinus.hu/tantargyak/KOZNX4MN08?semester=2020/21/2
Költségvetési számvitel,4,Dr. Gyenge Magdolna,magyar,https://www.uni-corvinus.hu/tantargyak/2SA53NAV01B?semester=2025/26/1
Költségvetési szervek számvitele és költségvetési támogatások ellenőrzése,5,Dr. Lakatos László Péter,magyar,https://www.uni-corvinus.hu/tantargyak/2PU51EAK05M?semester=2025/26/1
KommOlyan,3,Rétvári Márton Gergely,magyar,https://www.uni-corvinus.hu/tantargyak/7PE20NDVL1B?semester=2020/21/1
Kommunikáció,2,Dr. Habil Bokor Tamás,angol,https://www.uni-corvinus.hu/tantargyak/4BO11LA014S?semester=2023/24/1
Kommunikáció,3,Dr. Habil Bokor Tamás,magyar,https://www.uni-corvinus.hu/tantargyak/2LK95LAK45B?semester=2021/22/1
Kommunikáció a jövővel és a jövőről,4,Dr. Hideg Éva,magyar,https://www.uni-corvinus.hu/tantargyak/PHGI_KOMJOVO?semester=2019/20/2
Kommunikáció és konfliktuskezelés,magyar,Dr. Toronyai Gábor,magyar,https://www.uni-corvinus.hu/tantargyak/817_8170VTT?semester=2023/24/2
Kommunikáció és médiaetika,3,Dr. Toronyai Gábor,magyar,https://www.uni-corvinus.hu/tantargyak/7PO10NCK12B?semester=2019/20/2
Kommunikáció és médiaetika,3,Dr. Nagy-Béni Alexandra,magyar,https://www.uni-corvinus.hu/tantargyak/7PO10NCV12M?semester=2019/20/2
Kommunikációelméletek,3,Dr. Juhász Péter,magyar,https://www.uni-corvinus.hu/tantargyak/7PE20NAKI4M?semester=2021/22/1
Kommunikációfejlesztés,6,Dr. Forgács Attila,magyar,https://www.uni-corvinus.hu/tantargyak/PHG_KOMFEJL?semester=2021/22/2
Kommunikációs és prezentációs technikák,5,Dr. Komár Zita,magyar,https://www.uni-corvinus.hu/tantargyak/7PE20LAKE8S?semester=2020/21/2
Kommunikációs gyakorlat,4,Dr. Habil. Varga Ákos,magyar,https://www.uni-corvinus.hu/tantargyak/2MF44NCV01B?semester=2025/26/1
Kommunikációs gyakorlat a turizmusban I.,3,Dr. Ásványi Katalin,magyar,https://www.uni-corvinus.hu/tantargyak/2SZ74NCK09B?semester=2019/20/2
Kommunikációs gyakorlatok,3,Dr. Habil Bokor Tamás,magyar,https://www.uni-corvinus.hu/tantargyak/2PU51NDK01B?semester=2023/24/2
Kommunikációs gyakorlatok,3,Dr. Habil Bokor Tamás,magyar,https://www.uni-corvinus.hu/tantargyak/2LK95LAK35B?semester=2023/24/2
Kommunikációs gyakorlatok I.,5,Dr. Habil Bokor Tamás,magyar,https://www.uni-corvinus.hu/tantargyak/2VE81NAK05B?semester=2020/21/2
Kommunikációs gyakorlatok I.,5,Bácsi Katalin,magyar,https://www.uni-corvinus.hu/tantargyak/2VE81NAK13B?semester=2020/21/1
Kommunikációs gyakorlatok II.,5,Dr. Habil Bokor Tamás,magyar,https://www.uni-corvinus.hu/tantargyak/2VE81NCV02B?semester=2019/20/2
Kommunikációs gyakorlatok II.,5,Dr. Habil Bokor Tamás,magyar,https://www.uni-corvinus.hu/tantargyak/2VE81NAK14B?semester=2025/26/1
Kommunikációs stílusgyakorlatok,5,Dr. Habil Horváth Dóra,magyar,https://www.uni-corvinus.hu/tantargyak/2ME43NAV04M?semester=2021/22/2
Kommunikációs stílusgyakorlatok,5,Dr. Habil Horváth Dóra,magyar,https://www.uni-corvinus.hu/tantargyak/2ME43NAV05M?semester=2025/26/1
Kommunikációs tréning,3,Pelle Veronika,magyar,https://www.uni-corvinus.hu/tantargyak/7PE20NAK06B?semester=2024/25/2
Kommunikációs zavarok,3,Dr. Nagy-Béni Alexandra,magyar,https://www.uni-corvinus.hu/tantargyak/7PE20NCK69B?semester=2024/25/1
Kommunikációs zavarok,3,Dr. Habil Bokor Tamás,magyar,https://www.uni-corvinus.hu/tantargyak/7PE20NCV69M?semester=2020/21/1
Kommunikáló szervezetek,5,Dr. Aczél Petra Katalin,magyar,https://www.uni-corvinus.hu/tantargyak/7PE20NBKD7M?semester=2023/24/1
Kommunikáló szervezetek,3,Dr. Nagy-Béni Alexandra,magyar,https://www.uni-corvinus.hu/tantargyak/7PE20NAKI5M?semester=2022/23/2
Komparatív családpolitika,magyar,Dr. Sebők Marianna,magyar,https://www.uni-corvinus.hu/tantargyak/GKKK015LMMB?semester=2025/26/1
Kompetencia és ösztönzésmenedzsment,4,Dr. Sebők Marianna,magyar,https://www.uni-corvinus.hu/tantargyak/2VE81NAV06B?semester=2019/20/2
Kompetencia és ösztönzésmenedzsment a gyakorlatban,4,Dr. Sebők Marianna,magyar,https://www.uni-corvinus.hu/tantargyak/2VE81NAV06SB?semester=2019/20/2
Komplex vizsga,magyar,dr. Szabó Zoltán,magyar,https://www.uni-corvinus.hu/tantargyak/2LK94LCK04B?semester=2024/25/2
Komplexvizsga,magyar,dr. Szabó Zoltán,magyar,https://www.uni-corvinus.hu/tantargyak/2IR32NDK17B?semester=2024/25/2
Komplexvizsga: Gazdaságinformatikus Msc,magyar,dr. Szabó Zoltán,magyar,https://www.uni-corvinus.hu/tantargyak/2IR32NDK11M?semester=2021/22/1
Komplexvizsga: Marketing,magyar,Dr. Bauer András,magyar,https://www.uni-corvinus.hu/tantargyak/KOMPLEX_Q14?semester=2023/24/2
Konferenciaszervezés,5,Dr. Irimiás Anna Rita,magyar,https://www.uni-corvinus.hu/tantargyak/2MA41NAK07B?semester=2025/26/1
Konfliktus és együttműködés a kommunikációban,3,Dr. Szántay Antal Péter,egyéb,https://www.uni-corvinus.hu/tantargyak/7PE20NGKG2M?semester=2021/22/1
Konfliktusmenedzsment,4,Juhászné Dr. Klér Andrea,magyar,https://www.uni-corvinus.hu/tantargyak/VTSM109LMSB?semester=2024/25/2
Konfliktusmenedzsment és mediáció,6,Géró Györgyi,magyar,https://www.uni-corvinus.hu/tantargyak/7PE20NCKB1B?semester=2025/26/1
Konszolidált beszámoló alapjai,3,Baricz Rezső,magyar,https://www.uni-corvinus.hu/tantargyak/2SZ53NDK04B?semester=2019/20/2
Konszolidált beszámoló alapjai,4,Dr. Gulyás Éva,magyar,https://www.uni-corvinus.hu/tantargyak/2SZ53NDK10B?semester=2025/26/1
Konszolidált beszámoló alapjai,5,Dr. Gulyás Éva,magyar,https://www.uni-corvinus.hu/tantargyak/2SZ53NDK13B?semester=2025/26/1
Konszolidált beszámoló összeállítása,6,Dr. Gulyás Éva,magyar,https://www.uni-corvinus.hu/tantargyak/SZAM026NMMB?semester=2024/25/1
Konszolidált beszámoló összeállítása és elemzése,5,Dr. Gulyás Éva,magyar,https://www.uni-corvinus.hu/tantargyak/2SA53EAK22M?semester=2020/21/1
Kontrolling és anyavállalati riportok (projekt tárgy),6,Dr. Gulyás Éva,magyar,https://www.uni-corvinus.hu/tantargyak/SZAM023NMMB?semester=2024/25/1
Konvex analízis,4,Dr. Szabó Imre,magyar,https://www.uni-corvinus.hu/tantargyak/4MA12NAK08M?semester=2020/21/2
Konvex analízis,4,Dr. Szabó Imre,magyar,https://www.uni-corvinus.hu/tantargyak/4MA12NAK15O?semester=2025/26/1
Konvex analízis,4,Dr. Szabó Imre,angol,https://www.uni-corvinus.hu/tantargyak/PHK_CONV_AN?semester=2019/20/2
Konvex analízis,4,Dr. Szabó Imre,magyar,https://www.uni-corvinus.hu/tantargyak/MSMT040NMOB?semester=2025/26/1
Konvex analízis,6,Dr. Szabó Imre,magyar,https://www.uni-corvinus.hu/tantargyak/ADIN090NMOB?semester=2025/26/1
Kooperációs- és projektpedagógiai eszközök alkalmazása,3,Dr. Pfister Éva,magyar,https://www.uni-corvinus.hu/tantargyak/7PE20LAK89S?semester=2020/21/1
Kooperatív játékelmélet,4,Dr. Solymosi István Tamás,magyar,https://www.uni-corvinus.hu/tantargyak/4OP13NAK08O?semester=2025/26/1
Kooperatív játékelmélet,6,Dr. Solymosi István Tamás,magyar,https://www.uni-corvinus.hu/tantargyak/OPDO042NMOB?semester=2025/26/1
Körforgásos gazdaság üzleti modelljei,6,Dr. Csutora Mária,magyar,https://www.uni-corvinus.hu/tantargyak/VGLE022NMBB?semester=2024/25/2
Kormányzás és szakpolitikák,6,Dr. Gallai Sándor,magyar,https://www.uni-corvinus.hu/tantargyak/7PO10NDK78M?semester=2019/20/2
Kormányzás és szakpolitikák,3,Dr. Gallai Sándor,magyar,https://www.uni-corvinus.hu/tantargyak/NPPT047NMMB?semester=2022/23/2
Kormányzástan,3,Dr. Gyulai Attila,magyar,https://www.uni-corvinus.hu/tantargyak/7PO10NBK12M?semester=2020/21/1
Kormányzati és politikai döntéshozatal,3,Dr. Gallai Sándor,magyar,https://www.uni-corvinus.hu/tantargyak/7PO10NDV59B?semester=2024/25/1
Kormányzati intézményi gazdaságtan,6,Dr. Mike Károly,magyar,https://www.uni-corvinus.hu/tantargyak/4KO03NBK26M?semester=2019/20/2
Kormányzati kapcsolatok,magyar,Dr. Ványi Éva,magyar,https://www.uni-corvinus.hu/tantargyak/7PO10NDK79M?semester=2019/20/2
Kormányzati kapcsolatok és CSR,6,Dr. Rosta Miklós,magyar,https://www.uni-corvinus.hu/tantargyak/7PO10NAK97M?semester=2020/21/1
Kornai János életműve,3,Dr. Csutora Mária,magyar,https://www.uni-corvinus.hu/tantargyak/KOZNXV4OG31?semester=2019/20/2
Környezetbarát vállalatirányítás,5,Marjainé Dr. Szerényi Zsuzsanna,magyar,https://www.uni-corvinus.hu/tantargyak/2KG23NDK02B?semester=2024/25/2
Környezetértékelés,3,Marjainé Dr. Szerényi Zsuzsanna,magyar,https://www.uni-corvinus.hu/tantargyak/7GF20NAK26M?semester=2022/23/1
Környezetértékelés,3,Marjainé Dr. Szerényi Zsuzsanna,magyar,https://www.uni-corvinus.hu/tantargyak/7GF20LSZ26M?semester=2020/21/2
Környezetértékelés,3,Marjainé Dr. Szerényi Zsuzsanna,magyar,https://www.uni-corvinus.hu/tantargyak/NPGG022NMMB?semester=2023/24/2
Környezetgazdaságtan,4,Dr. Kerekes Sándor,magyar,https://www.uni-corvinus.hu/tantargyak/2KG23NBK01B?semester=2019/20/2
Környezetgazdaságtan,3,Marjainé Dr. Szerényi Zsuzsanna,magyar,https://www.uni-corvinus.hu/tantargyak/2LK95LAK24B?semester=2022/23/2
Környezetgazdaságtan,3,Marjainé Dr. Szerényi Zsuzsanna,magyar,https://www.uni-corvinus.hu/tantargyak/7GF20NSZ04B?semester=2025/26/1
Környezetgazdaságtan,6,Marjainé Dr. Szerényi Zsuzsanna,magyar,https://www.uni-corvinus.hu/tantargyak/NPGG015NMBB?semester=2024/25/2
Környezetgazdaságtan,magyar,Dr. Harangozó Gábor,magyar,https://www.uni-corvinus.hu/tantargyak/KEK/SPOMdb/EEK/17 ?semester=2025/26/1
Környezetgazdaságtan és politika,3,Dr. Harangozó Gábor,magyar,https://www.uni-corvinus.hu/tantargyak/2VL60NCK16M?semester=2025/26/1
Környezetgazdaságtan és politika,3,Marjainé Dr. Szerényi Zsuzsanna,magyar,https://www.uni-corvinus.hu/tantargyak/2VL60NCK03B?semester=2025/26/1
Környezetgazdaságtan II.,5,Dr. Péti Márton,magyar,https://www.uni-corvinus.hu/tantargyak/2KG23NDK01B?semester=2024/25/2
"Környezeti hatásvizsgálat (SKV, KHV) és tervezés",3,Dr. Kocsis Tamás,magyar,https://www.uni-corvinus.hu/tantargyak/7GF20NBK08M?semester=2022/23/2
Környezeti menedzsment,5,Dr. Kocsis Tamás,magyar,https://www.uni-corvinus.hu/tantargyak/2KG23EAK01S?semester=2022/23/2
Környezeti menedzsment,3,Dr. Csutora Mária,magyar,https://www.uni-corvinus.hu/tantargyak/2KG23NDK11M?semester=2019/20/2
Környezeti menedzsment,5,Dr. Kocsis Tamás,magyar,https://www.uni-corvinus.hu/tantargyak/NPGG043LMSB?semester=2024/25/2
Környezetpolitika,3,Dr. Harangozó Gábor,magyar,https://www.uni-corvinus.hu/tantargyak/2KG23NCV02B?semester=2019/20/2
Környezetpolitika,5,Dr. Harangozó Gábor,magyar,https://www.uni-corvinus.hu/tantargyak/2KG23NDK05B?semester=2024/25/2
Környezetpolitika,3,Dr. Harangozó Gábor,magyar,https://www.uni-corvinus.hu/tantargyak/2KG23NCV03B?semester=2025/26/1
Korszakos könyvek I.,3,Prof.Dr. Mezei Balázs Mihály,magyar,https://www.uni-corvinus.hu/tantargyak/7PO10NKK01B?semester=2024/25/2
Korszakos könyvek II.,3,Prof.Dr. Mezei Balázs Mihály,magyar,https://www.uni-corvinus.hu/tantargyak/7PO10NKK02B?semester=2024/25/2
Korszakos könyvek III.,3,Prof.Dr. Mezei Balázs Mihály,magyar,https://www.uni-corvinus.hu/tantargyak/4KO03NAK56B?semester=2024/25/1
Korszakos könyvek V.,3,Dr. Demeter Tamás,magyar,https://www.uni-corvinus.hu/tantargyak/4KO03NAK57B?semester=2024/25/2
Korszakos könyvek VI.,3,Dr. Demeter Tamás,magyar,https://www.uni-corvinus.hu/tantargyak/7SO30NKKO3B?semester=2024/25/2
Korszerű eszközök a közgazdasági tárgyak tanításában (Szakmódszertan IV.),3,Dr. Daruka Magdolna,magyar,https://www.uni-corvinus.hu/tantargyak/7TD50LPK06M?semester=2021/22/2
Korszerű IT biztonság,3,Dr. Varga Krisztián,magyar,https://www.uni-corvinus.hu/tantargyak/2LK95LAK80B?semester=2019/20/2
Korszerű IT biztonságtechnika,3,Dr. Fehér Péter,magyar,https://www.uni-corvinus.hu/tantargyak/2SZ31NFV01B?semester=2020/21/1
Korszerű tanítás pedagógiai pszichológiai alapjai,5,Csillik Olga,magyar,https://www.uni-corvinus.hu/tantargyak/7TD50LAKH3S?semester=2020/21/1
Korszerű tanítási módszerek a közgazdasági tárgyak oktatásában (Szakmódszertan II.),3,Dr. Daruka Magdolna,magyar,https://www.uni-corvinus.hu/tantargyak/7TD50LPK05M?semester=2021/22/2
Korszerű tanítási módszerek és eszközök a közgazdasági tárgyak oktatásában (Szakmódszertan II.),3,Dr. Lukács János,magyar,https://www.uni-corvinus.hu/tantargyak/OMMK022LMMB?semester=2024/25/1
Korunk geopolitikai és geoökonómiai folyamatai,3,Dr. Péti Márton,magyar,https://www.uni-corvinus.hu/tantargyak/7GF20NAV19B?semester=2022/23/2
Kórus 1,3,Nagy Judit,magyar,https://www.uni-corvinus.hu/tantargyak/OMMK034NMBB?semester=2024/25/2
Kostenanalyse und Kostenmanagement,5,Lázár László Mihály,magyar,https://www.uni-corvinus.hu/tantargyak/2VE81NAV19M?semester=2025/26/1
Kostenrechnung,5,Dr. Lukács János,magyar,https://www.uni-corvinus.hu/tantargyak/2DS91NDK03B?semester=2025/26/1
Kostenrechnung,6,Dr. Lukács János,magyar,https://www.uni-corvinus.hu/tantargyak/SZAM060NNBB?semester=2025/26/1
Kötvény-és részvénypiacok,5,Dr. Makara Tamás,magyar,https://www.uni-corvinus.hu/tantargyak/2BE52NAK07M?semester=2020/21/1
Közbeszerzési jog,5,Dr. Dudás Gábor János,magyar,https://www.uni-corvinus.hu/tantargyak/2VL60LAK21S?semester=2023/24/2
Közbeszerzési jog,3,Dr. Dudás Gábor János,magyar,https://www.uni-corvinus.hu/tantargyak/2VL60LAK81S?semester=2023/24/2
Közbeszerzési jog,5,Dr. Dudás Gábor János,magyar,https://www.uni-corvinus.hu/tantargyak/VGLE001LMSB?semester=2024/25/2
Közbeszerzési jog II.,5,Dr. Dudás Gábor János,magyar,https://www.uni-corvinus.hu/tantargyak/2VL60LAK38S?semester=2023/24/2
Közcélú szervezetek vezetésének alapjai,3,Kováts Gergely Ferenc,magyar,https://www.uni-corvinus.hu/tantargyak/2VE81NAK03B?semester=2024/25/2
Közcélú szervezetek vezetésének alapjai,3,Kováts Gergely Ferenc,magyar,https://www.uni-corvinus.hu/tantargyak/2VE81LAK57B?semester=2019/20/2
Közcélú szervezetek vezetésének alapjai,4,Kováts Gergely Ferenc,magyar,https://www.uni-corvinus.hu/tantargyak/2LK95LAK37B?semester=2020/21/2
Közcélú szervezetek vezetésének alapjai,4,Kováts Gergely Ferenc,magyar,https://www.uni-corvinus.hu/tantargyak/2VE81NAK34SB?semester=2020/21/2
Közcélú szervezetek vezetésének alapjai,3,Kováts Gergely Ferenc,magyar,https://www.uni-corvinus.hu/tantargyak/VTVK022NMBB?semester=2024/25/2
Közcélú szervezetek vezetésének alapjai a gyakorlatban,3,Dr. Krenyácz Éva,magyar,https://www.uni-corvinus.hu/tantargyak/VTVK024NMBB?semester=2023/24/2
Közel-keleti politikai rendszerek,3,Dr. Szalai Máté,magyar,https://www.uni-corvinus.hu/tantargyak/7NK40NFVA5M?semester=2019/20/2
Közel-Kelti modul,4,Dr. Csicsmann László,magyar,https://www.uni-corvinus.hu/tantargyak/PhN_FAILPOST?semester=2025/26/1
Közéleti és gazdasági újságírás,6,Martin József Péter,magyar,https://www.uni-corvinus.hu/tantargyak/7PE20NGK95B?semester=2025/26/1
Közéleti írás,3,Dr. Nagy-Béni Alexandra,magyar,https://www.uni-corvinus.hu/tantargyak/7PE20NAKI6M?semester=2021/22/2
Közéleti írás,3,Dr. Szabó Lilla Petronella,magyar,https://www.uni-corvinus.hu/tantargyak/MARK120NMBB?semester=2025/26/1
Közéleti kommunikációs esettanulmányok,3,Dr. Székely László Levente,magyar,https://www.uni-corvinus.hu/tantargyak/7PE20NAKI8M?semester=2019/20/2
Közép- és Kelet-Európa politikai rendszerei,3,Dr. Dúró József,magyar,https://www.uni-corvinus.hu/tantargyak/7PO10NCK30B?semester=2024/25/2
Közép- és kelet-európai piacgazdaságok és gazdasági fejlődés,6,Dr. Rosta Miklós,magyar,https://www.uni-corvinus.hu/tantargyak/GKOI009NMMB?semester=2025/26/1
Közép-Európa fejlődésének politikai gazdaságtana,3,Dr. Medve-Bálint Gergő,magyar,https://www.uni-corvinus.hu/tantargyak/7PO10NDKD6M?semester=2019/20/2
Közép-európai együttműködések és konfliktusok,3,Miklós Gábor,magyar,https://www.uni-corvinus.hu/tantargyak/7VG32NAV03B?semester=2023/24/2
Közép-európai regionális együttműködési formák,magyar,Szabó-Bakos Eszter,magyar,https://www.uni-corvinus.hu/tantargyak/7NK40NDVH6M?semester=2019/20/2
Középhaladó nemzetközi makroökonómia,6,Szabó-Bakos Eszter,magyar,https://www.uni-corvinus.hu/tantargyak/4MA23NAV41B?semester=2019/20/2
Középhaladó nemzetközi makroökonómia,magyar,Dr. Székely-Doby András,magyar,https://www.uni-corvinus.hu/tantargyak/4MA23NAK21B?semester=2025/26/1
Középhaladó nemzetközi makroökonómia,6,Dr. Daruka Magdolna,magyar,https://www.uni-corvinus.hu/tantargyak/KOZNXV4MK10?semester=2024/25/1
Közgazdasági alapismeretek,3,Dr. Daruka Magdolna,magyar,https://www.uni-corvinus.hu/tantargyak/4OG33NAK50M?semester=2019/20/2
Közgazdasági alapszigorlat,magyar,Selei Adrienn,magyar,https://www.uni-corvinus.hu/tantargyak/ZVM_KOZGAGM?semester=2020/21/1
Közgazdasági elméletek története,6,Dr. Horváth László,magyar,https://www.uni-corvinus.hu/tantargyak/4EL22NAK04B?semester=2025/26/1
Közgazdasági elméletek története,5,Dr. Horváth László,magyar,https://www.uni-corvinus.hu/tantargyak/4EL22NAK01O?semester=2024/25/2
Közgazdasági elméletek története,5,Dr. Kőhegyi Gergely,magyar,https://www.uni-corvinus.hu/tantargyak/KG00029NMBB?semester=2025/26/1
Közgazdasági játékok,5,Dr. Fazakas Gergely,magyar,https://www.uni-corvinus.hu/tantargyak/2BE52LAV03S?semester=2024/25/2
Közgazdasági tárgyak tanításának általános módszertana (Szakmódszertan I.),3,Dr. Daruka Magdolna,magyar,https://www.uni-corvinus.hu/tantargyak/7TD50LPK09M?semester=2023/24/1
Közgazdasági tárgyak tanításának általános módszertana (Szakmódszertan I.),3,Ónodi Annamária,magyar,https://www.uni-corvinus.hu/tantargyak/OMMK030LMMB?semester=2023/24/1
Közgazdaságtan,5,Dr. Székely-Doby András,magyar,https://www.uni-corvinus.hu/tantargyak/4MI25NBK04B?semester=2025/26/1
Közgazdaságtan,5,Bakó Barna,magyar,https://www.uni-corvinus.hu/tantargyak/4MI25LAK01S?semester=2020/21/1
Közgazdaságtan,5,Dr. Székely-Doby András,magyar,https://www.uni-corvinus.hu/tantargyak/2LK95LAK71B?semester=2019/20/2
Közgazdaságtan,5,Bakó Barna,magyar,https://www.uni-corvinus.hu/tantargyak/KG00111LMSB?semester=2024/25/2
Közgazdaságtan,5,Bakó Barna,magyar,https://www.uni-corvinus.hu/tantargyak/KG00112EMSB?semester=2024/25/2
Közgazdaságtan a mindennapokban,3,Dr. Rosta Miklós,magyar,https://www.uni-corvinus.hu/tantargyak/4OG33NAV33B?semester=2019/20/2
Közgazdaságtan I.,5,Dr. Horváth László,magyar,https://www.uni-corvinus.hu/tantargyak/4MA23NAK28B?semester=2021/22/2
Közgazdaságtan II.,4,Dr. Misz József,magyar,https://www.uni-corvinus.hu/tantargyak/4MA23NAK03B?semester=2025/26/2
Közgazdaságtan irányzatai,3,Dr. Salamin Géza,magyar,https://www.uni-corvinus.hu/tantargyak/7GF20NAK34M?semester=2019/20/2
Közgazdaságtan irányzatai,3,Dr. Salamin Géza,magyar,https://www.uni-corvinus.hu/tantargyak/7GF20LSZ34M?semester=2019/20/2
Közgazdaságtan módszertani alapjai,magyar,Németh András Olivér,magyar,https://www.uni-corvinus.hu/tantargyak/GKKK064NMMB?semester=2025/26/1
Közgazdaságtani alapok,12,Németh András Olivér,magyar,https://www.uni-corvinus.hu/tantargyak/4KO03LBK69M?semester=2020/21/1
Közgazdaságtani alapok,magyar,Németh András Olivér,egyéb,https://www.uni-corvinus.hu/tantargyak/GKGM020NMMB?semester=2025/26/1
Közigazgatás – a kormányzás adminisztratív aspektusa,6,Dr. Gajduschek György,magyar,https://www.uni-corvinus.hu/tantargyak/PHP_KOZIGKORM?semester=2019/20/2
Közigazgatási alapismeretek,4,Dr. Czoboly Gergely István,magyar,https://www.uni-corvinus.hu/tantargyak/2JO11NAK09B?semester=2025/26/1
Közigazgatási alapismeretek,3,Dr. Péti Márton,magyar,https://www.uni-corvinus.hu/tantargyak/7GF20NAK16M?semester=2019/20/2
"Közigazgatási, államháztartási ismeretek",magyar,Dr. Ványi Éva,magyar,https://www.uni-corvinus.hu/tantargyak/4KO03LAK02S?semester=2020/21/1
Közjog és politika az 1949 utáni Magyarországon,3,Dr. Gallai Sándor,magyar,https://www.uni-corvinus.hu/tantargyak/7PO10NCKE7M?semester=2021/22/2
"Közjogi fordulatok Magyarországon, 1989-2016",3,Dr. Róna Dániel,magyar,https://www.uni-corvinus.hu/tantargyak/7PO10NCVA4B?semester=2023/24/1
Közlekedés és mobilitás,3,Dr. Jászberényi Melinda,magyar,https://www.uni-corvinus.hu/tantargyak/MATT007NMBB?semester=2022/23/2
"Közlekedésföldrajz, közlekedéstudomány",3,Dr. Lieszkovszky József Pál,magyar,https://www.uni-corvinus.hu/tantargyak/7GF20NAV49M?semester=2022/23/1
"Közlekedésföldrajz, közlekedéstudomány",3,Dr. Lieszkovszky József Pál,magyar,https://www.uni-corvinus.hu/tantargyak/7GF20LAV49M?semester=2019/20/2
Közös Agrárpolitika,5,Dr. Mizik Tamás,magyar,https://www.uni-corvinus.hu/tantargyak/2KA21NDK16B?semester=2025/26/1
Közösségi döntések,6,Golovics József,magyar,https://www.uni-corvinus.hu/tantargyak/4KO03NAK53B?semester=2025/26/1
Közösségi döntések,4,Golovics József,magyar,https://www.uni-corvinus.hu/tantargyak/4KO03NAK02O?semester=2024/25/2
Közösségi döntések,6,Golovics József,magyar,https://www.uni-corvinus.hu/tantargyak/GKKK030NMBB?semester=2025/26/1
Közösségi döntések: elmélet és alkalmazások,6,Dr. Székely-Doby András,magyar,https://www.uni-corvinus.hu/tantargyak/4OG33NAV39M?semester=2019/20/2
Közösségi gazdaságtan,3,Csengődi Sándor,magyar,https://www.uni-corvinus.hu/tantargyak/4KO03NAK07B?semester=2020/21/1
Közösségi gazdaságtan,4,Golovics József,magyar,https://www.uni-corvinus.hu/tantargyak/2LK95LBK04B?semester=2019/20/2
Közösségi gazdaságtan,6,Golovics József,magyar,https://www.uni-corvinus.hu/tantargyak/4KO03NBK66M?semester=2025/26/1
Közösségi gazdaságtan,6,Golovics József,magyar,https://www.uni-corvinus.hu/tantargyak/4KO03LBK72M?semester=2020/21/2
Közösségi gazdaságtan,4,Golovics József,magyar,https://www.uni-corvinus.hu/tantargyak/GKKK029NMBB?semester=2025/26/1
Közösségi gazdaságtan és közpénzügyek,6,Golovics József,magyar,https://www.uni-corvinus.hu/tantargyak/4KO03NAK02B?semester=2022/23/2
Közösségi gazdaságtan és közpénzügyek,3,Golovics József,magyar,https://www.uni-corvinus.hu/tantargyak/4KO03NAK17B?semester=2021/22/1
Közösségi gazdaságtan és közpénzügyek,magyar,Golovics József,magyar,https://www.uni-corvinus.hu/tantargyak/4KO03NAV02M?semester=2025/26/1
Közösségi gazdaságtan és közpénzügyek,5,Molnár Gábor Tamás,magyar,https://www.uni-corvinus.hu/tantargyak/4KO03NAK01O?semester=2024/25/1
Közösségi pénzügyi menedzsment,6,Bartha Attila,magyar,https://www.uni-corvinus.hu/tantargyak/4KO03LAV60M?semester=2019/20/2
Közösségi pénzügyi menedzsment,5,Bartha Attila,magyar,https://www.uni-corvinus.hu/tantargyak/2KKK0LAK01S?semester=2024/25/1
Közpénzügyek,5,Dr. Varga Erzsébet Teréz,magyar,https://www.uni-corvinus.hu/tantargyak/4PU51EAK01M?semester=2019/20/2
Közpolitika,6,Hajnal György,magyar,https://www.uni-corvinus.hu/tantargyak/4KO03NBK61M?semester=2019/20/2
Közpolitika elemzés gyakorlat,6,Dr. Gajduschek György,magyar,https://www.uni-corvinus.hu/tantargyak/4KO03NAK96M?semester=2021/22/2
Közpolitika elemzés gyakorlat,6,Dr. Gajduschek György,magyar,https://www.uni-corvinus.hu/tantargyak/GKKK068NMMB?semester=2025/26/1
Közpolitika-elemzés,6,Bartha Attila,magyar,https://www.uni-corvinus.hu/tantargyak/4KO03NBK83M?semester=2022/23/1
Közpolitika-elemzés,6,Bartha Attila,magyar,https://www.uni-corvinus.hu/tantargyak/4KO03LBK88M?semester=2019/20/2
Közpolitikai elemzés,6,Molnár Gábor Tamás,magyar,https://www.uni-corvinus.hu/tantargyak/GKKK010LMMB?semester=2025/26/1
Közpolitikai esettanulmányok,3,Dr. Gallai Sándor,magyar,https://www.uni-corvinus.hu/tantargyak/7PO10NGK40B?semester=2024/25/2
Közpolitikai esettanulmányok,5,Dr. Gallai Sándor,magyar,https://www.uni-corvinus.hu/tantargyak/TARS136NMBB?semester=2025/26/1
Közpolitikai témák és szerepek (gy),10,Dr. Gallai Sándor,magyar,https://www.uni-corvinus.hu/tantargyak/NPPT022LMSB?semester=2024/25/2
Közpolitikák az emberi fejlődésért,6,Bartha Attila,magyar,https://www.uni-corvinus.hu/tantargyak/4KO03LBV75M?semester=2020/21/2
"Közszektor, közügyek, kormányzás",6,Bartha Attila,magyar,https://www.uni-corvinus.hu/tantargyak/GKKK045NMBB?semester=2025/26/1
Közszolgálati kommunikáció,3,Dr. Habil Bokor Tamás,magyar,https://www.uni-corvinus.hu/tantargyak/7PE20NDVK3B?semester=2019/20/2
Közszolgálati szervezetek vezetése,6,Dr. Drótos György,magyar,https://www.uni-corvinus.hu/tantargyak/2VE81NAV17M?semester=2020/21/1
Közvetlen irányítású források,5,Dr. Aranyossy Márta,magyar,https://www.uni-corvinus.hu/tantargyak/2VP73LAK08S?semester=2024/25/2
Kreatív ipar – kulturális piac,6,Kuczi Tibor,magyar,https://www.uni-corvinus.hu/tantargyak/7SO30NCKO2M?semester=2025/26/1
Kreatív vizualitás I.,3,Kovács Lajos,magyar,https://www.uni-corvinus.hu/tantargyak/7PE20NAKI7M?semester=2021/22/2
Kreatív vizualitás II.,3,Dr. Kárpáti Andrea Katalin,magyar,https://www.uni-corvinus.hu/tantargyak/7PE20NAKJ2M?semester=2022/23/1
Kritikai geopolitika,3,Mendly Dorottya,magyar,https://www.uni-corvinus.hu/tantargyak/7NK40NCKH6B?semester=2024/25/1
Kritikai kultúrakutatás,3,Dr. Komár Zita,magyar,https://www.uni-corvinus.hu/tantargyak/7PE20NAVK7M?semester=2019/20/2
Kríziskommunikáció,3,Dr. Berta-Deli Eszter,magyar,https://www.uni-corvinus.hu/tantargyak/7PE20NGKJ5B?semester=2024/25/2
Krízismenedzsment és reputációs kockázatok a pénzügyi szektorban,3,Dr. Tamásné Vőneki Zsuzsanna,magyar,https://www.uni-corvinus.hu/tantargyak/2BE52NAV17M?semester=2021/22/2
Külföldi félév,5,Dr. Mizik Tamás,magyar,https://www.uni-corvinus.hu/tantargyak/2TI01NVKU01K?semester=2024/25/2
Külföldi tantárgy,egyéb,Dr. Matura Tamás Attila,magyar,https://www.uni-corvinus.hu/tantargyak/2TI01NVKU04M?semester=2020/21/1
Külföldi tantárgy,egyéb,Dr. Kacsirek László,magyar,https://www.uni-corvinus.hu/tantargyak/2TI01NVKU05M?semester=2020/21/1
Külföldi tantárgy,egyéb,Szabó Zsolt Péter,magyar,https://www.uni-corvinus.hu/tantargyak/2TI01NVKU06M?semester=2020/21/1
Külföldi tantárgy,egyéb,dr. Marton Péter,magyar,https://www.uni-corvinus.hu/tantargyak/2TI01NVKU07M?semester=2020/21/1
Külpolitikai döntéshozatal a gyakorlatban,3,Kereszty Gabriella Katalin,magyar,https://www.uni-corvinus.hu/tantargyak/7NK40NFVJ1M?semester=2020/21/1
Külpolitikai döntéshozatal és stratégia I.,3,dr. Marton Péter,magyar,https://www.uni-corvinus.hu/tantargyak/7NK40NBKB2M?semester=2019/20/2
Külpolitikai döntéshozatal és stratégia II.,3,dr. Marton Péter,magyar,https://www.uni-corvinus.hu/tantargyak/7NK40NBKB3M?semester=2019/20/2
Kultúra elmélete és fogalomtörténete,3,Dr. Toronyai Gábor,magyar,https://www.uni-corvinus.hu/tantargyak/7PO10NGV82M?semester=2019/20/2
Kultúra és identitás,3,Dr. Székely László Levente,magyar,https://www.uni-corvinus.hu/tantargyak/7PE20NBK15M?semester=2019/20/2
Kultúra és kommunikáció,6,Dr. Szabó Lilla Petronella,magyar,https://www.uni-corvinus.hu/tantargyak/7PE20NCKA6B?semester=2020/21/1
Kultúra és kommunikáció,6,Géró Györgyi,magyar,https://www.uni-corvinus.hu/tantargyak/7PE20NSZA6B?semester=2019/20/2
Kultúra és kommunikáció,6,Géró Györgyi,egyéb,https://www.uni-corvinus.hu/tantargyak/7PE20NCVA6M?semester=2019/20/2
Kultúraközi kommunikáció,3,Géró Györgyi,magyar,https://www.uni-corvinus.hu/tantargyak/7PE20NCK67B?semester=2019/20/2
Kulturális antropológia és terepmunka projekt,6,Dr. Letenyei László,magyar,https://www.uni-corvinus.hu/tantargyak/KSSZ042NMBB?semester=2025/26/1
Kulturális és gazdasági antropológia,4,Dr. Letenyei László,magyar,https://www.uni-corvinus.hu/tantargyak/KSSZ007NMBB?semester=2022/23/1
Kulturális és turisztikai projektek,5,Dr. Jászberényi Melinda,magyar,https://www.uni-corvinus.hu/tantargyak/2MA41LAK14S?semester=2024/25/1
Kulturális intézmények marketingje,5,Dr. Irimiás Anna Rita,magyar,https://www.uni-corvinus.hu/tantargyak/2MA41LAK10S?semester=2023/24/2
Kulturális turizmus,5,Dr. Jászberényi Melinda,magyar,https://www.uni-corvinus.hu/tantargyak/2GF26NCK11B?semester=2022/23/2
Kulturális turizmus,5,Dr. Jászberényi Melinda,magyar,https://www.uni-corvinus.hu/tantargyak/2SZ74NDK10SB?semester=2025/26/1
Kulturális turizmus,5,Dr. Jászberényi Melinda,magyar,https://www.uni-corvinus.hu/tantargyak/MATT021NMBS?semester=2025/26/1
Kulturális turizmus esettanulmányok,5,Dr. Jászberényi Melinda,magyar,https://www.uni-corvinus.hu/tantargyak/2MA41LAK11S?semester=2023/24/2
Kultúrdiplomácia,magyar,Dr. Gallai Sándor,magyar,https://www.uni-corvinus.hu/tantargyak/7NK40NGVC5M?semester=2019/20/2
Kutatás és írás,3,Dr. Lakatos László Péter,magyar,https://www.uni-corvinus.hu/tantargyak/7PO10NEK28B?semester=2019/20/2
Kutatás módszertan,5,Dr. Lakatos László Péter,magyar,https://www.uni-corvinus.hu/tantargyak/2SA53EAK20M?semester=2025/26/1
Kutatás módszertan,5,Dr. Lakatos László Péter,magyar,https://www.uni-corvinus.hu/tantargyak/PSVS014EMMB?semester=2025/26/1
Kutatás-módszertani szeminárium,3,Dr. Aranyossy Márta,magyar,https://www.uni-corvinus.hu/tantargyak/2SP72NAK03M?semester=2025/26/1
Kutatás-módszertani szeminárium,3,Dr. Virág Attila,magyar,https://www.uni-corvinus.hu/tantargyak/2SP72NAK03SM?semester=2022/23/2
Kutatási Fórum IV.,3,Dr. Fodor Szabina Eszter,magyar,https://www.uni-corvinus.hu/tantargyak/PHGI_KUTFOR4?semester=2019/20/2
Kutatási kredit 1.,15,Dr. Benczes István Zsolt,magyar,https://www.uni-corvinus.hu/tantargyak/PHNKP004?semester=2024/25/2
Kutatási kredit 2.,15,Dr. Csóka Péter,magyar,https://www.uni-corvinus.hu/tantargyak/PHKGI002?semester=2024/25/2
Kutatási kredit 2.,15,Dr. Benczes István Zsolt,magyar,https://www.uni-corvinus.hu/tantargyak/PHNKP005?semester=2024/25/2
Kutatási kredit 2.,15,Prof.Dr. Nagy Beáta,magyar,https://www.uni-corvinus.hu/tantargyak/PHSZK002?semester=2024/25/2
Kutatási kredit 2.,15,Fertő Imre,magyar,https://www.uni-corvinus.hu/tantargyak/PHG004?semester=2024/25/2
Kutatási kredit 3.,15,Dr. Benczes István Zsolt,magyar,https://www.uni-corvinus.hu/tantargyak/PHNKP006?semester=2024/25/2
Kutatási kredit 3.,15,Prof.Dr. Nagy Beáta,magyar,https://www.uni-corvinus.hu/tantargyak/PHSZK003?semester=2024/25/2
Kutatási kredit 3.,15,Fertő Imre,magyar,https://www.uni-corvinus.hu/tantargyak/PHG005?semester=2024/25/2
Kutatási kredit 4.,15,Dr. Csóka Péter,magyar,https://www.uni-corvinus.hu/tantargyak/PHKGI004?semester=2024/25/2
Kutatási kredit 4.,15,Dr. Benczes István Zsolt,magyar,https://www.uni-corvinus.hu/tantargyak/PHNKP007?semester=2024/25/2
Kutatási kredit 4.,15,Prof.Dr. Nagy Beáta,magyar,https://www.uni-corvinus.hu/tantargyak/PHSZK004?semester=2024/25/2
Kutatási kredit 4.,15,Fertő Imre,magyar,https://www.uni-corvinus.hu/tantargyak/PHG006?semester=2024/25/2
Kutatási kredit 5.,25,Dr. Benczes István Zsolt,magyar,https://www.uni-corvinus.hu/tantargyak/PHNKP008?semester=2024/25/2
Kutatási kredit 5.,25,Prof.Dr. Nagy Beáta,magyar,https://www.uni-corvinus.hu/tantargyak/PHSZK005?semester=2024/25/2
Kutatási kredit 5.,25,Fertő Imre,magyar,https://www.uni-corvinus.hu/tantargyak/PHG007?semester=2024/25/2
Kutatási kredit 6.,25,Dr. Csóka Péter,magyar,https://www.uni-corvinus.hu/tantargyak/PHKGI006?semester=2024/25/2
Kutatási kredit 6.,25,Dr. Benczes István Zsolt,magyar,https://www.uni-corvinus.hu/tantargyak/PHNKP009?semester=2024/25/2
Kutatási kredit 6.,25,Prof.Dr. Nagy Beáta,magyar,https://www.uni-corvinus.hu/tantargyak/PHSZK006?semester=2024/25/2
Kutatási kredit 6.,25,Fertő Imre,magyar,https://www.uni-corvinus.hu/tantargyak/PHG008?semester=2024/25/2
Kutatási kredit 7.,25,Dr. Csóka Péter,magyar,https://www.uni-corvinus.hu/tantargyak/PHKGI007?semester=2024/25/2
Kutatási kredit 7.,25,Dr. Benczes István Zsolt,magyar,https://www.uni-corvinus.hu/tantargyak/PHNKP010?semester=2024/25/2
Kutatási kredit 7.,25,Prof.Dr. Nagy Beáta,magyar,https://www.uni-corvinus.hu/tantargyak/PHSZK007?semester=2024/25/2
Kutatási kredit 7.,25,Fertő Imre,magyar,https://www.uni-corvinus.hu/tantargyak/PHG009?semester=2024/25/2
Kutatási kredit 8.,25,Dr. Csóka Péter,magyar,https://www.uni-corvinus.hu/tantargyak/PHKGI008?semester=2024/25/2
Kutatási kredit 8.,25,Dr. Benczes István Zsolt,magyar,https://www.uni-corvinus.hu/tantargyak/PHNKP011?semester=2024/25/2
Kutatási kredit 8.,25,Prof.Dr. Nagy Beáta,magyar,https://www.uni-corvinus.hu/tantargyak/PHSZK008?semester=2024/25/2
Kutatási kredit 8.,25,Fertő Imre,magyar,https://www.uni-corvinus.hu/tantargyak/PHG010?semester=2024/25/2
Kutatási módszerek,4,Dr. Primecz Henriett,magyar,https://www.uni-corvinus.hu/tantargyak/2VE81LAK08S?semester=2020/21/1
Kutatási módszerek a terepen,3,Dr. Almadi Sejla,magyar,https://www.uni-corvinus.hu/tantargyak/7VG32NIN01M?semester=2019/20/2
Kutatási módszertan,1,Dr. Virág Attila,magyar,https://www.uni-corvinus.hu/tantargyak/VF00001LMBS?semester=2024/25/2
Kutatási módszertan I.,3,Molnár Csaba,magyar,https://www.uni-corvinus.hu/tantargyak/7PO10NCK05M?semester=2022/23/1
Kutatási módszertan II.,3,Molnár Csaba,magyar,https://www.uni-corvinus.hu/tantargyak/7PO10NCK06M?semester=2021/22/2
Kutatási szeminárium 2,magyar,Dr. Almadi Sejla,magyar,https://www.uni-corvinus.hu/tantargyak/PHK_KUTSZE2?semester=2020/21/2
Kutatásmódszertan,3,Dr. Almadi Sejla,magyar,https://www.uni-corvinus.hu/tantargyak/7VG32NAK23M?semester=2020/21/1
Kutatásmódszertan,6,Dr. Csáki Csaba,angol,https://www.uni-corvinus.hu/tantargyak/PHGI_KUTMOD?semester=2020/21/1
Kutatásmódszertan I.,magyar,Dr. Bánfi Tamás,magyar,https://www.uni-corvinus.hu/tantargyak/7SO30NCKL4M?semester=2019/20/2
Kutatásmódszertan II.,magyar,Dr. Rosta Miklós,magyar,https://www.uni-corvinus.hu/tantargyak/7SO30NCKL5M?semester=2019/20/2
"Kutatásmódszertan, kommunikáció",4,Dr. Habil Bokor Tamás,magyar,https://www.uni-corvinus.hu/tantargyak/4OG33EAK03M?semester=2019/20/2
Kvalitatív és kvantitatív kommunikáció- és médiaelemzések,3,Dr. Kovács Gábor István,magyar,https://www.uni-corvinus.hu/tantargyak/7PE20NGKC1M?semester=2019/20/2
Kvalitatív és kvantitatív kutatási módszerek,5,Dr. Mitev Ariel Zoltán,magyar,https://www.uni-corvinus.hu/tantargyak/2MF44NCK01M?semester=2025/26/1
Kvalitatív kutatásmódszertan 2.,6,Dr. Mitev Ariel Zoltán,magyar,https://www.uni-corvinus.hu/tantargyak/PHKGI035?semester=2024/25/2
Kvalitatív kutatások,3,Dr. Kiss Olga,magyar,https://www.uni-corvinus.hu/tantargyak/7PO10NAK94M?semester=2021/22/2
Kvalitatív módszerek,6,Dr. Vicsek Lilla Mária,egyéb,https://www.uni-corvinus.hu/tantargyak/PHTK_KVALIMODSZ?semester=2019/20/2
Kvalitatív területi és stratégiai elemzési-tervezési módszerek,6,Dr. Salamin Géza,magyar,https://www.uni-corvinus.hu/tantargyak/7GF20NAK15M?semester=2025/26/1
Kvalitatív tervezési-elemzési módszerek,6,dr. Kocsis János Balázs,magyar,https://www.uni-corvinus.hu/tantargyak/7GF20NAK41M?semester=2025/26/1
Kvalitatív tervezési-elemzési módszerek,6,dr. Kocsis János Balázs,magyar,https://www.uni-corvinus.hu/tantargyak/7GF20LSZ41M?semester=2025/26/1
Kvalitatív tervezési-elemzési módszerek,6,Dr. Péti Márton,magyar,https://www.uni-corvinus.hu/tantargyak/NPGG030LMMS?semester=2025/26/1
Kvantitatív elemzési módszerek,6,Hajnal György,magyar,https://www.uni-corvinus.hu/tantargyak/4KO03NBK79M?semester=2021/22/2
Kvantitatív elemzési módszerek,6,Hajnal György,magyar,https://www.uni-corvinus.hu/tantargyak/4KO03LBK86M?semester=2019/20/2
Kvantitatív kutatás és adatelemzés I.,9,Dr. Moksony Ferenc,magyar,https://www.uni-corvinus.hu/tantargyak/7SO30NDVR5B?semester=2021/22/1
Kvantitatív kutatás és adatelemzés II.,6,Dr. Moksony Ferenc,magyar,https://www.uni-corvinus.hu/tantargyak/7SO30NDVR6B?semester=2025/26/1
Kvantitatív kutatásmódszertan,6,Dr. Moksony Ferenc,magyar,https://www.uni-corvinus.hu/tantargyak/PHTK_KVANKUT?semester=2019/20/2
Kvantitatív kutatásmódszertan 1.,6,Dr. Szüle Borbála,angol,https://www.uni-corvinus.hu/tantargyak/PHG_SOKVALT_1?semester=2019/20/2
Kvantitatív kutatásmódszertan 2.,6,Dr. Szüle Borbála,angol,https://www.uni-corvinus.hu/tantargyak/PHG_SOKVÁLT_2?semester=2019/20/2
Kvantitatív kutatásmódszertan 2.,6,Dr. Szüle Borbála,magyar,https://www.uni-corvinus.hu/tantargyak/PHKGI036?semester=2024/25/2
Kvantitatív módszerek,5,Dr. Solymosi István Tamás,magyar,https://www.uni-corvinus.hu/tantargyak/4OP13NAK03M?semester=2025/26/1
Kvantitatív módszerek,5,Lukácsné Dr. Balogh Irén,magyar,https://www.uni-corvinus.hu/tantargyak/4ST14LAK01S?semester=2020/21/1
Kvantitatív módszerek,5,Lukácsné Dr. Balogh Irén,magyar,https://www.uni-corvinus.hu/tantargyak/4ST14EAK01S?semester=2020/21/1
Kvantitatív módszerek,5,Dr. Solymosi István Tamás,magyar,https://www.uni-corvinus.hu/tantargyak/4OP31EAK09M?semester=2025/26/1
Kvantitatív módszerek,5,Ágoston Kolos Csaba,magyar,https://www.uni-corvinus.hu/tantargyak/4OP13NAK03SM?semester=2024/25/2
Kvantitatív módszerek a nemzetközi gazdasági elemzésekben,6,Barczikay Tamás Gábor,magyar,https://www.uni-corvinus.hu/tantargyak/7VG32NAK33M?semester=2025/26/1
Kvantitatív módszerek a nemzetközi gazdasági elemzésekben I.,6,Barczikay Tamás Gábor,magyar,https://www.uni-corvinus.hu/tantargyak/7VG32NBKC3M?semester=2020/21/1
Kvantitatív módszerek I.,6,Dr. Bartus Tamás,magyar,https://www.uni-corvinus.hu/tantargyak/7SO30NGV68M?semester=2019/20/2
Kvantitatív módszerek II.,6,Dr. Bartus Tamás,magyar,https://www.uni-corvinus.hu/tantargyak/7SO30NGV69M?semester=2019/20/2
Kvantitatív pénzügyek,6,Dr. Vidovics-Dancs Ágnes,magyar,https://www.uni-corvinus.hu/tantargyak/PHK_KVANPU?semester=2019/20/2
Kvantitatív pénzügyek alapjai,5,Dr. Bihary Zsolt,magyar,https://www.uni-corvinus.hu/tantargyak/2BE52NDK05M?semester=2020/21/1
Kvantitatív pénzügyek alapjai,5,Dr. Bihary Zsolt,magyar,https://www.uni-corvinus.hu/tantargyak/PSBV031NMMB?semester=2025/26/1
Kvantitatív pénzügyek I.,2,Dr. Szabó Dávid Zoltán,magyar,https://www.uni-corvinus.hu/tantargyak/2BE52NAK25M?semester=2024/25/2
Kvantitatív pénzügyek II.,2,Dr. Králik Balázs,magyar,https://www.uni-corvinus.hu/tantargyak/2BE52NAK27M?semester=2024/25/1
Kvantitatív pénzügyek praktikum I.,2,Dr. Szabó Dávid Zoltán,magyar,https://www.uni-corvinus.hu/tantargyak/2BE52NAK26M?semester=2024/25/2
Kvantitatív pénzügyek praktikum II.,3,Dr. Králik Balázs,magyar,https://www.uni-corvinus.hu/tantargyak/2BE52NAK28M?semester=2024/25/1
Labor Economics,5,Hermann Zoltán,magyar,https://www.uni-corvinus.hu/tantargyak/PHKGI056?semester=2025/26/1
Labour and Social Analysis,6,Bódis Lajos,magyar,https://www.uni-corvinus.hu/tantargyak/4GP02NAK19M?semester=2025/26/1
Labour Economics,5,Hermann Zoltán,magyar,https://www.uni-corvinus.hu/tantargyak/GKGM005NMMB?semester=2025/26/1
Landeskunde Deutschschprachiger Länder,3,Dr. Bradean-Ebinger Nelu,német,https://www.uni-corvinus.hu/tantargyak/7NK40NIV78B?semester=2021/22/1
"Language ? Hungarian, Russian, Polish 1",magyar,dr. Lehoczki Bernadett Judit,magyar,https://www.uni-corvinus.hu/tantargyak/GLAS003?semester=2025/26/1
Latin-Amerika gazdasági- társadalmi és politikai folyamatai – mítoszok és valóság,3,Dr. Nagy Sándor Gyula,magyar,https://www.uni-corvinus.hu/tantargyak/7VG32NAV02M?semester=2019/20/2
Latin-Amerika gazdasági- társadalmi és politikai folyamatai – mítoszok és valóság,6,Dr. Nagy Sándor Gyula,magyar,https://www.uni-corvinus.hu/tantargyak/7VG32NAV41M?semester=2019/20/2
"Latin-Amerika gazdasági, társadalmi és politikai folyamatai – mítoszok és valóság",6,Dr. Nagy Sándor Gyula,magyar,https://www.uni-corvinus.hu/tantargyak/7VG32NAK24M?semester=2025/26/1
Latin-Amerika tanulmányok,3,dr. Lehoczki Bernadett Judit,magyar,https://www.uni-corvinus.hu/tantargyak/7NK40NDK39M?semester=2019/20/2
Latin-amerikai civilizáció,3,dr. Lehoczki Bernadett Judit,magyar,https://www.uni-corvinus.hu/tantargyak/7NK40NFV68B?semester=2022/23/1
Látogatómenedzsment,5,Dr. Irimiás Anna Rita,magyar,https://www.uni-corvinus.hu/tantargyak/2MA41LAK12S?semester=2023/24/2
Law and Economics,3,Kálecz-Simon András,angol,https://www.uni-corvinus.hu/tantargyak/4KO03NAK09B?semester=2019/20/2
Law and Economics,6,Szalai Ákos,magyar,https://www.uni-corvinus.hu/tantargyak/KOZNXV4KZ57?semester=2025/26/1
Law and Economics,6,Dr. Isztin Péter Zoltán,magyar,https://www.uni-corvinus.hu/tantargyak/SZAM041NAMB?semester=2025/26/1
Leadership and management,6,Dr. Szilas Roland Ferenc,magyar,https://www.uni-corvinus.hu/tantargyak/VEZ0111NAMB?semester=2025/26/1
Leadership and OBHR,5,Dr. Buzády Zoltán András,magyar,https://www.uni-corvinus.hu/tantargyak/2SM95LBK06S?semester=2020/21/1
Leadership és változásvezetés,5,Dr. Dobák Miklós,magyar,https://www.uni-corvinus.hu/tantargyak/2VE81NAK24CM?semester=2025/26/1
Leadership és vezetői kommunikáció,4,Dr. Dunavölgyi Mária,magyar,https://www.uni-corvinus.hu/tantargyak/VTSM017LMSB?semester=2024/25/2
Leading People,5,Dr. Takács Sándor,angol,https://www.uni-corvinus.hu/tantargyak/2SM95LAK28D?semester=2019/20/2
Leading People,5,Dr. Buzády Zoltán András,magyar,https://www.uni-corvinus.hu/tantargyak/OPDO052LASB?semester=2024/25/2
Leading Sustainable Changes,6,Dr. Zavarkó Máté,magyar,https://www.uni-corvinus.hu/tantargyak/VEZ0089NABB?semester=2025/26/1
Lean és six sigma alapjai,6,Matyusz Zsolt,magyar,https://www.uni-corvinus.hu/tantargyak/VGLE019NMBB?semester=2024/25/2
Lean menedzsment,5,Losonci Dávid,magyar,https://www.uni-corvinus.hu/tantargyak/2VL60NCK15M?semester=2020/21/1
Lean menedzsment – duál,5,Losonci Dávid,magyar,https://www.uni-corvinus.hu/tantargyak/2VL60NCK15MD?semester=2020/21/1
Learning Methods,3,Vinczéné Fekete Lídia,angol,https://www.uni-corvinus.hu/tantargyak/293NEDUK150B?semester=2019/20/2
Learning Methods and Personal Skills,magyar,Szabó Zsolt Péter,angol,https://www.uni-corvinus.hu/tantargyak/KSPV028NABB?semester=2024/25/2
Lectures on Behavioral Macroeconomics,3,Neszveda Gábor,magyar,https://www.uni-corvinus.hu/tantargyak/4MNBNAV16M?semester=2019/20/2
LegalTech Analysis in Practice,6,Dr. Balogh Zsolt György,magyar,https://www.uni-corvinus.hu/tantargyak/ADIN031NAMB?semester=2025/26/1
LegalTech Analysis in Practice,6,Mike Nimród,magyar,https://www.uni-corvinus.hu/tantargyak/ADIN134NAMB?semester=2025/26/1
LegalTech elméletben és gyakorlatban,5,Dr. Balogh Zsolt György,magyar,https://www.uni-corvinus.hu/tantargyak/INIK015NMBB?semester=2022/23/2
Legyél bankvezér egy hétre!,3,Pollák Zoltán,magyar,https://www.uni-corvinus.hu/tantargyak/2BE52NAV05B?semester=2019/20/2
Legyél Te is bankvezér,5,Dr. Fazakas Gergely,magyar,https://www.uni-corvinus.hu/tantargyak/PSBV095LMSB?semester=2024/25/2
"Létesítmény-,és vagyongazdálkodás",5,Dr. Kiss János,magyar,https://www.uni-corvinus.hu/tantargyak/2VL60LAK75S?semester=2020/21/2
Létesítménymenedzsment,3,Dr. Tátrai Tünde,magyar,https://www.uni-corvinus.hu/tantargyak/2VL60NAK13SM?semester=2025/26/1
Life Insurance and Pension Calculations,3,Dr. Szüle Borbála,magyar,https://www.uni-corvinus.hu/tantargyak/4BO11NIV01M?semester=2025/26/1
Linear Algebra,4,Dr. Magyarkuti Gyula,magyar,https://www.uni-corvinus.hu/tantargyak/4MA12NAK59B?semester=2025/26/1
Lineáris algebra,5,Dr. Tallos Péter,magyar,https://www.uni-corvinus.hu/tantargyak/4MA12NAK31B?semester=2020/21/1
Lineáris algebra,6,Dr. Tallos Péter,magyar,https://www.uni-corvinus.hu/tantargyak/4MA12NAK56B?semester=2025/26/1
Lineáris algebra,6,Dr. Medvedev Péter,magyar,https://www.uni-corvinus.hu/tantargyak/KOZNXV4MT04?semester=2025/26/1
Lineáris algebra,5,Dr. Medvedev Péter,magyar,https://www.uni-corvinus.hu/tantargyak/4MA12NAV01B?semester=2020/21/2
Lineáris algebra,4,Dr. Magyarkuti Gyula,magyar,https://www.uni-corvinus.hu/tantargyak/MSMT010NMBB?semester=2020/21/2
Lineáris algebra,6,Dr. Titkos Tamás,magyar,https://www.uni-corvinus.hu/tantargyak/MSMT026NMBB?semester=2024/25/2
Lineáris algebra,6,Dr. Palágyi Zoltán,magyar,https://www.uni-corvinus.hu/tantargyak/MSMT036LMBB?semester=2025/26/1
Lineáris algebra,6,Dr. Palágyi Zoltán,magyar,https://www.uni-corvinus.hu/tantargyak/MSMT033NMBS?semester=2025/26/1
Lineáris algebra I,6,Dr. Magyarkuti Gyula,magyar,https://www.uni-corvinus.hu/tantargyak/ADIN082NMOB?semester=2025/26/1
Lineáris algebra II,9,Dr. Magyarkuti Gyula,magyar,https://www.uni-corvinus.hu/tantargyak/ADIN086NMOB?semester=2025/26/1
Lineáris optimalizálás,6,Dr. Eisenberg-Nagy Marianna,magyar,https://www.uni-corvinus.hu/tantargyak/OPDO037NMOB?semester=2025/26/1
Liska-modell,3,Gábor R. István,magyar,https://www.uni-corvinus.hu/tantargyak/4EE21NAV22M?semester=2019/20/2
Listening  and Speaking (2) II.,magyar,Bereczki Enikő,magyar,https://www.uni-corvinus.hu/tantargyak/IOK0015NAEB?semester=2024/25/2
Listening  and Speaking (4) II.,magyar,Bereczki Enikő,magyar,https://www.uni-corvinus.hu/tantargyak/IOK0016NAEB?semester=2024/25/2
Logika és érveléstechnika,3,Dr. Demeter Tamás,magyar,https://www.uni-corvinus.hu/tantargyak/7FI01NDV02B?semester=2024/25/2
Logisztikai controlling – duál,5,Matyusz Zsolt,magyar,https://www.uni-corvinus.hu/tantargyak/2VL60NBK15MD?semester=2025/26/1
Logisztikai controlling és teljesítménymérés,5,Ónodi Annamária,magyar,https://www.uni-corvinus.hu/tantargyak/2VL60NCK08M?semester=2025/26/1
Logisztikai folyamatok informatikai támogatása,3,dr. Ternai Katalin,magyar,https://www.uni-corvinus.hu/tantargyak/INIR010LMSB?semester=2021/22/2
Logisztikai jog,5,Dr. Bán Dániel,magyar,https://www.uni-corvinus.hu/tantargyak/2VL60NCK14M?semester=2025/26/1
Logisztikai jog – duál,5,Dr. Bán Dániel,magyar,https://www.uni-corvinus.hu/tantargyak/2VL60NCK14MD?semester=2025/26/1
Logisztikai modellek,5,Matyusz Zsolt,magyar,https://www.uni-corvinus.hu/tantargyak/2VL60NBK14M?semester=2025/26/1
Logisztikai modellek – duál,5,Matyusz Zsolt,magyar,https://www.uni-corvinus.hu/tantargyak/2VL60NBK14MD?semester=2025/26/1
Logisztikai szolgáltatások,5,Dr. Diófási Orsolya,magyar,https://www.uni-corvinus.hu/tantargyak/2VL60NCK13M?semester=2020/21/1
Logisztikai szolgáltatások – duál,5,Dr. Diófási Orsolya,magyar,https://www.uni-corvinus.hu/tantargyak/2VL60NCK13MD?semester=2025/26/1
Los asuntos económicos y políticos del mundo hispanohablante,3,Dr. Nagy Sándor Gyula,egyéb,https://www.uni-corvinus.hu/tantargyak/KOZNXV4VI62?semester=2019/20/2
M&A tanácsadás a gyakorlatban,3,Dr. Váradi Kata,magyar,https://www.uni-corvinus.hu/tantargyak/2BE52NAV13M?semester=2020/21/2
Machine Learning in Economics,5,Lőrincz László,magyar,https://www.uni-corvinus.hu/tantargyak/KG00078NMMB?semester=2025/26/1
Machine Learning in Economics,6,Lőrincz László,magyar,https://www.uni-corvinus.hu/tantargyak/KOZG004NAMB?semester=2025/26/1
Machine Learning in Economics,6,Lőrincz László,magyar,https://www.uni-corvinus.hu/tantargyak/ADIN136NAMB?semester=2024/25/2
Macro-Regional Geopolitical Context of Hungary,6,Dr. Péti Márton,angol,https://www.uni-corvinus.hu/tantargyak/PHN_MACRO_REG_GEOPOL_CONT?semester=2019/20/2
Macroeconomic Model Building,6,Dr. Mihályi Péter,angol,https://www.uni-corvinus.hu/tantargyak/KOZNXV4MK05?semester=2019/20/2
Macroeconomic Policies in the EU,6,Dr. Endrődi-Kovács Viktória,magyar,https://www.uni-corvinus.hu/tantargyak/7VG32NBKB5M?semester=2025/26/1
Macroeconomic Policy Analysis (project) II.,6,Benk Szilárd,magyar,https://www.uni-corvinus.hu/tantargyak/KG00125NAMB?semester=2024/25/2
Macroeconomics,6,Dr. Major Klára,magyar,https://www.uni-corvinus.hu/tantargyak/293NECOK136B?semester=2024/25/2
Macroeconomics,5,Kálecz-Simon András,angol,https://www.uni-corvinus.hu/tantargyak/4MA23NAK11B?semester=2019/20/2
Macroeconomics,6,Kálecz-Simon András,angol,https://www.uni-corvinus.hu/tantargyak/KOZNXV4MK02?semester=2019/20/2
Macroeconomics,6,Kálecz-Simon András,magyar,https://www.uni-corvinus.hu/tantargyak/4MA23NAK38B?semester=2025/26/1
Magyar banktörténet,3,Dr. Pogány Ágnes,magyar,https://www.uni-corvinus.hu/tantargyak/7SO30NFVP2B?semester=2020/21/2
Magyar film és politika 1945. után,3,Dr. Toronyai Gábor,magyar,https://www.uni-corvinus.hu/tantargyak/7PO10NFV89B?semester=2024/25/2
Magyar gazdaságtörténet,3,Venyige Róbert,magyar,https://www.uni-corvinus.hu/tantargyak/4MI25NAV07B?semester=2021/22/1
Magyar gazdaságtörténet,3,Venyige Róbert,magyar,https://www.uni-corvinus.hu/tantargyak/4MI25NAV01O?semester=2020/21/1
Magyar gazdaságtörténet II.,magyar,Madarász Aladár,magyar,https://www.uni-corvinus.hu/tantargyak/4MI25NAV10B?semester=2019/20/2
Magyar közgazdasági gondolkodás története,4,Madarász Aladár,magyar,https://www.uni-corvinus.hu/tantargyak/4EL22NAV05M?semester=2020/21/1
Magyar közgazdasági gondolkodás története,4,Dr. Horváth László,magyar,https://www.uni-corvinus.hu/tantargyak/4EL22NAV05B?semester=2025/26/1
Magyar külgazdasági kapcsolatok,3,Dr. Szalai Máté,magyar,https://www.uni-corvinus.hu/tantargyak/2SZ74NCK14B?semester=2020/21/1
Magyar külpolitika,6,Dr. Békés Csaba János,magyar,https://www.uni-corvinus.hu/tantargyak/7NK40NBK06M?semester=2021/22/2
Magyar politikai gondolkodás története,3,Molnár Csaba,magyar,https://www.uni-corvinus.hu/tantargyak/7PO10NCK78B?semester=2024/25/2
Magyar politikai rendszer,6,Dr. Dúró József,magyar,https://www.uni-corvinus.hu/tantargyak/7PO10NCK71B?semester=2023/24/1
Magyar politikai rendszer,magyar,Dr. Márton András,magyar,https://www.uni-corvinus.hu/tantargyak/7PO10NSZ71M?semester=2025/26/1
"Magyarország 2030 – társadalmi, gazdasági és környezeti kutatások elemzése",3,Dr. Péti Márton,magyar,https://www.uni-corvinus.hu/tantargyak/7GF20NAV87M?semester=2021/22/2
Magyarország környezeti állapota,3,Dr. Péti Márton,magyar,https://www.uni-corvinus.hu/tantargyak/7GF20NAV17B?semester=2019/20/2
Magyarország környezeti állapota és erőforrásai,3,Dr. Péti Márton,magyar,https://www.uni-corvinus.hu/tantargyak/7GF20NAK38M?semester=2019/20/2
Magyarország környezeti állapota és erőforrásai,3,Miklós Gábor,magyar,https://www.uni-corvinus.hu/tantargyak/7GF20LSZ38M?semester=2019/20/2
Magyarország külkapcsolati rendszere,6,Miklós Gábor,magyar,https://www.uni-corvinus.hu/tantargyak/GLOB002NMBB?semester=2025/26/1
Magyarország szerepe a globális fenntarthatósági és klímacélok elérésében,3,Marjainé Dr. Szerényi Zsuzsanna,magyar,https://www.uni-corvinus.hu/tantargyak/7GF20NAV50B?semester=2025/26/1
Mai filozófiai irányzatok,6,Dr. Toronyai Gábor,magyar,https://www.uni-corvinus.hu/tantargyak/7PO10NAK74M?semester=2021/22/2
Major Powers in a Changing International Order,6,Dr. Matura Tamás Attila,magyar,https://www.uni-corvinus.hu/tantargyak/GLOB043NAMB?semester=2025/26/1
Major Powers in a Changing International Order,6,Dr. Matura Tamás Attila,magyar,https://www.uni-corvinus.hu/tantargyak/GLOB081NAMB?semester=2025/26/1
Makrogazdasági folyamatok kvantitatív elemzése,6,Takács Tibor,magyar,https://www.uni-corvinus.hu/tantargyak/PHGI_MAKROGAZD FOLYAMAT?semester=2019/20/2
Makrogazdasági válságok elemzése,3,Dr. Vincze János,egyéb,https://www.uni-corvinus.hu/tantargyak/4MK24NAK29B?semester=2019/20/2
Makrogazdasági válságok elemzése,3,Dr. Major Klára,magyar,https://www.uni-corvinus.hu/tantargyak/4MK24NAK11O?semester=2024/25/1
Makromodellek,2,Szabó-Bakos Eszter,magyar,https://www.uni-corvinus.hu/tantargyak/4MA23NAV21B?semester=2020/21/1
Makromodellezési esettanulmányok,6,Dr. Révész Tamás,magyar,https://www.uni-corvinus.hu/tantargyak/4MIK24NAK12M?semester=2025/26/1
Makromodellezési esettanulmányok,4,Dr. Révész Tamás,magyar,https://www.uni-corvinus.hu/tantargyak/4MK24NAK28B?semester=2019/20/2
Makromodellezési esettanulmányok,4,Dr. Major Klára,magyar,https://www.uni-corvinus.hu/tantargyak/4MK24NAK18O?semester=2025/26/1
Makroökonómia,6,Dr. Vincze János,magyar,https://www.uni-corvinus.hu/tantargyak/4MK24NBK03B?semester=2019/20/2
Makroökonómia,5,Dr. Németh Petra,magyar,https://www.uni-corvinus.hu/tantargyak/4BO11LA012S?semester=2020/21/2
Makroökonómia,4,Dr. Németh Petra,magyar,https://www.uni-corvinus.hu/tantargyak/4MA23NAK06M?semester=2025/26/1
Makroökonómia,5,Dr. Németh Petra,magyar,https://www.uni-corvinus.hu/tantargyak/4MA23NAK07SB?semester=2025/26/1
Makroökonómia,5,Dr. Váry Miklós,magyar,https://www.uni-corvinus.hu/tantargyak/4MK24NAK03O?semester=2024/25/1
Makroökonómia,8,Szabó-Bakos Eszter,magyar,https://www.uni-corvinus.hu/tantargyak/KG00046NMBB?semester=2024/25/2
Makroökonómia,6,Dr. Németh Petra,magyar,https://www.uni-corvinus.hu/tantargyak/KG00083NMBS?semester=2025/26/1
Makroökonómia,6,Dr. Tőkés László,magyar,https://www.uni-corvinus.hu/tantargyak/KG00093NMBB?semester=2024/25/2
Makroökonómia,6,Szabó-Bakos Eszter,magyar,https://www.uni-corvinus.hu/tantargyak/KG00095NMBB?semester=2024/25/1
Makroökonómia,5,Németh András Olivér,magyar,https://www.uni-corvinus.hu/tantargyak/KG00114LMSB?semester=2024/25/1
Makroökonómia,6,Szabó-Bakos Eszter,magyar,https://www.uni-corvinus.hu/tantargyak/KG00095NMBB-SPM-EK?semester=2025/26/1
Makroökonómia,6,Dr. Kuncz Izabella,magyar,https://www.uni-corvinus.hu/tantargyak/KOZG035NMOB?semester=2025/26/1
Makroökonómia (IMP-SKM),6,Dr. Vincze János,magyar,https://www.uni-corvinus.hu/tantargyak/4MK24NAK16B?semester=2025/26/1
Makroökonómiai modellépítés,6,Szabó-Bakos Eszter,magyar,https://www.uni-corvinus.hu/tantargyak/4MA23NAK18B?semester=2020/21/1
Makroökonómiai modellépítés,5,Szabó-Bakos Eszter,magyar,https://www.uni-corvinus.hu/tantargyak/4MA23NAK01O?semester=2020/21/1
Makroökonómiai modellépítés,5,Szabó-Bakos Eszter,magyar,https://www.uni-corvinus.hu/tantargyak/KG00108NMOB?semester=2024/25/1
Makroökonómiai modellépítés,5,Szabó-Bakos Eszter,magyar,https://www.uni-corvinus.hu/tantargyak/KG00108NMOB-SPM-EK?semester=2024/25/1
Makroökonómiai válságok,3,Dr. Vincze János,magyar,https://www.uni-corvinus.hu/tantargyak/4MK24NAK12B?semester=2019/20/2
Makropénzügyi menedzsment,5,Dr. Kürthy Gábor,magyar,https://www.uni-corvinus.hu/tantargyak/4PU51NAK29M?semester=2019/20/2
Management,4,Vaszkun Balázs György,magyar,https://www.uni-corvinus.hu/tantargyak/2VE81NBK01B?semester=2025/26/1
Management,6,Vaszkun Balázs György,magyar,https://www.uni-corvinus.hu/tantargyak/293NMANK300B?semester=2025/26/1
Management and Organisations,6,Vaszkun Balázs György,magyar,https://www.uni-corvinus.hu/tantargyak/VTVZ001NABB?semester=2025/26/1
Management and Organization,6,Vaszkun Balázs György,magyar,https://www.uni-corvinus.hu/tantargyak/293NMANK620M?semester=2025/26/1
Management and Organization,6,Vaszkun Balázs György,magyar,https://www.uni-corvinus.hu/tantargyak/VTSM127NAMB?semester=2025/26/1
Management and Organization,6,Vaszkun Balázs György,magyar,https://www.uni-corvinus.hu/tantargyak/VEZ0051NAMB?semester=2025/26/1
Management control and performance management,6,Szabóné Dr. Veres Tünde,magyar,https://www.uni-corvinus.hu/tantargyak/SZAM061NAMB?semester=2024/25/2
Management Control Systems and Processes,5,Dr. Drótos György,magyar,https://www.uni-corvinus.hu/tantargyak/2SM95LCK12D?semester=2020/21/1
Management Information Systems,6,Dr. Vas Réka Franciska,angol,https://www.uni-corvinus.hu/tantargyak/293NCOMS728M?semester=2019/20/2
Management Multinationaler Unternehmen,5,Dr. Tirnitz Tamás József,német,https://www.uni-corvinus.hu/tantargyak/2DS91NAV01M?semester=2019/20/2
Management of Information Technology,3,Kovács Tibor,magyar,https://www.uni-corvinus.hu/tantargyak/2SM95NAK45M?semester=2025/26/1
Management of Processes and Operations,6,Matyusz Zsolt,magyar,https://www.uni-corvinus.hu/tantargyak/OPDO002NABB?semester=2025/26/1
Managerial Accounting,6,Dr. Lakatos László Péter,magyar,https://www.uni-corvinus.hu/tantargyak/293NACCS314B?semester=2024/25/2
Managerial Accounting,6,McFerren Charles Alan,magyar,https://www.uni-corvinus.hu/tantargyak/SZAM044NABB?semester=2025/26/1
Managerial Communication and leadership,5,Dr. Dunavölgyi Mária,magyar,https://www.uni-corvinus.hu/tantargyak/VTSM113LASB?semester=2025/26/1
Managerial Economics,6,Németh András Olivér,magyar,https://www.uni-corvinus.hu/tantargyak/293NECOK636M?semester=2020/21/1
Managerial Perspectives,6,Toarniczky Andrea,magyar,https://www.uni-corvinus.hu/tantargyak/VEZ0044NAMB?semester=2024/25/2
Managing ERP with SAP R/3,6,Dr. Varga Krisztián,angol,https://www.uni-corvinus.hu/tantargyak/293NCOMV512B?semester=2019/20/2
Managing Human Resources,6,Kiss Csaba,magyar,https://www.uni-corvinus.hu/tantargyak/VEZ0094NAMB?semester=2025/26/1
Managing Information Systems,5,Dr. Móricz Péter,magyar,https://www.uni-corvinus.hu/tantargyak/VGDE028NAMB?semester=2025/26/1
Managing Organisations and Processes,6,Szukits Ágnes,magyar,https://www.uni-corvinus.hu/tantargyak/VEZ0093NAMB?semester=2025/26/1
Managing Organizations in the Public Sector,6,Dr. Gajduschek György,magyar,https://www.uni-corvinus.hu/tantargyak/KOZNXV4KZ59?semester=2025/26/1
Managing projects in virtual environment,7,Dr. Klimkó Gábor György,magyar,https://www.uni-corvinus.hu/tantargyak/INIR066LASB?semester=2025/26/1
Managing Public Organisations,6,Kovács Éva Margit,magyar,https://www.uni-corvinus.hu/tantargyak/TARS017NAMB?semester=2025/26/1
Managing the Multinational Enterprise,6,Dr. Füzes Péter,magyar,https://www.uni-corvinus.hu/tantargyak/2VE81NVMMEG?semester=2025/26/1
"Maple, Matlab (IMP-SPM)",2,Juhász Máté Lehel,magyar,https://www.uni-corvinus.hu/tantargyak/2SZ31NAV02B?semester=2019/20/2
Márkaépítés alapjai,4,Dr. Faludi Julianna,magyar,https://www.uni-corvinus.hu/tantargyak/2ME43NDV01B?semester=2021/22/1
Márkaépítés alapjai,4,Dr. Faludi Julianna,magyar,https://www.uni-corvinus.hu/tantargyak/2LK95LAK63B?semester=2024/25/2
Márkaépítés alapjai,5,Dr. Faludi Julianna,magyar,https://www.uni-corvinus.hu/tantargyak/2ME43NDV06B?semester=2025/26/1
Market and Democracy,6,Dr. Gedeon Péter,magyar,https://www.uni-corvinus.hu/tantargyak/293NECOV536M?semester=2025/26/1
Market Design,6,Dr. Biró Péter,angol,https://www.uni-corvinus.hu/tantargyak/KOZNXOPKU03?semester=2019/20/2
Market Regulation-Consumer Protection,6,Dr. Szakadát László,magyar,https://www.uni-corvinus.hu/tantargyak/4OG33NAK16B?semester=2025/26/1
Marketing,5,Dr. Gyulavári Tamás,magyar,https://www.uni-corvinus.hu/tantargyak/2MA41NAK01B?semester=2019/20/2
Marketing,6,Dr. Hubert József,magyar,https://www.uni-corvinus.hu/tantargyak/293NMARK370B?semester=2025/26/1
Marketing,5,Dr. Gyulavári Tamás,magyar,https://www.uni-corvinus.hu/tantargyak/2LK95LAK09B?semester=2019/20/2
Marketing,5,Dr. Gyulavári Tamás,magyar,https://www.uni-corvinus.hu/tantargyak/2MA41NAK08SB?semester=2025/26/1
Marketing,magyar,Dr. Bauer András,magyar,https://www.uni-corvinus.hu/tantargyak/2VKNRK04HC?semester=2019/20/2
Marketing,6,Dr. Gyulavári Tamás,magyar,https://www.uni-corvinus.hu/tantargyak/MAME025NMBS?semester=2025/26/1
Marketing,5,Dr. Markos-Kujbus Éva,magyar,https://www.uni-corvinus.hu/tantargyak/MAMF022LMSB?semester=2024/25/1
Marketing,5,Dr. Markos-Kujbus Éva,magyar,https://www.uni-corvinus.hu/tantargyak/MAMF025EMSB?semester=2024/25/1
Marketing,5,Simay Attila Endre,magyar,https://www.uni-corvinus.hu/tantargyak/MAMF030LASB?semester=2024/25/2
Marketing,6,Dr. Hubert József,magyar,https://www.uni-corvinus.hu/tantargyak/MARK005NABB?semester=2025/26/1
Marketing a szervezetközi piacokon,5,Dr. Habil Gáti Mirkó György,magyar,https://www.uni-corvinus.hu/tantargyak/2MF44NCK02M?semester=2019/20/2
Marketing Analysis and Planning,magyar,Dr. Faludi Julianna,angol,https://www.uni-corvinus.hu/tantargyak/4DDAAK26?semester=2025/26/1
Marketing and Society,magyar,Dr. Habil Horváth Dóra,magyar,https://www.uni-corvinus.hu/tantargyak/4DDAAK21?semester=2025/26/1
Marketing Communication in an International Environment,6,Farkas Tibor,magyar,https://www.uni-corvinus.hu/tantargyak/2SM95NAK13M?semester=2025/26/1
Marketing Engineering,5,Dr. Gyulavári Tamás,magyar,https://www.uni-corvinus.hu/tantargyak/2MA41NCK04M?semester=2019/20/2
Marketing és értékesítés,5,Dr. Kolos Krisztina Ágnes,magyar,https://www.uni-corvinus.hu/tantargyak/2VL60EAK24S?semester=2019/20/2
Marketing in the Global Context,5,Dr. Kelemen Zita Anikó,magyar,https://www.uni-corvinus.hu/tantargyak/2SM95LBK08S?semester=2020/21/1
Marketing management,5,Dr. Gyulavári Tamás,magyar,https://www.uni-corvinus.hu/tantargyak/2MA41EAK01M?semester=2019/20/2
Marketing Management,6,Dr. Patrick Bohl,angol,https://www.uni-corvinus.hu/tantargyak/2SM95NAK26M?semester=2019/20/2
Marketing Management,6,Dr. Gyulavári Tamás,magyar,https://www.uni-corvinus.hu/tantargyak/293NMARK653M?semester=2025/26/1
Marketing management,3,Dr. Patrick Bohl,magyar,https://www.uni-corvinus.hu/tantargyak/MARK135NAMB?semester=2025/26/1
Marketing Management und Forschung,5,Dr. Habil Agárdi Irma,magyar,https://www.uni-corvinus.hu/tantargyak/2MF44NAV03M?semester=2025/26/1
Marketing Management und Forschung,6,Dr. Habil Agárdi Irma,magyar,https://www.uni-corvinus.hu/tantargyak/MARK066NNMB?semester=2025/26/1
Marketing menedzsment,5,Dr. Hubert József,egyéb,https://www.uni-corvinus.hu/tantargyak/2MA41NAK01CM?semester=2019/20/2
Marketing menedzsment,3,Dr. Csepeti Ádám,magyar,https://www.uni-corvinus.hu/tantargyak/2MA41NBK06M?semester=2019/20/2
Marketing menedzsment,3,Dr. Csepeti Ádám,magyar,https://www.uni-corvinus.hu/tantargyak/2MA41LBK06M?semester=2019/20/2
Marketing Planning,6,Dr. Csepeti Ádám,magyar,https://www.uni-corvinus.hu/tantargyak/MAME041NABB?semester=2024/25/2
Marketing Research,6,Dr. Habil Gáti Mirkó György,magyar,https://www.uni-corvinus.hu/tantargyak/293NMARV519B?semester=2025/26/1
Marketing Research in International Markets,6,Dr. Habil Gáti Mirkó György,magyar,https://www.uni-corvinus.hu/tantargyak/MAMF005NABB?semester=2025/26/1
Marketing Research in International Markets,6,Dr. Habil Gáti Mirkó György,magyar,https://www.uni-corvinus.hu/tantargyak/MAMF018NABB?semester=2024/25/2
Marketing stratégia,6,Dr. Csepeti Ádám,magyar,https://www.uni-corvinus.hu/tantargyak/MAME033NMMB?semester=2025/26/1
Marketing Strategy,6,Dr. Frau Moreno,magyar,https://www.uni-corvinus.hu/tantargyak/MAME042NAMB?semester=2025/26/1
Marketing Strategy,6,Dr. Frau Moreno,magyar,https://www.uni-corvinus.hu/tantargyak/MARK083NAMB?semester=2024/25/2
Marketingkommunikáció,6,Dr. Csordás Tamás Viktor,magyar,https://www.uni-corvinus.hu/tantargyak/MAMM009NMBB?semester=2025/26/1
Marketingkommunikáció,magyar,Simay Attila Endre,magyar,https://www.uni-corvinus.hu/tantargyak/KM/SPOMdb/MRKO/17 ?semester=2025/26/1
Marketingkommunikáció a turizmusban,5,Simay Attila Endre,magyar,https://www.uni-corvinus.hu/tantargyak/2MA41LAK31S?semester=2025/26/1
Marketingkommunikáció és menedzsment,5,Dr. Habil Gáti Mirkó György,magyar,https://www.uni-corvinus.hu/tantargyak/2MF44LAK08S?semester=2019/20/2
Marketingkutatás,5,Simay Attila Endre,magyar,https://www.uni-corvinus.hu/tantargyak/2MF44NCK01B?semester=2025/26/1
Marketingkutatás,5,Simay Attila Endre,magyar,https://www.uni-corvinus.hu/tantargyak/2MF44LAK04S?semester=2019/20/2
Marketingkutatás,5,Dr. Habil Gáti Mirkó György,magyar,https://www.uni-corvinus.hu/tantargyak/2MF44EAK02S?semester=2019/20/2
Marketingkutatás,5,Dr. Habil Gáti Mirkó György,magyar,https://www.uni-corvinus.hu/tantargyak/2MF44NCK01SB?semester=2025/26/1
Marketingkutatás és piacelemzés,5,Simay Attila Endre,magyar,https://www.uni-corvinus.hu/tantargyak/2MF44NBK02M?semester=2020/21/1
Marketingkutatás és piacelemzés,5,Dr. Habil Kemény Ildikó,magyar,https://www.uni-corvinus.hu/tantargyak/MAMF007NMMB?semester=2021/22/2
Marketingmenedzsment,5,Dr. Gyulavári Tamás,magyar,https://www.uni-corvinus.hu/tantargyak/2MA41NAK01M?semester=2025/26/1
Marketingmenedzsment,6,Dr. Bauer András,magyar,https://www.uni-corvinus.hu/tantargyak/2MA41LAK06S?semester=2019/20/2
Marketingmenedzsment,5,Dr. Hubert József,egyéb,https://www.uni-corvinus.hu/tantargyak/2MA41NAK01SM?semester=2020/21/1
Marketingstratégia,5,Dr. Csepeti Ádám,magyar,https://www.uni-corvinus.hu/tantargyak/2MA41NBK04M?semester=2020/21/1
Marketingstratégia,5,Dr. Gyulavári Tamás,magyar,https://www.uni-corvinus.hu/tantargyak/2MA41LAK02S?semester=2020/21/1
Marketingstratégia,6,Dr. Csepeti Ádám,magyar,https://www.uni-corvinus.hu/tantargyak/MARK071NMMB?semester=2025/26/1
Marketingtervezés,4,Dr. Csepeti Ádám,magyar,https://www.uni-corvinus.hu/tantargyak/2LK95LAK61B?semester=2025/26/1
Marketingtervezés,6,Dr. Csepeti Ádám,magyar,https://www.uni-corvinus.hu/tantargyak/MAME018NMBB?semester=2024/25/2
Marketingtervezés,magyar,Dr. Keszey Tamara,magyar,https://www.uni-corvinus.hu/tantargyak/KM/SPOMdb/MRP/17 ?semester=2025/26/1
Marketingtervezés (Üzleti esetek),4,Dr. Ötvös Károly,magyar,https://www.uni-corvinus.hu/tantargyak/2MA41NCK06B?semester=2022/23/2
Marketintervezés,5,Dr. Keller Krisztina,magyar,https://www.uni-corvinus.hu/tantargyak/2LK94LBK32B?semester=2019/20/2
Marktforschung,5,Dr. Simon Judit,magyar,https://www.uni-corvinus.hu/tantargyak/2DS91NDK02B?semester=2024/25/2
Marktforschung,magyar,Toarniczky Andrea,magyar,https://www.uni-corvinus.hu/tantargyak/2DS91NDK09B?semester=2025/26/1
Mastering Organizational Behavior and Leadership,6,Dr. Szabó Imre,magyar,https://www.uni-corvinus.hu/tantargyak/VEZ0076NAMB?semester=2024/25/2
Matematika,6,Dr. Szabó Imre,magyar,https://www.uni-corvinus.hu/tantargyak/MSMT015NMBB?semester=2023/24/2
Matematika,6,Dr. Szabó Imre,magyar,https://www.uni-corvinus.hu/tantargyak/MSMT016LMBB ?semester=2023/24/1
Matematika 1,magyar,Dr. Magyarkuti Gyula,magyar,https://www.uni-corvinus.hu/tantargyak/KMI/SPOMdb/MAT1/16 ?semester=2025/26/1
Matematika alapszigorlat,magyar,Dr. Magyarkuti Gyula,magyar,https://www.uni-corvinus.hu/tantargyak/SZIG_MAT_GE?semester=2024/25/2
Matematika alapszigorlat,magyar,Dr. Medvedev Péter,magyar,https://www.uni-corvinus.hu/tantargyak/ADIN106NMOB?semester=2024/25/2
Matematika felzárkóztató I.,3,Dr. Tallos Péter,magyar,https://www.uni-corvinus.hu/tantargyak/4MA12NAV60B?semester=2020/21/1
Matematika gyakorlat I.,magyar,Dr. Szabó Imre,magyar,https://www.uni-corvinus.hu/tantargyak/4MA12NAV36B?semester=2019/20/2
Matematika I.,5,Dr. Tallos Péter,magyar,https://www.uni-corvinus.hu/tantargyak/4MA12NAK46B?semester=2020/21/1
Matematika II,6,Dr. Szakál Szilvia,magyar,https://www.uni-corvinus.hu/tantargyak/MSMT021NMBB?semester=2024/25/2
Matematika II,6,Dr. Szakál Szilvia,magyar,https://www.uni-corvinus.hu/tantargyak/ADIN158NMBB?semester=2025/26/1
Matematika II.,5,Dr. Ernyes Éva,magyar,https://www.uni-corvinus.hu/tantargyak/4MA12NAK47B?semester=2025/26/1
Matematika II.,6,Dr. Tallos Péter,magyar,https://www.uni-corvinus.hu/tantargyak/4MA12NAK49B?semester=2025/26/1
Matematika II.,5,Dr. Szakál Szilvia,magyar,https://www.uni-corvinus.hu/tantargyak/2LK95LAK08B?semester=2020/21/2
Matematika II.,5,Dr. Tallos Péter,magyar,https://www.uni-corvinus.hu/tantargyak/4MA12NAK06SB?semester=2025/26/1
Matematikai alapok I.,5,Dr. Tallos Péter,magyar,https://www.uni-corvinus.hu/tantargyak/4MA12NAK01B?semester=2025/26/1
Matematikai alapok I.,6,Dr. Palágyi Zoltán,magyar,https://www.uni-corvinus.hu/tantargyak/4MA12NAK43B?semester=2020/21/1
Matematikai alapok II.,5,Dr. Megyeri Krisztina,magyar,https://www.uni-corvinus.hu/tantargyak/4MA12NAK08B?semester=2019/20/2
Matematikai alapok II.,4,Dr. Szakál Szilvia,magyar,https://www.uni-corvinus.hu/tantargyak/2LK94LAK04B?semester=2020/21/2
Matematikai alapok II.,6,Dr. Tallos Péter,magyar,https://www.uni-corvinus.hu/tantargyak/4MA12NAK44B?semester=2019/20/2
Matematikai analízis,6,Dr. Tallos Péter,magyar,https://www.uni-corvinus.hu/tantargyak/4MA12NAK54B?semester=2020/21/1
Matematikai gyakorlatok,magyar,Dr. Medvedev Péter,magyar,https://www.uni-corvinus.hu/tantargyak/7SO30NDVB9B?semester=2019/20/2
Matematikai ismeretek I.,6,Dr. Medvedev Péter,magyar,https://www.uni-corvinus.hu/tantargyak/KOZNXV4MT07?semester=2025/26/1
Matematikai ismeretek II.,6,Dr. Magyarkuti Gyula,angol,https://www.uni-corvinus.hu/tantargyak/KOZNXV4MT08?semester=2025/26/1
Mathematics (8),magyar,Dr. Palágyi Zoltán,magyar,https://www.uni-corvinus.hu/tantargyak/IOK0065NAEB?semester=2024/25/2
Mathematics I.,6,Dr. Magyarkuti Gyula,magyar,https://www.uni-corvinus.hu/tantargyak/4MA12NAK50B?semester=2019/20/2
Mathematics I. (Calculus),5,Dr. Magyarkuti Gyula,magyar,https://www.uni-corvinus.hu/tantargyak/293NMATK112B?semester=2025/26/1
Mathematics II.,12,Dr. Tasnádi Attila,magyar,https://www.uni-corvinus.hu/tantargyak/ADIN007NABB?semester=2025/26/1
Mathematics II. (Probability and Statistics),6,Takács Tibor,angol,https://www.uni-corvinus.hu/tantargyak/293NMATK225B?semester=2019/20/2
Measurement of Progress and Well-being,6,Kálmán Judit Olga,magyar,https://www.uni-corvinus.hu/tantargyak/TARS022NAMB?semester=2025/26/1
Measurement of Progress and Well-being,6,Kálmán Judit Olga,magyar,https://www.uni-corvinus.hu/tantargyak/TARS111NAMB?semester=2025/26/1
Media & Business Presentation,3,Dr. Komár Zita,magyar,https://www.uni-corvinus.hu/tantargyak/MAMM006NABB?semester=2024/25/2
Media and Politics,5,Dr. Gyulai Attila,magyar,https://www.uni-corvinus.hu/tantargyak/7PO10NXK73M?semester=2025/26/1
Media Communication,3,Dr. Berta-Deli Eszter,angol,https://www.uni-corvinus.hu/tantargyak/7PE20NCK93B?semester=2019/20/2
Media Communication,6,Dr. Habil Bokor Tamás,magyar,https://www.uni-corvinus.hu/tantargyak/7PE20NGKK5B?semester=2025/26/1
Media Communication,3,Dr. Thornley Davinia,angol,https://www.uni-corvinus.hu/tantargyak/7PE20NXKB8M?semester=2020/21/1
Media Communication,6,Dr. Berta-Deli Eszter,angol,https://www.uni-corvinus.hu/tantargyak/7PE20NCVK5M?semester=2019/20/2
Media Communication,6,Dr. Habil Bokor Tamás,magyar,https://www.uni-corvinus.hu/tantargyak/MARK104NABB?semester=2025/26/1
Media coverage,3,Dr. Márton Lidia,angol,https://www.uni-corvinus.hu/tantargyak/7PE20NGKE1B?semester=2019/20/2
Media Economics,3,Dr. Urbán Ágnes,magyar,https://www.uni-corvinus.hu/tantargyak/7PE20NCKD5B?semester=2024/25/2
Média és politika,5,Dr. Gyulai Attila,magyar,https://www.uni-corvinus.hu/tantargyak/7PO10NBK73M?semester=2020/21/1
Média és politika,3,Dr. Várnagy Réka,magyar,https://www.uni-corvinus.hu/tantargyak/7PO10NCKE9M?semester=2020/21/1
Média és politikai újságírás (gy),5,Dr. Dúró József,magyar,https://www.uni-corvinus.hu/tantargyak/NPPT025LMSB?semester=2024/25/2
Media Language at Work,3,Dr. Márton Lidia,angol,https://www.uni-corvinus.hu/tantargyak/7PE20NDVK2B?semester=2020/21/1
Media Linguistics,6,Dr. Benczes Réka Ágnes,magyar,https://www.uni-corvinus.hu/tantargyak/MARK109NABB?semester=2025/26/1
Media Strategy,3,Dr. Habil Bokor Tamás,magyar,https://www.uni-corvinus.hu/tantargyak/7PE20NXKJ3M?semester=2024/25/2
Média- és közönségkutatás módszertana,5,Dr. Habil Bokor Tamás,magyar,https://www.uni-corvinus.hu/tantargyak/2ME43NCK03M?semester=2020/21/1
Média-gazdaságtan,3,Dr. Urbán Ágnes,magyar,https://www.uni-corvinus.hu/tantargyak/2ME43NDK05B?semester=2024/25/2
Médiagazdaságtan,4,Dr. Habil Bokor Tamás,magyar,https://www.uni-corvinus.hu/tantargyak/2ME43NCK04B?semester=2025/26/1
Médiagazdaságtan,5,Dr. Habil Bokor Tamás,magyar,https://www.uni-corvinus.hu/tantargyak/2EB34NAK01B?semester=2025/26/1
Médiagazdaságtan,5,Dr. Habil Bokor Tamás,magyar,https://www.uni-corvinus.hu/tantargyak/2LK95LAK64B?semester=2024/25/2
Médiagazdaságtan,6,Dr. Urbán Ágnes,magyar,https://www.uni-corvinus.hu/tantargyak/INIK009NMBB?semester=2024/25/2
Médiaismeret,5,Dr. Csordás Tamás Viktor,magyar,https://www.uni-corvinus.hu/tantargyak/2ME43NDK02B?semester=2020/21/1
"Médiajog, médiaetika",3,Dr. Dudás Gábor János,magyar,https://www.uni-corvinus.hu/tantargyak/7PE20NGKC8B?semester=2024/25/2
Médiakommunikáció,3,Dr. Habil Bokor Tamás,magyar,https://www.uni-corvinus.hu/tantargyak/7PE20NBKB8M?semester=2021/22/1
Médiakommunikáció,6,Dr. Habil Bokor Tamás,magyar,https://www.uni-corvinus.hu/tantargyak/7PE20NGKC5B?semester=2024/25/1
"Médiapszichológia, médiatudatosság",6,Pelle Veronika,magyar,https://www.uni-corvinus.hu/tantargyak/7PE20NGKC6B?semester=2024/25/1
"Médiarendszerek, médiapolitikák",3,Dr. Habil Bokor Tamás,magyar,https://www.uni-corvinus.hu/tantargyak/7PE20NAKD5M?semester=2020/21/1
Médiastratégia,3,Dr. Habil Bokor Tamás,magyar,https://www.uni-corvinus.hu/tantargyak/7PE20NAKJ3M?semester=2024/25/2
Médiaszabályozás,3,Dr. Balogh Zsolt György,magyar,https://www.uni-corvinus.hu/tantargyak/2ME43NAK02B?semester=2024/25/2
Médiatervezés,3,Dr. Habil Bokor Tamás,magyar,https://www.uni-corvinus.hu/tantargyak/7PE20NGKG3M?semester=2019/20/2
Mediatizált kommunikáció,3,Dr. Habil Bokor Tamás,magyar,https://www.uni-corvinus.hu/tantargyak/7PE20NCK63B?semester=2021/22/1
Mediatizált kommunikáció,3,Dr. Habil Bokor Tamás,magyar,https://www.uni-corvinus.hu/tantargyak/7PE20NCV63M?semester=2020/21/1
Mediatizált társadalom és mindennapi élet,3,Dr. Székely László Levente,magyar,https://www.uni-corvinus.hu/tantargyak/7PE20NAKD6M?semester=2019/20/2
Mediatization,3,Kovács Lajos,angol,https://www.uni-corvinus.hu/tantargyak/7PE20NGKE9B?semester=2019/20/2
Médiatudatosság,3,Pelle Veronika,magyar,https://www.uni-corvinus.hu/tantargyak/7PE20NCKA8B?semester=2021/22/1
"Médiatudatosság, médiakompetenciák",3,Pelle Veronika,magyar,https://www.uni-corvinus.hu/tantargyak/7PE20NGK90M?semester=2019/20/2
Médiavállalkozás,3,Dr. Habil Bokor Tamás,magyar,https://www.uni-corvinus.hu/tantargyak/7PE20NGK70M?semester=2020/21/2
"Meggyőző kommunikáció, retorika",3,Dr. Berta-Deli Eszter,magyar,https://www.uni-corvinus.hu/tantargyak/7PE20NBK17M?semester=2019/20/2
Megoldásorientált coaching,5,Dr. Takács Sándor,magyar,https://www.uni-corvinus.hu/tantargyak/2VE81LAK71S?semester=2020/21/1
Megújuló energia szektor és a távhő gazdaságtana,4,Szabó László,magyar,https://www.uni-corvinus.hu/tantargyak/2KT51LCK17S?semester=2019/20/2
Menedzsment és leadership,3,Dr. Csedő Zoltán,magyar,https://www.uni-corvinus.hu/tantargyak/2VE81NAK01M?semester=2025/26/1
Menedzsment kommunikáció,2,Dr. Komár Zita,magyar,https://www.uni-corvinus.hu/tantargyak/KSKM019NMMB?semester=2021/22/2
Menedzsment kontroll,5,Reizingerné Dr. Ducsai Anita,magyar,https://www.uni-corvinus.hu/tantargyak/2VE81EAV01S?semester=2020/21/1
Menedzsment kontroll,5,Dr. Tirnitz Tamás József,magyar,https://www.uni-corvinus.hu/tantargyak/2LK94LBK85B?semester=2019/20/2
Menedzsment kontroll,5,Reizingerné Dr. Ducsai Anita,magyar,https://www.uni-corvinus.hu/tantargyak/2LK95LAK28B?semester=2025/26/1
Menedzsment kontroll,5,Reizingerné Dr. Ducsai Anita,magyar,https://www.uni-corvinus.hu/tantargyak/2VE81EAK12S?semester=2020/21/1
Menedzsment kontroll,6,Reizingerné Dr. Ducsai Anita,magyar,https://www.uni-corvinus.hu/tantargyak/VTVK030NMBB?semester=2024/25/2
Menedzsment kontroll (Controlling),5,Reizingerné Dr. Ducsai Anita,magyar,https://www.uni-corvinus.hu/tantargyak/2VE81NGK07B?semester=2019/20/2
Menedzsment kontroll (Controlling),5,Reizingerné Dr. Ducsai Anita,magyar,https://www.uni-corvinus.hu/tantargyak/2VE81NGK15B?semester=2020/21/1
Menedzsment kontroll (Controlling),5,Reizingerné Dr. Ducsai Anita,magyar,https://www.uni-corvinus.hu/tantargyak/2VE81NGK31SB?semester=2025/26/1
Menedzsment kontrolling,5,Reizingerné Dr. Ducsai Anita,magyar,https://www.uni-corvinus.hu/tantargyak/2SZ31EAK05S?semester=2020/21/1
Menedzsmentkontroll-rendszerek,5,Reizingerné Dr. Ducsai Anita,magyar,https://www.uni-corvinus.hu/tantargyak/2VE81NBK05M?semester=2025/26/1
Mentor tanári gyakorlat,6,Dr. Bodnár Éva,magyar,https://www.uni-corvinus.hu/tantargyak/7PE20LAKE5S?semester=2019/20/2
Mentorálási folyamat tervezése,5,Dr. Sass Judit Gabriella,magyar,https://www.uni-corvinus.hu/tantargyak/7PE20LAKG6S?semester=2019/20/2
Mérés értékelés módszertana (Szakmódszertan III.),2,Dr. Major Klára,magyar,https://www.uni-corvinus.hu/tantargyak/OMMK023LMMB?semester=2024/25/1
Mérés és értékelés,magyar,Dr. Mikáczó Éva Ilona,magyar,https://www.uni-corvinus.hu/tantargyak/7PE20LAK46S?semester=2020/21/1
Mérés és értékelés a pedagógiai folyamatban,magyar,Dr. Lakatos László Péter,magyar,https://www.uni-corvinus.hu/tantargyak/7PE20LAK06S?semester=2020/21/1
Mérés és értékelés a pedagógiai folyamatban,2,Dr. Fodor Szabina Eszter,angol,https://www.uni-corvinus.hu/tantargyak/7PE20LPKB4M?semester=2020/21/1
Mergers and Acquisitions (M&A project),5,Dr. Fodor Szabina Eszter,magyar,https://www.uni-corvinus.hu/tantargyak/PSPS008NMMB?semester=2024/25/2
Mérlegelemzés,3,Dr. Márton András,angol,https://www.uni-corvinus.hu/tantargyak/MKKE62?semester=2025/26/1
Mesterséges Intelligencia,3,Dr. Láng Blanka Klára,angol,https://www.uni-corvinus.hu/tantargyak/2SZ31NAV05B?semester=2020/21/1
Mesterséges intelligencia II.,5,Dr. Benczes Réka Ágnes,angol,https://www.uni-corvinus.hu/tantargyak/2SZ31NAV11B?semester=2025/26/1
Metaphysics,6,Dr. Demeter Tamás,magyar,https://www.uni-corvinus.hu/tantargyak/TARS052NABB?semester=2025/26/1
Methodology I.,4,Dr. Bartus Tamás,angol,https://www.uni-corvinus.hu/tantargyak/PHS_METHO?semester=2019/20/2
Methodology II.,4,Bartha Attila,egyéb,https://www.uni-corvinus.hu/tantargyak/PHS_METHO2?semester=2019/20/2
Methodology II.,6,Dr. Matthew Edward Bergman,magyar,https://www.uni-corvinus.hu/tantargyak/TARS054NABB?semester=2024/25/2
Methodology of Empirical Analysis,6,Nyitrai Tamás,magyar,https://www.uni-corvinus.hu/tantargyak/ADIN034NABB?semester=2025/26/1
Methods in Communication Training and Counselling,5,Szabó Zsolt Péter,magyar,https://www.uni-corvinus.hu/tantargyak/7PE20NXKJ4M?semester=2024/25/2
Mezőgazdasági műszaki alapismeretek,5,Dr. Török Áron,magyar,https://www.uni-corvinus.hu/tantargyak/2KA21NAK16B?semester=2025/26/1
Mezőgazdaságpolitika,6,Dr. Török Áron,angol,https://www.uni-corvinus.hu/tantargyak/PHG_AGRIPOL?semester=2022/23/1
MICE Turizmus,5,Dr. Ásványi Katalin,magyar,https://www.uni-corvinus.hu/tantargyak/2ME43LAK28S?semester=2023/24/2
Microeconomics,6,Habis Helga,magyar,https://www.uni-corvinus.hu/tantargyak/293NECOK131B?semester=2025/26/1
Microeconomics,4,Dr. Trautmann László,magyar,https://www.uni-corvinus.hu/tantargyak/4MI25NAK17B?semester=2025/26/1
Microeconomics,6,Dr. Horváth László,angol,https://www.uni-corvinus.hu/tantargyak/KOZNXV4MI08?semester=2019/20/2
Microeconomics,6,Kálecz-Simon András,magyar,https://www.uni-corvinus.hu/tantargyak/4MI25NAK47B?semester=2025/26/1
Microeconomics,6,Bakó Barna,magyar,https://www.uni-corvinus.hu/tantargyak/4MI25NAK67M?semester=2025/26/1
Microeconomics and Applications,6,Habis Helga,angol,https://www.uni-corvinus.hu/tantargyak/4MI25NAK70M?semester=2020/21/1
Microeconomics I.,6,Bakó Barna,angol,https://www.uni-corvinus.hu/tantargyak/4MI25NAK36B?semester=2020/21/1
Microeconomics I.,8,Kerman Toygar Tayyar,magyar,https://www.uni-corvinus.hu/tantargyak/KG00026NABB?semester=2025/26/1
Microeconomics I.,8,Kerman Toygar Tayyar,magyar,https://www.uni-corvinus.hu/tantargyak/KG00089NABB?semester=2024/25/2
Microeconomics II.,6,Bakó Barna,egyéb,https://www.uni-corvinus.hu/tantargyak/4MI25NAK37B?semester=2019/20/2
Migration Studies,3,Dr. Melegh Attila,angol,https://www.uni-corvinus.hu/tantargyak/7SO30NGV22M?semester=2020/21/1
Mikroökonometria,6,Dr. Elek Péter,magyar,https://www.uni-corvinus.hu/tantargyak/KOZG044NMOB?semester=2025/26/1
Mikroökonómia,5,Dr. Sárvári Balázs,magyar,https://www.uni-corvinus.hu/tantargyak/4MI25NAK02B?semester=2020/21/1
Mikroökonómia,5,Habis Helga,magyar,https://www.uni-corvinus.hu/tantargyak/4BO11LA011S?semester=2019/20/2
Mikroökonómia,4,Mágó Mánuel László,magyar,https://www.uni-corvinus.hu/tantargyak/4MK24NAK05M?semester=2024/25/1
Mikroökonómia,5,Dr. Sárvári Balázs,magyar,https://www.uni-corvinus.hu/tantargyak/2LK95LAK05B?semester=2019/20/2
Mikroökonómia,5,Bakó Barna,magyar,https://www.uni-corvinus.hu/tantargyak/4MI25NAK02SB?semester=2021/22/2
Mikroökonómia,6,Dr. Misz József,magyar,https://www.uni-corvinus.hu/tantargyak/KSSZ013NMBB?semester=2025/26/1
Mikroökonómia,magyar,Mágó Mánuel László,magyar,https://www.uni-corvinus.hu/tantargyak/KEK/SPOMdb/EKO1/17 ?semester=2025/26/1
Mikroökonómia,6,Habis Helga,magyar,https://www.uni-corvinus.hu/tantargyak/KG00096NMBB?semester=2024/25/2
Mikroökonómia,5,Habis Helga,magyar,https://www.uni-corvinus.hu/tantargyak/KG00113LMSB?semester=2025/26/1
Mikroökonómia I,6,Selei Adrienn,magyar,https://www.uni-corvinus.hu/tantargyak/KOZG034NMOB?semester=2024/25/2
Mikroökonómia I.,5,Dr. Csekő Imre,magyar,https://www.uni-corvinus.hu/tantargyak/4MK24NBK01B?semester=2025/26/1
Mikroökonómia I.,6,Habis Helga,magyar,https://www.uni-corvinus.hu/tantargyak/4MI25NAK30B?semester=2021/22/2
Mikroökonómia I.,5,Selei Adrienn,magyar,https://www.uni-corvinus.hu/tantargyak/4MK24NAK01O?semester=2025/26/1
Mikroökonómia I.,8,Habis Helga,magyar,https://www.uni-corvinus.hu/tantargyak/KG00061NMBB?semester=2024/25/2
Mikroökonómia I.,8,Habis Helga,magyar,https://www.uni-corvinus.hu/tantargyak/KG00061NMBB-SPM-EK?semester=2025/26/1
Mikroökonómia I.,8,Habis Helga,magyar,https://www.uni-corvinus.hu/tantargyak/KOZG070NMBB?semester=2025/26/1
Mikroökonómia I. (IMP),6,Selei Adrienn,magyar,https://www.uni-corvinus.hu/tantargyak/4MK24NAK14B?semester=2025/26/1
Mikroökonómia II,6,Selei Adrienn,magyar,https://www.uni-corvinus.hu/tantargyak/KOZG036NMOB?semester=2024/25/1
Mikroökonómia II.,6,Dr. Csekő Imre,magyar,https://www.uni-corvinus.hu/tantargyak/4MK24NBK02B?semester=2019/20/2
Mikroökonómia II.,6,Habis Helga,magyar,https://www.uni-corvinus.hu/tantargyak/4MI25NAK31B?semester=2023/24/1
Mikroökonómia II.,5,Selei Adrienn,magyar,https://www.uni-corvinus.hu/tantargyak/4MK24NAK02O?semester=2019/20/2
Mikroökonómia II.,6,Habis Helga,magyar,https://www.uni-corvinus.hu/tantargyak/KG00062NMBB?semester=2024/25/1
Mikroökonómia II.,5,Selei Adrienn,magyar,https://www.uni-corvinus.hu/tantargyak/KG00105NMOB?semester=2022/23/2
Mikroökonómia II. (IMP),6,Selei Adrienn,magyar,https://www.uni-corvinus.hu/tantargyak/4MK24NAK15B?semester=2025/26/1
Mikroökonómia III.,6,Dr. Szakadát László,magyar,https://www.uni-corvinus.hu/tantargyak/KOZNXV4MI24?semester=2020/21/2
Mikroszintű folyamatok kvantitatív elemzése,6,Cserháti Ilona,magyar,https://www.uni-corvinus.hu/tantargyak/PHGI_MIKRO FOLYAMATOK?semester=2019/20/2
Minorities in the Middle East,angol,Dunajeva Jekatyerina Szergejevna,magyar,https://www.uni-corvinus.hu/tantargyak/7NK40NCVJ5B?semester=2020/21/1
"Minőség, audit",5,Dr. Klimkó Gábor György,magyar,https://www.uni-corvinus.hu/tantargyak/2IR32NDK11B?semester=2024/25/1
"Minőség, audit",5,Dr. Klimkó Gábor György,magyar,https://www.uni-corvinus.hu/tantargyak/2LK95LAK89B?semester=2021/22/1
Minőségfejlesztés és menedzsment az eü. és szociális szférában,6,Prof. Dr. Gulácsi László,magyar,https://www.uni-corvinus.hu/tantargyak/4KO03NAV86M?semester=2019/20/2
Minőségi élelmiszerek és italok marketingje az Európai Unióban,4,Dr. Török Áron,magyar,https://www.uni-corvinus.hu/tantargyak/2KA21NAV06B?semester=2024/25/2
Mintavételes statisztika a gyakorlatban,3,Balázsné Mócsai Andrea,magyar,https://www.uni-corvinus.hu/tantargyak/4ST14NAV38B?semester=2019/20/2
Mitteleuropa als Kulturraum,3,Dr. Bradean-Ebinger Nelu,német,https://www.uni-corvinus.hu/tantargyak/7NK40NFV52M?semester=2019/20/2
Model UNFCCC-CEMS Climate Change Strategy Role-play,6,Prof. Dr. Zsóka Ágnes,magyar,https://www.uni-corvinus.hu/tantargyak/2KG23NDV02M?semester=2024/25/2
Modellezés a jegybanki gyakorlatban,6,Vonnák Balázs,magyar,https://www.uni-corvinus.hu/tantargyak/4MNBNAK05M?semester=2020/21/2
Modern idők 1500-2000,3,Dr. Ványi Éva,magyar,https://www.uni-corvinus.hu/tantargyak/7SO30NGV26M?semester=2019/20/2
Modern irányzatok a közgazdaságtanban,3,Rácz Olivér Miklós,magyar,https://www.uni-corvinus.hu/tantargyak/4MNBNAV20M?semester=2020/21/2
Modern matematika,6,Dr. Medvedev Péter,magyar,https://www.uni-corvinus.hu/tantargyak/4MA12NAV34M?semester=2021/22/2
Modern társadalomtörténet,3,Dr. Ványi Éva,magyar,https://www.uni-corvinus.hu/tantargyak/7SO30NDVG5B?semester=2020/21/2
Módszertani alapok,9,Szent-Iványi Balázs,magyar,https://www.uni-corvinus.hu/tantargyak/7VG32NCV45M?semester=2019/20/2
Módszertani kérdések az iskolában,3,Dr. Pfister Éva,magyar,https://www.uni-corvinus.hu/tantargyak/7PE20LPV41M?semester=2019/20/2
Módszertani tárgy,6,Dr. Sugár András,magyar,https://www.uni-corvinus.hu/tantargyak/4ST14NAK22M?semester=2025/26/1
Monetary Economics,3,Dr. Kürthy Gábor,magyar,https://www.uni-corvinus.hu/tantargyak/PSPE045NAMB?semester=2025/26/1
Monetary Policy: Theory and Practice,6,Dr. Lehmann Kristóf,magyar,https://www.uni-corvinus.hu/tantargyak/MN00005NAMB?semester=2025/26/1
Money and Capital Markets,6,Dr. Szűcs Balázs Árpád,magyar,https://www.uni-corvinus.hu/tantargyak/PSBV021NABB?semester=2025/26/1
Money and capital markets,6,Dr. Szűcs Balázs Árpád,magyar,https://www.uni-corvinus.hu/tantargyak/PENZ032NABB?semester=2024/25/2
Motivation in the workplace,6,Dr. Sass Judit Gabriella,magyar,https://www.uni-corvinus.hu/tantargyak/VEZ0026NAMB?semester=2025/26/1
Motivation interview,magyar,Toarniczky Andrea,magyar,https://www.uni-corvinus.hu/tantargyak/2SM95LBK01S?semester=2020/21/1
Működésfejlesztési és digitalizációs projektek vezetése,6,Dr. Marciniak Róbert András,magyar,https://www.uni-corvinus.hu/tantargyak/VTVK037NMMB?semester=2025/26/1
Működésfejlesztési és digitalizációs projektek vezetése,6,Dr. Marciniak Róbert András,magyar,https://www.uni-corvinus.hu/tantargyak/VEZ0057NMMB?semester=2023/24/1
Multikulturalitás a pedagógiai intézményekben,2,Csillik Olga,magyar,https://www.uni-corvinus.hu/tantargyak/7TD50LPK08M?semester=2020/21/2
Multilevel and Longitudinal Data Analysis,6,Kovács László,magyar,https://www.uni-corvinus.hu/tantargyak/7SO30NHKI8M?semester=2025/26/1
Multilevel Governance,6,Petrovics Nándor,magyar,https://www.uni-corvinus.hu/tantargyak/4KO03NBK20M?semester=2025/26/1
Multilevel Governance,6,Dr. Gajduschek György,magyar,https://www.uni-corvinus.hu/tantargyak/KOZG010NAMB?semester=2025/26/1
Multilevel Governance,6,Schnell Sabina,magyar,https://www.uni-corvinus.hu/tantargyak/TARS102NAMB?semester=2025/26/1
Multinacionális vállalatok a világgazdaságban,3,Dr. Endrődi-Kovács Viktória,magyar,https://www.uni-corvinus.hu/tantargyak/7VG32NAV02B?semester=2023/24/1
Multinacionális vállalatok stratégiája és szervezete,5,Taródy Dávid Ferenc,magyar,https://www.uni-corvinus.hu/tantargyak/2VE81NAV08M?semester=2025/26/1
Multinational Accounting,6,McFerren Charles Alan,magyar,https://www.uni-corvinus.hu/tantargyak/293NACCV645M?semester=2025/26/1
Multinational Financial Management,6,Dr. Váradi Kata,magyar,https://www.uni-corvinus.hu/tantargyak/293NFINK754M?semester=2025/26/1
Multivariate Data Analysis,6,Kovács László,angol,https://www.uni-corvinus.hu/tantargyak/PCXXNOKC02M?semester=2019/20/2
Multivariate statistical methods II.,6,Dr. Vékás Péter,magyar,https://www.uni-corvinus.hu/tantargyak/MSOA006NABB?semester=2025/26/1
Munka és magánélet egyensúlya,magyar,Dr. Bodnár Éva,magyar,https://www.uni-corvinus.hu/tantargyak/KSSZ003LMMB?semester=2025/26/1
Munka- és szervezetpszichológia,6,Dr. Bodnár Éva,magyar,https://www.uni-corvinus.hu/tantargyak/7PE20NDK84B?semester=2025/26/1
Munka- és szervezetpszichológia,3,Juhászné Dr. Klér Andrea,magyar,https://www.uni-corvinus.hu/tantargyak/7PE20NDKJ1B?semester=2022/23/1
Munkaerő-kiválasztás és szervezeti szocializáció,6,Bódis Lajos,magyar,https://www.uni-corvinus.hu/tantargyak/7PE20NGK96B?semester=2025/26/1
Munkaerő-piaci politikák,6,Bódis Lajos,magyar,https://www.uni-corvinus.hu/tantargyak/4EE21NAK23B?semester=2025/26/1
Munkaerő-piaci politikák,6,Dr. Sebők Marianna,magyar,https://www.uni-corvinus.hu/tantargyak/GKGM016NMBB?semester=2025/26/1
"Munkaerőpiaci ismeretek, foglalkoztatáspolitika",6,Galasi Péter,magyar,https://www.uni-corvinus.hu/tantargyak/GKGM015NMBB?semester=2025/26/1
Munkagazdaságtan,4,Galasi Péter,magyar,https://www.uni-corvinus.hu/tantargyak/4EE21NAK02B?semester=2019/20/2
Munkagazdaságtan,3,Hermann Zoltán,magyar,https://www.uni-corvinus.hu/tantargyak/4EE21NAK10B?semester=2019/20/2
Munkagazdaságtan,6,Lőrincz László,magyar,https://www.uni-corvinus.hu/tantargyak/4EE21NAK27B?semester=2019/20/2
Munkagazdaságtan,5,Reizer Balázs,magyar,https://www.uni-corvinus.hu/tantargyak/4EE21NAK30B?semester=2019/20/2
Munkahelyi egészség és stresszmenedzsment,6,Dr. Szilas Roland Ferenc,magyar,https://www.uni-corvinus.hu/tantargyak/VTSM064NMBB?semester=2024/25/2
Munkahelyi egészség és stresszmenedzsment,6,Dr. Szilas Roland Ferenc,magyar,https://www.uni-corvinus.hu/tantargyak/VTSM075NMBS?semester=2025/26/1
Munkahelyi mentálhigiéné,3,Dr. Sass Judit Gabriella,magyar,https://www.uni-corvinus.hu/tantargyak/7PE20NGK32B?semester=2019/20/2
Munkajog,4,Dr. Bán Dániel,magyar,https://www.uni-corvinus.hu/tantargyak/4EE21NAV13B?semester=2025/26/1
Munkajog,magyar,Dr. Bán Dániel,magyar,https://www.uni-corvinus.hu/tantargyak/2VE81LAV19S?semester=2020/21/1
Munkajog,4,Dr. Bán Dániel,magyar,https://www.uni-corvinus.hu/tantargyak/2JO11NCK06B?semester=2025/26/1
Munkajog,4,Dr. Bán Dániel,magyar,https://www.uni-corvinus.hu/tantargyak/2LK95LBK06B?semester=2021/22/1
Munkajog,6,Dr. Bán Dániel,magyar,https://www.uni-corvinus.hu/tantargyak/PSGJ024NMBB?semester=2025/26/1
Munkajogi alapismeretek HR-eseknek,4,Dr. Bán Dániel,magyar,https://www.uni-corvinus.hu/tantargyak/PSGJ017LMSB?semester=2024/25/2
Munkakörök a médiában,3,Dr. Habil Bokor Tamás,magyar,https://www.uni-corvinus.hu/tantargyak/7PE20NSV94M?semester=2021/22/1
Munkapiac gazdaságtana,5,Hermann Zoltán,magyar,https://www.uni-corvinus.hu/tantargyak/GKGM009NMBB?semester=2023/24/2
Munkapiaci és szociálpolitikai összefüggések az Európai Unióban,6,Takács Tibor,magyar,https://www.uni-corvinus.hu/tantargyak/4GP02NAV13B?semester=2019/20/2
Munkaügyi kapcsolatok,4,Bácsi Katalin,magyar,https://www.uni-corvinus.hu/tantargyak/2VE81LAV17S?semester=2020/21/1
Munkaügyi kapcsolatok rendszere,4,Bódis Lajos,magyar,https://www.uni-corvinus.hu/tantargyak/4EE21NAV12B?semester=2025/26/1
Munkaügyi kapcsolatok rendszere,4,Bódis Lajos,magyar,https://www.uni-corvinus.hu/tantargyak/2LK95LBK05B?semester=2020/21/1
Műszaki beruházási ismeretek,magyar,dr. Szűcs Anita,magyar,https://www.uni-corvinus.hu/tantargyak/3MT17NAK01B?semester=2025/26/1
Nagy-Britannia tanulmányok,3,dr. Gálik Zoltán,magyar,https://www.uni-corvinus.hu/tantargyak/7NK40NGV62B?semester=2024/25/2
Nation states and the European Union,6,Dr. Dúró József,magyar,https://www.uni-corvinus.hu/tantargyak/NPNK009NAMB?semester=2025/26/1
Nations in the Crossroads of History: Contemporary Central and Eastern Europe,6,Dr. Ványi Éva,angol,https://www.uni-corvinus.hu/tantargyak/293NHISV476B?semester=2020/21/1
"Nations, Minorities and Minority policies in ECE",6,Dr. Ványi Éva,angol,https://www.uni-corvinus.hu/tantargyak/7PO10NGV55M?semester=2019/20/2
Negotiation Management,3,Dr. Kacsirek László,angol,https://www.uni-corvinus.hu/tantargyak/7IL50NNVH2B?semester=2020/21/1
Negotiation Strategies,6,Dr. Habil Bokor Tamás,magyar,https://www.uni-corvinus.hu/tantargyak/MARK134NABB?semester=2025/26/1
Nem strukturált adatok elemzése és menedzsmentje,5,dr. Kő Andrea,magyar,https://www.uni-corvinus.hu/tantargyak/PHGI_NEMSTRUKT?semester=2020/21/2
Nem-életbiztosítás,magyar,Ágoston Kolos Csaba,magyar,https://www.uni-corvinus.hu/tantargyak/4BO11LD033S?semester=2023/24/2
Nem-életbiztosítás,6,Pintér Miklós,magyar,https://www.uni-corvinus.hu/tantargyak/MSOA040LMSB?semester=2025/26/1
Nemek szerinti különbségek,3,Prof.Dr. Nagy Beáta,magyar,https://www.uni-corvinus.hu/tantargyak/7SO30NGK64B?semester=2020/21/2
Német (A1/1 szint t.mentes),3,Matulainé Dömők Szilvia,magyar,https://www.uni-corvinus.hu/tantargyak/IOK0174NEAA?semester=2024/25/2
Német (A1/1 szint térítéses),magyar,Matulainé Dömők Szilvia,magyar,https://www.uni-corvinus.hu/tantargyak/IOK0175NEAA?semester=2024/25/2
Német (A1/2 szint t.mentes),3,Matulainé Dömők Szilvia,magyar,https://www.uni-corvinus.hu/tantargyak/IOK0176NEAA?semester=2024/25/2
Német (A1/2 szint térítéses),magyar,Matulainé Dömők Szilvia,magyar,https://www.uni-corvinus.hu/tantargyak/IOK0177NEAA?semester=2024/25/2
Német (A2/1 szint t.mentes),3,Matulainé Dömők Szilvia,magyar,https://www.uni-corvinus.hu/tantargyak/IOK0178NEAA?semester=2024/25/2
"Német (ált., felső, t.mentes)/1",3,Matulainé Dömők Szilvia,magyar,https://www.uni-corvinus.hu/tantargyak/IOK0182NEAF?semester=2023/24/1
"Német (ált., felső, t.mentes)/2",3,Matulainé Dömők Szilvia,német,https://www.uni-corvinus.hu/tantargyak/7IL50NNV48B?semester=2019/20/2
"Német (ált., felső, t.mentes)/2",3,Dr. Pfeiffer-Nyakas Judit,magyar,https://www.uni-corvinus.hu/tantargyak/IOK0184NEAF?semester=2024/25/2
"Német (ált., felső, térítéses)/1",magyar,Matulainé Dömők Szilvia,magyar,https://www.uni-corvinus.hu/tantargyak/7IL50NNV45B?semester=2022/23/1
"Német (ált., felső, térítéses)/1",magyar,Dr. Pfeiffer-Nyakas Judit,magyar,https://www.uni-corvinus.hu/tantargyak/IOK0183NEAF?semester=2023/24/1
"Német (gazdasági előkészítő B1, térítéses)/2",magyar,Matulainé Dömők Szilvia,német,https://www.uni-corvinus.hu/tantargyak/IOK0189NEGE?semester=2024/25/2
"Német (gazdasági, felső, t.mentes)/1",3,Dr. Pfeiffer-Nyakas Judit,magyar,https://www.uni-corvinus.hu/tantargyak/IOK0190NEGF?semester=2024/25/1
"Német (gazdasági, felső, t.mentes)/2",3,Dr. Pfeiffer-Nyakas Judit,magyar,https://www.uni-corvinus.hu/tantargyak/IOK0192NEGF?semester=2024/25/2
"Német (gazdasági, felső, térítéses)/1",német,Dr. Pfeiffer-Nyakas Judit,magyar,https://www.uni-corvinus.hu/tantargyak/IOK0191NEGF?semester=2024/25/1
"Német (gazdasági, felső, térítéses)/2",magyar,Dr. Pfeiffer-Nyakas Judit,német,https://www.uni-corvinus.hu/tantargyak/IOK0193NEGF?semester=2024/25/2
Német (nemzetközi kapcs.felsőfok t.mentes)/2,3,Dr. Pfeiffer-Nyakas Judit,magyar,https://www.uni-corvinus.hu/tantargyak/IOK0200NENF?semester=2023/24/2
Német (nemzetközi kapcs.felsőfok térítéses)/1,német,Dr. Pfeiffer-Nyakas Judit,német,https://www.uni-corvinus.hu/tantargyak/IOK0199NENF?semester=2023/24/1
Német (nemzetközi kapcs.felsőfok térítéses)/2,német,Dr. Pfeiffer-Nyakas Judit,német,https://www.uni-corvinus.hu/tantargyak/IOK0201NENK?semester=2023/24/2
Német (nemzetközi kapcs.középfok t.mentes)/1,3,Dr. Pfeiffer-Nyakas Judit,magyar,https://www.uni-corvinus.hu/tantargyak/IOK0202NENK?semester=2024/25/1
Német (nemzetközi kapcs.középfok t.mentes)/2,3,Dr. Pfeiffer-Nyakas Judit,német,https://www.uni-corvinus.hu/tantargyak/IOK0204NENK?semester=2023/24/2
"Német (szakmai előkészítő, térítéses)/2",magyar,Matulainé Dömők Szilvia,magyar,https://www.uni-corvinus.hu/tantargyak/7IL50NNV50B?semester=2021/22/2
"Német (szakmai, felső, t.mentes)/1",3,Dr. Szőkéné Dr. Pintér Márta,német,https://www.uni-corvinus.hu/tantargyak/7IL50NNV55B?semester=2020/21/2
"Német (szakmai, felső, t.mentes)/2",3,Dr. Szőkéné Dr. Pintér Márta,magyar,https://www.uni-corvinus.hu/tantargyak/7IL50NNV56B?semester=2019/20/2
"Német (szakmai, felső, térítéses)/1",német,Dr. Szőkéné Dr. Pintér Márta,német,https://www.uni-corvinus.hu/tantargyak/7IL50NNV53B?semester=2020/21/2
"Német (szakmai, felső, térítéses)/2",magyar,Dr. Szőkéné Dr. Pintér Márta,magyar,https://www.uni-corvinus.hu/tantargyak/7IL50NNV54B?semester=2021/22/2
Nemkooperatív játékelmélet,5,Pintér Miklós,magyar,https://www.uni-corvinus.hu/tantargyak/4OP13NAK01O?semester=2024/25/2
Nemzeti Európa-politikák,6,dr. Gálik Zoltán,magyar,https://www.uni-corvinus.hu/tantargyak/7NK40NDKG3M?semester=2019/20/2
Nemzetközi adózás,4,Dr. Erdős Gabriella,magyar,https://www.uni-corvinus.hu/tantargyak/2JO11NAK08B?semester=2021/22/2
Nemzetközi agrárkereskedelem,5,Dr. Balogh Jeremiás Máté,magyar,https://www.uni-corvinus.hu/tantargyak/2KA21NDK15B?semester=2025/26/1
Nemzetközi bankrendszer,3,Dr. Gál Péter,magyar,https://www.uni-corvinus.hu/tantargyak/7VG32NAK22M?semester=2019/20/2
Nemzetközi büntetőjog,3,dr. Hoffmann Tamás,magyar,https://www.uni-corvinus.hu/tantargyak/7NK40NDK30M?semester=2019/20/2
Nemzetközi és összehasonlító gazdasági jog,6,Dr. Nemessányi Zoltán,magyar,https://www.uni-corvinus.hu/tantargyak/NPNK002NMMB?semester=2025/26/1
Nemzetközi fejlesztés és segélyezés,3,dr. Paragi Beáta,magyar,https://www.uni-corvinus.hu/tantargyak/7NK40NDK55M?semester=2020/21/2
Nemzetközi fejlesztés/ projektelemzés,6,Tétényi András,magyar,https://www.uni-corvinus.hu/tantargyak/4VG32NBK08M?semester=2019/20/2
Nemzetközi gazd-i kapcs. joga és etikája,5,dr. Hoffmann Tamás,magyar,https://www.uni-corvinus.hu/tantargyak/7NK40NBK07M?semester=2019/20/2
Nemzetközi gazdaság és vállalatelemzés,4,Dr. Endrődi-Kovács Viktória,magyar,https://www.uni-corvinus.hu/tantargyak/4VG32NAK20B?semester=2025/26/1
Nemzetközi gazdasági és pénzügyi intézmények,3,Szapáry György,magyar,https://www.uni-corvinus.hu/tantargyak/4MNBNAV08M?semester=2019/20/2
Nemzetközi gazdasági és pénzügyi intézmények,3,Szapáry György,magyar,https://www.uni-corvinus.hu/tantargyak/4MNBNAV21M?semester=2019/20/2
Nemzetközi gazdasági és pénzügyi intézmények szerepe az átalakuló világban,3,Szapáry György,magyar,https://www.uni-corvinus.hu/tantargyak/4MNBNAV25M?semester=2020/21/1
Nemzetközi gazdasági kapcsolatok,3,Dr. Szunomár Ágnes,magyar,https://www.uni-corvinus.hu/tantargyak/7VG32NCK01B?semester=2024/25/1
Nemzetközi gazdasági kapcsolatok joga,6,Dr. Nemessányi Zoltán,magyar,https://www.uni-corvinus.hu/tantargyak/PSGJ026NMBB?semester=2024/25/2
Nemzetközi gazdasági kapcsolatok joga,6,Dr. Nemessányi Zoltán,magyar,https://www.uni-corvinus.hu/tantargyak/PSGJ032LMBB ?semester=2025/26/1
Nemzetközi gazdaságtan,6,Vigvári Gábor,magyar,https://www.uni-corvinus.hu/tantargyak/4VG32NAK03B?semester=2019/20/2
Nemzetközi gazdaságtan,5,Dr. Misz József,magyar,https://www.uni-corvinus.hu/tantargyak/4MA23NAK04B?semester=2025/26/1
Nemzetközi gazdaságtan,5,Dr. Vincze János,magyar,https://www.uni-corvinus.hu/tantargyak/4MK24NBK05B?semester=2025/26/1
Nemzetközi gazdaságtan,6,Dr. Almadi Sejla,magyar,https://www.uni-corvinus.hu/tantargyak/4VG32NAK02M?semester=2020/21/1
Nemzetközi gazdaságtan,6,Vigvári Gábor,magyar,https://www.uni-corvinus.hu/tantargyak/4VG32NAV45M?semester=2019/20/2
Nemzetközi gazdaságtan,6,Szabó-Bakos Eszter,magyar,https://www.uni-corvinus.hu/tantargyak/4MA23NAK25B?semester=2021/22/2
Nemzetközi gazdaságtan,5,Szabó-Bakos Eszter,magyar,https://www.uni-corvinus.hu/tantargyak/4MK24NAK04O?semester=2024/25/2
Nemzetközi gazdaságtan,6,Szabó-Bakos Eszter,magyar,https://www.uni-corvinus.hu/tantargyak/7VG32NAK03B?semester=2024/25/2
Nemzetközi gazdaságtan,8,Szabó-Bakos Eszter,magyar,https://www.uni-corvinus.hu/tantargyak/KG00047NMBB?semester=2024/25/2
Nemzetközi gazdaságtan (IMP-SKM),5,Dr. Vincze János,magyar,https://www.uni-corvinus.hu/tantargyak/4MK24NAK21B?semester=2019/20/2
Nemzetközi jog a gyakorlatban,6,dr. Hoffmann Tamás,magyar,https://www.uni-corvinus.hu/tantargyak/7NK40NCKH9M?semester=2019/20/2
Nemzetközi jog a gyakorlatban I.,3,dr. Kirs Eszter,magyar,https://www.uni-corvinus.hu/tantargyak/7NK40NCKD8M?semester=2020/21/1
Nemzetközi jog a gyakorlatban II.,3,dr. Kirs Eszter,magyar,https://www.uni-corvinus.hu/tantargyak/7NK40NCKD9M?semester=2020/21/2
Nemzetközi jog I.,3,dr. Kirs Eszter,magyar,https://www.uni-corvinus.hu/tantargyak/7NK40NCK09B?semester=2023/24/1
Nemzetközi jog I.,3,dr. Kirs Eszter,magyar,https://www.uni-corvinus.hu/tantargyak/7NK40NCV09M?semester=2019/20/2
Nemzetközi jog II.,3,dr. Kirs Eszter,magyar,https://www.uni-corvinus.hu/tantargyak/7NK40NCK10B?semester=2024/25/2
Nemzetközi kapcsolatok 1815-től 1945-ig,6,dr. Zsinka László,magyar,https://www.uni-corvinus.hu/tantargyak/7NK40NCK11B?semester=2022/23/2
Nemzetközi kapcsolatok 1945-től,6,Kőváriné dr. Ignáth Éva,magyar,https://www.uni-corvinus.hu/tantargyak/7NK40NCK12B?semester=2025/26/1
Nemzetközi kapcsolatok 1945-től,6,Kőváriné dr. Ignáth Éva,magyar,https://www.uni-corvinus.hu/tantargyak/7NK40NCK12M?semester=2019/20/2
Nemzetközi kapcsolatok a gyakorlatban I.,3,Dr. Kelemen Zoltán,magyar,https://www.uni-corvinus.hu/tantargyak/7NK40NIN01B?semester=2021/22/2
Nemzetközi kapcsolatok a gyakorlatban II.,3,Mendly Dorottya,magyar,https://www.uni-corvinus.hu/tantargyak/7NK40NIN03B?semester=2019/20/2
Nemzetközi kapcsolatok a mozivásznon,3,Kőváriné dr. Ignáth Éva,magyar,https://www.uni-corvinus.hu/tantargyak/7NK40NGV11B?semester=2024/25/2
Nemzetközi kereskedelem,5,Dr. Kacsirek László,magyar,https://www.uni-corvinus.hu/tantargyak/2SZ27NCK10B?semester=2019/20/2
Nemzetközi kereskedelem,3,Dr. Misz József,magyar,https://www.uni-corvinus.hu/tantargyak/4MA23NAK16B?semester=2022/23/1
Nemzetközi kereskedelempolitika és intézményei,6,Vigvári Gábor,magyar,https://www.uni-corvinus.hu/tantargyak/NPVG007NMMB?semester=2025/26/1
Nemzetközi klímastratégiák és környezeti indikátorok,3,Marjainé Dr. Szerényi Zsuzsanna,magyar,https://www.uni-corvinus.hu/tantargyak/7GF20NBK09M?semester=2022/23/2
Nemzetközi konfliktusok kezelése,magyar,Szabó-Bakos Eszter,magyar,https://www.uni-corvinus.hu/tantargyak/7NK40NDVH7B?semester=2019/20/2
Nemzetközi közgazdaságtan,4,Szabó-Bakos Eszter,magyar,https://www.uni-corvinus.hu/tantargyak/4MA23NAK12B?semester=2025/26/1
Nemzetközi közgazdaságtan,5,Dr. Major Klára,magyar,https://www.uni-corvinus.hu/tantargyak/4MA23NAK23B?semester=2025/26/1
Nemzetközi közgazdaságtan,3,Szabó-Bakos Eszter,magyar,https://www.uni-corvinus.hu/tantargyak/2LK95LAK23B?semester=2022/23/2
Nemzetközi közgazdaságtan,5,Dr. Misz József,magyar,https://www.uni-corvinus.hu/tantargyak/4MA23NAK50SB?semester=2025/26/1
Nemzetközi közgazdaságtan,3,Dr. Misz József,magyar,https://www.uni-corvinus.hu/tantargyak/KG00103LMBB?semester=2025/26/1
Nemzetközi közgazdaságtan,6,Szabó-Bakos Eszter,magyar,https://www.uni-corvinus.hu/tantargyak/KOZG037NMOB?semester=2025/26/1
Nemzetközi közlekedés és turizmus,5,Dr. Jászberényi Melinda,magyar,https://www.uni-corvinus.hu/tantargyak/2GF26NCK08B?semester=2025/26/1
Nemzetközi közlekedés és turizmus,4,Dr. Jászberényi Melinda,magyar,https://www.uni-corvinus.hu/tantargyak/2GF26NCK08SB?semester=2022/23/1
Nemzetközi makro-gazdaságpolitika,6,Simai Mihály,magyar,https://www.uni-corvinus.hu/tantargyak/4VG32NBK07M?semester=2025/26/1
Nemzetközi makroökonómia,3,Dr. Misz József,magyar,https://www.uni-corvinus.hu/tantargyak/4MA23NAK14B?semester=2019/20/2
Nemzetközi makroökonómia,3,Dr. Misz József,magyar,https://www.uni-corvinus.hu/tantargyak/4MA23NAK14SB?semester=2019/20/2
Nemzetközi makropénzügyek,6,Kutasi Gábor,magyar,https://www.uni-corvinus.hu/tantargyak/4VG32NBK76M?semester=2025/26/1
Nemzetközi marketing,5,Dr. Mucsi Attila,magyar,https://www.uni-corvinus.hu/tantargyak/2MF44NDK02B?semester=2025/26/1
Nemzetközi marketing,5,Dr. Habil Malota Erzsébet,magyar,https://www.uni-corvinus.hu/tantargyak/2MF44LAK06S?semester=2020/21/2
Nemzetközi marketing,5,Dr. Habil Malota Erzsébet,magyar,https://www.uni-corvinus.hu/tantargyak/2MF44NCK07B?semester=2025/26/1
Nemzetközi marketing,5,Dr. Habil Malota Erzsébet,magyar,https://www.uni-corvinus.hu/tantargyak/2MF44NCK07SB?semester=2025/26/1
Nemzetközi marketing,3,Dr. Habil Malota Erzsébet,magyar,https://www.uni-corvinus.hu/tantargyak/MARK068NMBB?semester=2024/25/2
Nemzetközi pénzügyek,6,Kutasi Gábor,magyar,https://www.uni-corvinus.hu/tantargyak/7NK40NBK09M?semester=2019/20/2
Nemzetközi pénzügyek,6,Hadházyné dr. Burucs Magdolna Judit,magyar,https://www.uni-corvinus.hu/tantargyak/4VG32NAK29M?semester=2019/20/2
Nemzetközi politika elmélete,6,dr. Szűcs Anita,magyar,https://www.uni-corvinus.hu/tantargyak/7NK40NBK10M?semester=2019/20/2
Nemzetközi politikai gazdaságtan,3,Dr. Benczes István Zsolt,magyar,https://www.uni-corvinus.hu/tantargyak/4VG32NAK50M?semester=2020/21/2
Nemzetközi politikai gazdaságtan,6,Vigvári Gábor,magyar,https://www.uni-corvinus.hu/tantargyak/7VG32NAK19M?semester=2019/20/2
Nemzetközi politikai gazdaságtan,6,Vigvári Gábor,magyar,https://www.uni-corvinus.hu/tantargyak/7VG32NAK28M?semester=2025/26/1
Nemzetközi politikai gazdaságtan I.,6,Vigvári Gábor,magyar,https://www.uni-corvinus.hu/tantargyak/4VG32NAK03M?semester=2025/26/1
Nemzetközi politikai gazdaságtan II.,6,Dr. Trautmann László,magyar,https://www.uni-corvinus.hu/tantargyak/4MI25NAK45M?semester=2025/26/1
Nemzetközi politikai viszonyok,6,dr. Szűcs Anita,magyar,https://www.uni-corvinus.hu/tantargyak/7NK40NCK04B?semester=2025/26/1
Nemzetközi politikai viszonyok,6,dr. Szűcs Anita,magyar,https://www.uni-corvinus.hu/tantargyak/7NK40NCV04M?semester=2025/26/1
Nemzetközi segélyezés,3,dr. Paragi Beáta,magyar,https://www.uni-corvinus.hu/tantargyak/7NK40NCVJ4B?semester=2021/22/1
Nemzetközi sportrendezvények aktuális kérdései,3,Dr. Havran Zsolt,magyar,https://www.uni-corvinus.hu/tantargyak/VGUG001NMMS?semester=2025/26/1
Nemzetközi sportrendezvények aktuális kérdései_ Duál,3,Dr. Havran Zsolt,magyar,https://www.uni-corvinus.hu/tantargyak/VGUG005NMMSD?semester=2025/26/1
Nemzetközi szállítmányozás és logisztika,3,Miskolcziné Dr. Gábriel Mónika,magyar,https://www.uni-corvinus.hu/tantargyak/2VL60NCK01B?semester=2019/20/2
Nemzetközi számvitel,3,Dr. Filyó Janka,magyar,https://www.uni-corvinus.hu/tantargyak/2SZ53NDK01B?semester=2022/23/2
Nemzetközi számvitel,4,Dr. Filyó Janka,magyar,https://www.uni-corvinus.hu/tantargyak/2LK95LBK24B?semester=2024/25/2
Nemzetközi számvitel,4,Dr. Székács Péterné,magyar,https://www.uni-corvinus.hu/tantargyak/2LK95LBK36B?semester=2025/26/1
Nemzetközi számvitel,5,Dr. Filyó Janka,magyar,https://www.uni-corvinus.hu/tantargyak/2SZ53NDK12B?semester=2025/26/1
Nemzetközi számvitel,6,Dr. Filyó Janka,magyar,https://www.uni-corvinus.hu/tantargyak/PSPS026NMBS?semester=2025/26/1
Nemzetközi számviteli beszámolási rendszer,5,Dr. Filyó Janka,magyar,https://www.uni-corvinus.hu/tantargyak/2PU51NBK05M?semester=2025/26/1
Nemzetközi számviteli beszámolási rendszer,5,Dr. Filyó Janka,magyar,https://www.uni-corvinus.hu/tantargyak/2SA53EAK24M?semester=2025/26/1
Nemzetközi számviteli beszámolási rendszer – DUÁLIS,5,Dr. Filyó Janka,magyar,https://www.uni-corvinus.hu/tantargyak/2PU51NBK05MD?semester=2025/26/1
Nemzetközi szervezetek,6,dr. Kemenszky Ágnes,magyar,https://www.uni-corvinus.hu/tantargyak/4VG32NAK07B?semester=2021/22/2
Nemzetközi szervezetek,6,dr. Kemenszky Ágnes,magyar,https://www.uni-corvinus.hu/tantargyak/7NK40NCL01B?semester=2025/26/1
Nemzetközi szerződéskötés modellezése,magyar,Dr. Mitev Ariel Zoltán,magyar,https://www.uni-corvinus.hu/tantargyak/7NK40NGV29M?semester=2019/20/2
Nemzetközi tárgyalástechnika,4,Dr. Sebestyén Géza,magyar,https://www.uni-corvinus.hu/tantargyak/2MA41NAK03B?semester=2025/26/1
Nemzetközi tőkepiacok működése,6,Dr. Sebestyén Géza,magyar,https://www.uni-corvinus.hu/tantargyak/4PU51NAK27M?semester=2025/26/1
Nemzetközi üzleti gazdaságtan,6,Dr. Havran Zsolt,angol,https://www.uni-corvinus.hu/tantargyak/PHG_ÜZLETI?semester=2019/20/2
Nemzetközi üzleti ismeretek,12,Dr. Huszák Loretta,magyar,https://www.uni-corvinus.hu/tantargyak/7VG32NCV46M?semester=2019/20/2
Nemzetközi vállalatcsoportok adózása,6,Dr. Erdős Gabriella,angol,https://www.uni-corvinus.hu/tantargyak/PHG_Nemz. vállalatcsop adóz?semester=2019/20/2
Nemzetközi vállalatgazdaságtan,6,Dr. Czakó Erzsébet,magyar,https://www.uni-corvinus.hu/tantargyak/2VL60NBK04M?semester=2025/26/1
Nemzetközi vállalatgazdaságtan,5,Ónodi Annamária,magyar,https://www.uni-corvinus.hu/tantargyak/2VL60NAV01M?semester=2025/26/1
Nemzetközi vállalatgazdaságtan,5,Dr. Havran Zsolt,magyar,https://www.uni-corvinus.hu/tantargyak/2VL60NAV01SM?semester=2025/26/1
Nemzetközi vállalatgazdaságtan,3,Dr. Havran Zsolt,magyar,https://www.uni-corvinus.hu/tantargyak/2VL60NAK06M?semester=2020/21/1
Nemzetközi vállalatgazdaságtan,3,Dr. Havran Zsolt,magyar,https://www.uni-corvinus.hu/tantargyak/2VL60LAK06M?semester=2020/21/1
Nemzetközi vállalatgazdaságtan,5,Dr. Havran Zsolt,magyar,https://www.uni-corvinus.hu/tantargyak/VGUG009LMMB?semester=2025/26/1
Nemzetközi vállalatgazdaságtan II.,6,Dr. Czakó Erzsébet,magyar,https://www.uni-corvinus.hu/tantargyak/2VL60NBK13M?semester=2020/21/1
Nemzetközi vállalati stratégia,6,Dr. Gál Péter,magyar,https://www.uni-corvinus.hu/tantargyak/4VG32NAK77M?semester=2019/20/2
Nemzetközi vállalati stratégiák,4,Sebrek Szabolcs,magyar,https://www.uni-corvinus.hu/tantargyak/4VG32NAK09B?semester=2025/26/1
Nemzetközi vállalatok a világgazdaságban,6,Dr. Gál Péter,magyar,https://www.uni-corvinus.hu/tantargyak/7VG32NAV38M?semester=2025/26/1
"Nemzetközi, hazai és városi klímapolitikák",3,Dr. Salamin Géza,magyar,https://www.uni-corvinus.hu/tantargyak/7GF20NBK06M?semester=2020/21/2
Nemzetstratégia és a Kárpát-medence geopolitikája,3,Dr. Péti Márton,magyar,https://www.uni-corvinus.hu/tantargyak/7GF20NAV46M?semester=2019/20/2
Nemzetstratégia és a Kárpát-medence geopolitikája,3,Dr. Péti Márton,magyar,https://www.uni-corvinus.hu/tantargyak/7GF20LAV46M?semester=2019/20/2
Network Analysis,6,Dr. Sziklai Balázs Róbert,magyar,https://www.uni-corvinus.hu/tantargyak/PHG075?semester=2024/25/2
Network Communication,3,Rétvári Márton Gergely,angol,https://www.uni-corvinus.hu/tantargyak/7PE20NCKC1B?semester=2019/20/2
Network Technologies,6,Dr. Fodor Szabina Eszter,angol,https://www.uni-corvinus.hu/tantargyak/293NBISK603M?semester=2019/20/2
Network Technologies,6,Dr. Fodor Szabina Eszter,magyar,https://www.uni-corvinus.hu/tantargyak/ADIN049NAMB?semester=2025/26/1
Neural Networks,4,dr. Kő Andrea,magyar,https://www.uni-corvinus.hu/tantargyak/PHGI_NEUHALOK?semester=2019/20/2
Neuromarketing,3,Dr. Habil. Varga Ákos,magyar,https://www.uni-corvinus.hu/tantargyak/2ME43NAV13M?semester=2020/21/1
Nevelés a kultúra kontextusában,3,Dobó István,magyar,https://www.uni-corvinus.hu/tantargyak/7PE20LPK79M?semester=2019/20/2
Neveléstudomány rendszere,2,Pálvölgyi Krisztián,magyar,https://www.uni-corvinus.hu/tantargyak/7TD50LPK10M?semester=2021/22/1
New Media Literacy,3,Dr. Jessie Labov,angol,https://www.uni-corvinus.hu/tantargyak/7PE20NGKK6B?semester=2020/21/1
New Paradigm in Macroeconomics,4,Rácz Olivér Miklós,angol,https://www.uni-corvinus.hu/tantargyak/4MNBNAV03B?semester=2019/20/2
New Product Management,6,Dr. Frau Moreno,magyar,https://www.uni-corvinus.hu/tantargyak/293NMANV421B?semester=2025/26/1
NGO Management and Civil Society,6,Kovács Éva Margit,magyar,https://www.uni-corvinus.hu/tantargyak/TARS023NAMB?semester=2025/26/1
NGOs Management and Civil Society,6,Kovács Éva Margit,magyar,https://www.uni-corvinus.hu/tantargyak/KOZNXV4KZ68?semester=2025/26/1
Női vezetők-szerepmodellek,6,Prof.Dr. Nagy Beáta,magyar,https://www.uni-corvinus.hu/tantargyak/7SO30NGVM4M?semester=2020/21/2
Nők a politikában,3,Prof.Dr. Nagy Beáta,magyar,https://www.uni-corvinus.hu/tantargyak/7PO10NCKA8B?semester=2024/25/2
Non-profit menedzsment,3,Túry Krisztina Anna,magyar,https://www.uni-corvinus.hu/tantargyak/7PO10NDK20M?semester=2020/21/1
"Non-profit szektor, szociális gazdaság, civil társadalom",6,Jenei György,magyar,https://www.uni-corvinus.hu/tantargyak/4KO03NAV95M?semester=2025/26/1
Non-State Actors in IR,6,dr. Marton Péter,magyar,https://www.uni-corvinus.hu/tantargyak/GLOB053NAMB?semester=2024/25/2
Non-State Actors in IR,6,dr. Marton Péter,magyar,https://www.uni-corvinus.hu/tantargyak/GLOB089NAMB?semester=2025/26/1
Non-State Actors of World Politics,3,dr. Marton Péter,angol,https://www.uni-corvinus.hu/tantargyak/7NK40NBKG4M?semester=2021/22/1
Nonprofit szervezetek és társadalmi vállalkozások vezetése,6,Dr. Révész Éva Erika,magyar,https://www.uni-corvinus.hu/tantargyak/VTVK026NMBB?semester=2024/25/2
Nonverbális kommunikáció,3,Pelle Veronika,magyar,https://www.uni-corvinus.hu/tantargyak/7PE20NAKB3M?semester=2019/20/2
Növénytermesztés,5,Dr. Török Áron,magyar,https://www.uni-corvinus.hu/tantargyak/2KA21NAK17B?semester=2025/26/1
Növényvédelmi alapismeretek,magyar,Dr. Kürthy Gábor,magyar,https://www.uni-corvinus.hu/tantargyak/3NK06NAK22B?semester=2025/26/1
NP II. Num. Módszerek a pü-ekben VBA-val,4,Dr. Kürthy Gábor,magyar,https://www.uni-corvinus.hu/tantargyak/2BE52NAK04O?semester=2020/21/2
NP III. Pénzügyi modellezés,4,Dr. Mikolasek András,magyar,https://www.uni-corvinus.hu/tantargyak/PSPE040NMOB?semester=2024/25/2
NP IV. Befektetési számítások,4,Dr. Králik Balázs,magyar,https://www.uni-corvinus.hu/tantargyak/2BE52NAK06O?semester=2021/22/1
NP V. Numerikus pénzügyek,4,Dr. Kürthy Gábor,magyar,https://www.uni-corvinus.hu/tantargyak/2BE52NAK08O?semester=2025/26/1
Num. Pü. 1. Ismerkedés az árfolyamokkal,5,Dr. Váradi Kata,magyar,https://www.uni-corvinus.hu/tantargyak/2BE52NAK01O?semester=2025/26/1
Numerikus pénzügyek I,6,Dr. Mikolasek András,magyar,https://www.uni-corvinus.hu/tantargyak/PENZ010NMOB?semester=2025/26/1
Numerikus pénzügyek III,6,Dr. Králik Balázs,magyar,https://www.uni-corvinus.hu/tantargyak/PENZ017NMOB?semester=2025/26/1
Nyelvi kommunikáció,6,Géró Györgyi,magyar,https://www.uni-corvinus.hu/tantargyak/7PE20NCKB2B?semester=2019/20/2
Nyugat-Balkán-tanulmányok,3,dr. Kemenszky Ágnes,magyar,https://www.uni-corvinus.hu/tantargyak/NPNK041NMBB?semester=2024/25/2
Nyugat-európai politikai rendszerek,3,Dr. Dúró József,magyar,https://www.uni-corvinus.hu/tantargyak/7PO10NCK72B?semester=2024/25/2
Nyugdíj és adómodellek,3,Simonovits András,egyéb,https://www.uni-corvinus.hu/tantargyak/4MK24NAV26B?semester=2019/20/2
Nyugdíj és adómodellek,3,Szabó-Bakos Eszter,magyar,https://www.uni-corvinus.hu/tantargyak/4MK24NAK12O?semester=2024/25/2
Nyugdíjbiztosítás,3,Dr. Banyár József,magyar,https://www.uni-corvinus.hu/tantargyak/4OP13NAK24M?semester=2025/26/1
Nyugdíjrendszerek matematikai modelljei,4,Dr. Banyár József,magyar,https://www.uni-corvinus.hu/tantargyak/4OP13NAK09O?semester=2025/26/1
OD és HR tanácsadói készségek fejlesztése,5,Dr. Takács Sándor,magyar,https://www.uni-corvinus.hu/tantargyak/2VE81NDK04M?semester=2020/21/1
OD és HR tanácsadói készségek fejlesztése,5,Dr. Takács Sándor,magyar,https://www.uni-corvinus.hu/tantargyak/VTSM054NMMB?semester=2025/26/1
OD tanácsadói készségek fejlesztése,3,Dr. Takács Sándor,magyar,https://www.uni-corvinus.hu/tantargyak/VTSM095NMMB?semester=2023/24/2
OD tanácsadói készségek fejlesztése,3,Dr. Takács Sándor,magyar,https://www.uni-corvinus.hu/tantargyak/VEZ0081NMMB?semester=2024/25/2
Ok-okozati és kölcsönös kapcsolatok vizsgálata a közgazdaságtanban,5,Dr. Sugár András,magyar,https://www.uni-corvinus.hu/tantargyak/4ST14NAV37B?semester=2019/20/2
Ökológia,magyar,Dr. Török Áron,magyar,https://www.uni-corvinus.hu/tantargyak/3NT20NAK05B?semester=2019/20/2
Ökológia,4,Dr. Márton András,magyar,https://www.uni-corvinus.hu/tantargyak/2KA21NAK15B?semester=2025/26/1
Ökológiai közgazdaságtan vitakurzus,3,Dr. Harangozó Gábor,magyar,https://www.uni-corvinus.hu/tantargyak/VGDE005NMBM?semester=2022/23/2
Ökológiai közgazdaságtan vitakurzus,5,Keresztély Tibor,magyar,https://www.uni-corvinus.hu/tantargyak/VGDE001LMSB?semester=2024/25/2
Ökonometria,5,Keresztély Tibor,magyar,https://www.uni-corvinus.hu/tantargyak/4MK24NAK01M?semester=2020/21/2
Ökonometria,5,Keresztély Tibor,magyar,https://www.uni-corvinus.hu/tantargyak/4ST14NAK22B?semester=2020/21/1
Ökonometria,5,Keresztély Tibor,magyar,https://www.uni-corvinus.hu/tantargyak/4ST14EAK19M?semester=2025/26/1
Ökonometria I.,magyar,Keresztély Tibor,magyar,https://www.uni-corvinus.hu/tantargyak/4ST14NAK18B?semester=2025/26/1
Ökonometria I.,6,Reguly Ágoston,magyar,https://www.uni-corvinus.hu/tantargyak/4ST14NAK26B?semester=2020/21/2
Ökonometria I.,5,Reguly Ágoston,magyar,https://www.uni-corvinus.hu/tantargyak/4ST14NAK34B?semester=2025/26/1
Ökonometria I.,5,Reguly Ágoston,magyar,https://www.uni-corvinus.hu/tantargyak/MSST025NABB?semester=2025/26/1
Ökonometria I.,8,Keresztély Tibor,magyar,https://www.uni-corvinus.hu/tantargyak/MSST005NMBB-SPM?semester=2024/25/1
Ökonometria II.,6,Keresztély Tibor,magyar,https://www.uni-corvinus.hu/tantargyak/4ST14NAK21B?semester=2025/26/1
Ökonometria II.,5,Keresztély Tibor,magyar,https://www.uni-corvinus.hu/tantargyak/4ST14NAK35B?semester=2020/21/1
Ökonometria II.,8,Keresztély Tibor,magyar,https://www.uni-corvinus.hu/tantargyak/MSST006NMBB?semester=2024/25/2
Ökonometria II.,8,Keresztély Tibor,magyar,https://www.uni-corvinus.hu/tantargyak/MSST006NMBB-SPM?semester=2024/25/2
Okos falu ? okos farm,4,Dr. Mizik Tamás,magyar,https://www.uni-corvinus.hu/tantargyak/2KA21NAV01SB?semester=2025/26/1
Oktatáselmélet,2,Reizingerné Dr. Ducsai Anita,magyar,https://www.uni-corvinus.hu/tantargyak/7PE20LPKA5M?semester=2024/25/1
Oktatásgazdaságtan,5,Hermann Zoltán,magyar,https://www.uni-corvinus.hu/tantargyak/GKGM010NMBB?semester=2024/25/2
Oktatási kredit 2.,6,Dr. Csóka Péter,magyar,https://www.uni-corvinus.hu/tantargyak/PHKGI009?semester=2024/25/2
Oktatási kredit 2.,6,Dr. Benczes István Zsolt,magyar,https://www.uni-corvinus.hu/tantargyak/PHNKP012?semester=2024/25/2
Oktatási kredit 2.,6,Prof.Dr. Nagy Beáta,magyar,https://www.uni-corvinus.hu/tantargyak/PHSZK009?semester=2024/25/2
Oktatási kredit 2.,6,Fertő Imre,magyar,https://www.uni-corvinus.hu/tantargyak/PHG012?semester=2024/25/2
Oktatási kredit 3.,6,Dr. Benczes István Zsolt,magyar,https://www.uni-corvinus.hu/tantargyak/PHNKP013?semester=2024/25/2
Oktatási kredit 3.,6,Prof.Dr. Nagy Beáta,magyar,https://www.uni-corvinus.hu/tantargyak/PHSZK010?semester=2024/25/2
Oktatási kredit 3.,6,Fertő Imre,magyar,https://www.uni-corvinus.hu/tantargyak/PHG013?semester=2024/25/2
Oktatási kredit 4.,6,Dr. Csóka Péter,magyar,https://www.uni-corvinus.hu/tantargyak/PHKGI011?semester=2024/25/2
Oktatási kredit 4.,6,Dr. Benczes István Zsolt,magyar,https://www.uni-corvinus.hu/tantargyak/PHNKP014?semester=2024/25/2
Oktatási kredit 4.,6,Prof.Dr. Nagy Beáta,magyar,https://www.uni-corvinus.hu/tantargyak/PHSZK011?semester=2024/25/2
Oktatási kredit 4.,6,Fertő Imre,magyar,https://www.uni-corvinus.hu/tantargyak/PHG014?semester=2024/25/2
Oktatási kredit 5.,6,Dr. Benczes István Zsolt,magyar,https://www.uni-corvinus.hu/tantargyak/PHNKP015?semester=2024/25/2
Oktatási kredit 5.,6,Prof.Dr. Nagy Beáta,magyar,https://www.uni-corvinus.hu/tantargyak/PHSZK012?semester=2024/25/2
Oktatási kredit 5.,6,Fertő Imre,magyar,https://www.uni-corvinus.hu/tantargyak/PHG015?semester=2024/25/2
Oktatási kredit 6.,6,Dr. Csóka Péter,magyar,https://www.uni-corvinus.hu/tantargyak/PHKGI013?semester=2024/25/2
Oktatási kredit 6.,6,Dr. Benczes István Zsolt,magyar,https://www.uni-corvinus.hu/tantargyak/PHNKP016?semester=2024/25/2
Oktatási kredit 6.,6,Prof.Dr. Nagy Beáta,magyar,https://www.uni-corvinus.hu/tantargyak/PHSZK013?semester=2024/25/2
Oktatási kredit 6.,6,Fertő Imre,magyar,https://www.uni-corvinus.hu/tantargyak/PHG016?semester=2024/25/2
Oktatási kredit 7.,6,Dr. Benczes István Zsolt,magyar,https://www.uni-corvinus.hu/tantargyak/PHNKP017?semester=2024/25/2
Oktatási kredit 7.,6,Prof.Dr. Nagy Beáta,magyar,https://www.uni-corvinus.hu/tantargyak/PHSZK014?semester=2024/25/2
Oktatási kredit 7.,6,Fertő Imre,magyar,https://www.uni-corvinus.hu/tantargyak/PHG017?semester=2024/25/2
Oktatási kredit 8.,6,Dr. Csóka Péter,magyar,https://www.uni-corvinus.hu/tantargyak/PHKGI015?semester=2024/25/2
Oktatási kredit 8.,6,Dr. Benczes István Zsolt,magyar,https://www.uni-corvinus.hu/tantargyak/PHNKP018?semester=2024/25/2
Oktatási kredit 8.,6,Prof.Dr. Nagy Beáta,magyar,https://www.uni-corvinus.hu/tantargyak/PHSZK015?semester=2024/25/2
Oktatási kredit 8.,6,Fertő Imre,magyar,https://www.uni-corvinus.hu/tantargyak/PHG018?semester=2024/25/2
Oktatási rendszer és oktatáspolitika,3,Dr. Veres Pál,magyar,https://www.uni-corvinus.hu/tantargyak/4OG33NAV20B?semester=2019/20/2
Oktatási rendszer és oktatáspolitika,3,Dr. Pásztor Adél,magyar,https://www.uni-corvinus.hu/tantargyak/KOZNXV4OG32?semester=2022/23/2
Oktatásirányítási és jogi projekt,5,Csillik Olga,magyar,https://www.uni-corvinus.hu/tantargyak/7TD50LAKH4S?semester=2020/21/1
Oktatásszervezési kredit 2.,2,Dr. Csóka Péter,magyar,https://www.uni-corvinus.hu/tantargyak/PHKGI017?semester=2024/25/2
Oktatásszervezési kredit 2.,2,Dr. Benczes István Zsolt,magyar,https://www.uni-corvinus.hu/tantargyak/PHNKP020?semester=2024/25/2
Oktatásszervezési kredit 2.,2,Prof.Dr. Nagy Beáta,magyar,https://www.uni-corvinus.hu/tantargyak/PHSZK017?semester=2024/25/2
Oktatásszervezési kredit 2.,2,Fertő Imre,magyar,https://www.uni-corvinus.hu/tantargyak/PHG019?semester=2024/25/2
Oktatásszervezési kredit 3.,2,Dr. Benczes István Zsolt,magyar,https://www.uni-corvinus.hu/tantargyak/PHNKP021?semester=2024/25/2
Oktatásszervezési kredit 3.,2,Prof.Dr. Nagy Beáta,magyar,https://www.uni-corvinus.hu/tantargyak/PHSZK018?semester=2024/25/2
Oktatásszervezési kredit 3.,2,Fertő Imre,magyar,https://www.uni-corvinus.hu/tantargyak/PHG020?semester=2024/25/2
Oktatásszervezési kredit 4.,2,Dr. Csóka Péter,magyar,https://www.uni-corvinus.hu/tantargyak/PHKGI019?semester=2024/25/2
Oktatásszervezési kredit 4.,2,Dr. Benczes István Zsolt,magyar,https://www.uni-corvinus.hu/tantargyak/PHNKP022?semester=2024/25/2
Oktatásszervezési kredit 4.,2,Prof.Dr. Nagy Beáta,magyar,https://www.uni-corvinus.hu/tantargyak/PHSZK019?semester=2024/25/2
Oktatásszervezési kredit 4.,2,Fertő Imre,magyar,https://www.uni-corvinus.hu/tantargyak/PHG021?semester=2024/25/2
Oktatásszervezési kredit 5.,2,Dr. Benczes István Zsolt,magyar,https://www.uni-corvinus.hu/tantargyak/PHNKP023?semester=2024/25/2
Oktatásszervezési kredit 5.,2,Prof.Dr. Nagy Beáta,magyar,https://www.uni-corvinus.hu/tantargyak/PHSZK020?semester=2024/25/2
Oktatásszervezési kredit 5.,2,Fertő Imre,magyar,https://www.uni-corvinus.hu/tantargyak/PHG022?semester=2024/25/2
Oktatásszervezési kredit 6.,2,Fertő Imre,magyar,https://www.uni-corvinus.hu/tantargyak/PHG023?semester=2024/25/2
Oktatásszervezési kredit 6.,2,Dr. Csóka Péter,magyar,https://www.uni-corvinus.hu/tantargyak/PHKGI021?semester=2024/25/2
Oktatásszervezési kredit 6.,2,Dr. Benczes István Zsolt,magyar,https://www.uni-corvinus.hu/tantargyak/PHNKP024?semester=2024/25/2
Oktatásszervezési kredit 6.,2,Prof.Dr. Nagy Beáta,magyar,https://www.uni-corvinus.hu/tantargyak/PHSZK021?semester=2024/25/2
Oktatásszervezési kredit 7.,2,Fertő Imre,magyar,https://www.uni-corvinus.hu/tantargyak/PHG024?semester=2024/25/2
Oktatásszervezési kredit 7.,2,Prof.Dr. Nagy Beáta,magyar,https://www.uni-corvinus.hu/tantargyak/PHSZK022?semester=2024/25/2
Oktatásszervezési kredit 7.,2,Dr. Benczes István Zsolt,magyar,https://www.uni-corvinus.hu/tantargyak/PHNKP025?semester=2024/25/2
Oktatásszervezési kredit 8.,2,Dr. Csóka Péter,magyar,https://www.uni-corvinus.hu/tantargyak/PHKGI023?semester=2024/25/2
Oktatásszervezési kredit 8.,2,Dr. Benczes István Zsolt,magyar,https://www.uni-corvinus.hu/tantargyak/PHNKP026?semester=2024/25/2
Oktatásszervezési kredit 8.,2,Prof.Dr. Nagy Beáta,magyar,https://www.uni-corvinus.hu/tantargyak/PHSZK023?semester=2024/25/2
Oktatásszervezési kredit 8.,2,Fertő Imre,magyar,https://www.uni-corvinus.hu/tantargyak/PHG025?semester=2024/25/2
Olasz (A1/1 szint t.mentes),3,Dr. Tekulics Judit,magyar,https://www.uni-corvinus.hu/tantargyak/IOK0210OLAA?semester=2024/25/2
Olasz (A1/1 szint térítéses),magyar,Dr. Tekulics Judit,magyar,https://www.uni-corvinus.hu/tantargyak/IOK0211OLAA?semester=2024/25/2
Olasz (A2/1 szint t.mentes),3,Dr. Tekulics Judit,egyéb,https://www.uni-corvinus.hu/tantargyak/IOK0214OLAA?semester=2023/24/2
Olasz (A2/1 szint térítéses),egyéb,Dr. Tekulics Judit,magyar,https://www.uni-corvinus.hu/tantargyak/IOK0215OLAA?semester=2023/24/2
Olasz (A2/2 szint t.mentes),3,Dr. Tekulics Judit,egyéb,https://www.uni-corvinus.hu/tantargyak/IOK0216OLAA?semester=2024/25/2
Olasz (A2/2 szint térítéses),magyar,Dr. Tekulics Judit,egyéb,https://www.uni-corvinus.hu/tantargyak/IOK0217OLAA?semester=2024/25/2
"Olasz (ált., felső, t.mentes)/1",3,Dr. Tekulics Judit,egyéb,https://www.uni-corvinus.hu/tantargyak/7IL50NNV63B?semester=2022/23/1
"Olasz (ált., felső, t.mentes)/1",3,Dr. Tekulics Judit,magyar,https://www.uni-corvinus.hu/tantargyak/IOK0206OLAF?semester=2023/24/1
"Olasz (ált., felső, térítéses)/2",egyéb,Dr. Tekulics Judit,magyar,https://www.uni-corvinus.hu/tantargyak/7IL50NNV62B?semester=2021/22/2
"Olasz (ált., felső, térítéses)/2",magyar,Dr. Tekulics Judit,egyéb,https://www.uni-corvinus.hu/tantargyak/IOK0209OLAF?semester=2024/25/2
"Olasz (gazdasági előkészítő B1, t.mentes)/1",3,Dr. Tekulics Judit,egyéb,https://www.uni-corvinus.hu/tantargyak/IOK0218OLGE?semester=2024/25/2
"Olasz (gazdasági előkészítő B1, t.mentes)/2",3,Dr. Tekulics Judit,magyar,https://www.uni-corvinus.hu/tantargyak/IOK0220OLGE?semester=2022/23/2
"Olasz (gazdasági, felső, térítéses)/2",magyar,Dr. Tekulics Judit,egyéb,https://www.uni-corvinus.hu/tantargyak/IOK0227OLGF?semester=2024/25/2
"Olasz (gazdasági, közép, t.mentes)/1",3,Dr. Tekulics Judit,egyéb,https://www.uni-corvinus.hu/tantargyak/IOK0222OLGK?semester=2023/24/1
"Olasz (gazdasági, közép, t.mentes)/2",3,Dr. Tekulics Judit,magyar,https://www.uni-corvinus.hu/tantargyak/IOK0228OLGK?semester=2023/24/2
"Olasz (gazdasági, közép, térítéses)/2",egyéb,Dr. Tekulics Judit,egyéb,https://www.uni-corvinus.hu/tantargyak/IOK0229OLGK?semester=2023/24/2
"Olasz (szakmai előkészítő, t.mentes)/1",3,Dr. Tekulics Judit,egyéb,https://www.uni-corvinus.hu/tantargyak/7IL50NNV67B?semester=2021/22/2
"Olasz (szakmai előkészítő, t.mentes)/2",3,Dr. Tekulics Judit,egyéb,https://www.uni-corvinus.hu/tantargyak/7IL50NNV68B?semester=2021/22/2
"Olasz (szakmai, felső, térítéses)/1",egyéb,Dr. Tekulics Judit,egyéb,https://www.uni-corvinus.hu/tantargyak/7IL50NNV69B?semester=2022/23/1
"Olasz (szakmai, felső, térítéses)/2",egyéb,Dr. Tekulics Judit,egyéb,https://www.uni-corvinus.hu/tantargyak/7IL50NNV70B?semester=2021/22/2
"Olasz (szakmai, közép, t.mentes)/1",3,Dr. Tekulics Judit,magyar,https://www.uni-corvinus.hu/tantargyak/7IL50NNV75B?semester=2022/23/1
"Olasz (szakmai, közép, t.mentes)/2",3,Dr. Tekulics Judit,magyar,https://www.uni-corvinus.hu/tantargyak/7IL50NNV76B?semester=2021/22/2
"Olasz (szakmai, közép, térítéses)/1",egyéb,Dr. Tekulics Judit,magyar,https://www.uni-corvinus.hu/tantargyak/7IL50NNV73B?semester=2022/23/1
"Olasz (szakmai, közép, térítéses)/2",egyéb,Dr. Tekulics Judit,magyar,https://www.uni-corvinus.hu/tantargyak/7IL50NNV74B?semester=2021/22/2
Online and Digital Marketing,6,Dr. Habil. Varga Ákos,magyar,https://www.uni-corvinus.hu/tantargyak/293NMARV649M?semester=2025/26/1
Online and Digital Marketing,6,Dr. Habil. Varga Ákos,egyéb,https://www.uni-corvinus.hu/tantargyak/2SM95NAV04M?semester=2020/21/1
Online Customer Behavior,6,Dr. Jackson Kevin Michael,magyar,https://www.uni-corvinus.hu/tantargyak/MAMF027NABB?semester=2025/26/1
Online felhasználói magatartás,6,Dr. Mucsi Attila,magyar,https://www.uni-corvinus.hu/tantargyak/MAMF011NMBB?semester=2025/26/1
Online iroda,magyar,Dr. Habil. Varga Ákos,magyar,https://www.uni-corvinus.hu/tantargyak/2SZ31NAV03B?semester=2019/20/2
Online marketing alapismeretek,3,Dr. Komár Zita,magyar,https://www.uni-corvinus.hu/tantargyak/2ME43NAK04B?semester=2020/21/1
Online Marketing Communications Business Project,6,Dr. Cserdi Zsófia Hajnalka,magyar,https://www.uni-corvinus.hu/tantargyak/MARK082NAMB?semester=2024/25/2
Online Shopping Trends,6,Dr. Gálik Mihály,magyar,https://www.uni-corvinus.hu/tantargyak/MAMF028NABB?semester=2025/26/1
Online szövegolvasás – Kutatási kredit,4,Dr. Cserdi Zsófia Hajnalka,magyar,https://www.uni-corvinus.hu/tantargyak/PHTK_ONLINE?semester=2019/20/2
Önmenedzselés és kommunikáció,3,Dobó István,magyar,https://www.uni-corvinus.hu/tantargyak/7PE20NDVI5B?semester=2019/20/2
Open Economy Macroeconomics,5,Szabó-Bakos Eszter,magyar,https://www.uni-corvinus.hu/tantargyak/KG00041NAMB?semester=2025/26/1
Open Economy Macroeconomics,6,Dr. Major Klára,magyar,https://www.uni-corvinus.hu/tantargyak/KOZG102NAMB?semester=2025/26/1
Open-Economy Macroeconomics,6,Dr. Németh Petra,magyar,https://www.uni-corvinus.hu/tantargyak/KG00065NABB?semester=2024/25/2
Operációkutatás,5,Benedek Márton,magyar,https://www.uni-corvinus.hu/tantargyak/4OP13NAK01B?semester=2025/26/1
Operációkutatás,4,Dr. Solymosi István Tamás,magyar,https://www.uni-corvinus.hu/tantargyak/4OP13NAK20B?semester=2020/21/1
Operációkutatás,4,Dr. Banyár József,magyar,https://www.uni-corvinus.hu/tantargyak/2LK95LAK13B?semester=2020/21/2
Operációkutatás,4,Ábele-Nagy Kristóf,magyar,https://www.uni-corvinus.hu/tantargyak/4OP13NAK13SB?semester=2020/21/1
Operációkutatás,magyar,Benedek Márton,magyar,https://www.uni-corvinus.hu/tantargyak/KMI/SPOMdb/OPV/16 ?semester=2025/26/1
Operációkutatás I.,5,Dr. Temesi József,magyar,https://www.uni-corvinus.hu/tantargyak/4OP13NAK03B?semester=2019/20/2
Operációkutatás I.,5,Dr. Eisenberg-Nagy Marianna,magyar,https://www.uni-corvinus.hu/tantargyak/4OP13NAK02O?semester=2020/21/1
Operációkutatás II.,5,Dr. Illés Tibor,magyar,https://www.uni-corvinus.hu/tantargyak/4OP13NAK03O?semester=2025/26/1
Operációkutatás üzleti alkalmazásai,6,Ábele-Nagy Kristóf,magyar,https://www.uni-corvinus.hu/tantargyak/MSOA048NMBB?semester=2025/26/1
Operációkutatási modellek I.,6,Dr. Bozóki Sándor,magyar,https://www.uni-corvinus.hu/tantargyak/4OP13NAK24B?semester=2020/21/1
Operációkutatási modellek II.,6,Dr. Bozóki Sándor,magyar,https://www.uni-corvinus.hu/tantargyak/4OP13NAK26B?semester=2025/26/1
Operációkutatási módszerek,5,Ágoston Kolos Csaba,magyar,https://www.uni-corvinus.hu/tantargyak/4OP13NAV17M?semester=2024/25/2
Operációs rendszerek,5,Dr. Trinh Anh Tuan,magyar,https://www.uni-corvinus.hu/tantargyak/2SZ31NAK08B?semester=2020/21/2
Operációs rendszerek,5,Dr. Trinh Anh Tuan,magyar,https://www.uni-corvinus.hu/tantargyak/2LK95LAK76B?semester=2020/21/2
Operations and Process Management,6,Demeter Krisztina,magyar,https://www.uni-corvinus.hu/tantargyak/VGLE044NAMB?semester=2024/25/2
Operations Management,6,Demeter Krisztina,magyar,https://www.uni-corvinus.hu/tantargyak/293NOPRK313B?semester=2025/26/1
Operations Research,4,Dr. Solymosi István Tamás,angol,https://www.uni-corvinus.hu/tantargyak/4OP13NAK22B?semester=2019/20/2
Operations Research,6,Dr. Biró Péter,magyar,https://www.uni-corvinus.hu/tantargyak/4OP13NAK28B?semester=2025/26/1
Operations Research,6,Ábele-Nagy Kristóf,magyar,https://www.uni-corvinus.hu/tantargyak/OPDO009NAMB?semester=2025/26/1
Operations Research and Nonlinear Optimization,5,Dr. Illés Tibor,magyar,https://www.uni-corvinus.hu/tantargyak/PHKGI062?semester=2025/26/1
Operations Research and Nonlinear Optimization,5,Dr. Illés Tibor,magyar,https://www.uni-corvinus.hu/tantargyak/PHKGI076?semester=2025/26/1
Operatív beszerzés és tervezés,6,Jámbor Zsófia,magyar,https://www.uni-corvinus.hu/tantargyak/VGLE020NMBB?semester=2024/25/2
Operatív beszerzés és tervezés,6,Jámbor Zsófia,magyar,https://www.uni-corvinus.hu/tantargyak/VGLE026LMBB ?semester=2025/26/1
Operatív intézményvezetés,3,Dr. Köpeczi Bócz Tamás,magyar,https://www.uni-corvinus.hu/tantargyak/7PE20LAK90S?semester=2020/21/1
Optimalizálási modellgyakorlatok,3,Dr. Temesi József,magyar,https://www.uni-corvinus.hu/tantargyak/4OP13NAK05B?semester=2019/20/2
Optimumszámítás (IMP-SKM),6,Dr. Szabó Imre,magyar,https://www.uni-corvinus.hu/tantargyak/4MA12NAK40B?semester=2025/26/1
Órai megfigyelések módszertana,3,Dr. Daruka Magdolna,magyar,https://www.uni-corvinus.hu/tantargyak/7PE20LAKE7S?semester=2019/20/2
Oral and written communication in the global workplace,5,Philip Jeffrey Saxon,angol,https://www.uni-corvinus.hu/tantargyak/7IL50NGV09M?semester=2019/20/2
Organisation Theory,3,Hidegh Anna Laura,magyar,https://www.uni-corvinus.hu/tantargyak/VEZ0099NAMB?semester=2025/26/1
Organisational Behavior and Design,6,Dr. Szilas Roland Ferenc,magyar,https://www.uni-corvinus.hu/tantargyak/293NMANS781M?semester=2025/26/1
Organisational Behaviour,3,Dr. Szilas Roland Ferenc,angol,https://www.uni-corvinus.hu/tantargyak/2VE81NBK03B?semester=2019/20/2
Organisational behaviour and organisational development,6,Dr. Takács Sándor,magyar,https://www.uni-corvinus.hu/tantargyak/VEZ0003LASB?semester=2024/25/2
Organisational Culture and Conflict,5,Dr. Szabó Júlia (Sipos Júlia),magyar,https://www.uni-corvinus.hu/tantargyak/7PE20NXKK4M?semester=2025/26/1
Organisational Development,5,Dr. Bodnár Éva,magyar,https://www.uni-corvinus.hu/tantargyak/7PE20NXKH8M?semester=2025/26/1
Organization Theories,6,Hidegh Anna Laura,magyar,https://www.uni-corvinus.hu/tantargyak/VTVK050NAMB?semester=2025/26/1
Organizational Behavior,6,Dr. Sass Judit Gabriella,magyar,https://www.uni-corvinus.hu/tantargyak/7PE20NAKL6M?semester=2025/26/1
Organizational Behaviour and Human Resource Management,5,Dr. Takács Sándor,magyar,https://www.uni-corvinus.hu/tantargyak/VEZ0050LASB?semester=2024/25/2
Organizational Behaviour and Team Building,5,Dr. Takács Sándor,magyar,https://www.uni-corvinus.hu/tantargyak/VTSM112LASB?semester=2025/26/1
Organizational Communication,3,Dr. Pásztor Sabrina Kim,angol,https://www.uni-corvinus.hu/tantargyak/7PE20NGKD9B?semester=2020/21/1
Organizational Research Methods,6,Dr. Primecz Henriett,magyar,https://www.uni-corvinus.hu/tantargyak/VTSM085NAPB?semester=2024/25/2
Organizational Theory and Behavior,6,Dr. Dunavölgyi Mária,magyar,https://www.uni-corvinus.hu/tantargyak/293NMANK481B?semester=2025/26/1
Organizational Theory and Behaviour,6,Juhászné Dr. Klér Andrea,magyar,https://www.uni-corvinus.hu/tantargyak/7PE20NGKE4B?semester=2025/26/1
"Organizations, Management and Gender",6,Prof.Dr. Nagy Beáta,magyar,https://www.uni-corvinus.hu/tantargyak/7SO30NCKQ3M?semester=2025/26/1
Örökségturizmus menedzsment,5,Dr. Jászberényi Melinda,magyar,https://www.uni-corvinus.hu/tantargyak/2MA41NAV03M?semester=2025/26/1
Orosz (A1/1 szint t.mentes),3,Dr. Mágocsi Nyina,magyar,https://www.uni-corvinus.hu/tantargyak/IOK0238ORAA?semester=2024/25/2
Orosz (A1/1 szint térítéses),magyar,Dr. Mágocsi Nyina,magyar,https://www.uni-corvinus.hu/tantargyak/IOK0239ORAA?semester=2024/25/2
Orosz (A1/2 szint t.mentes),3,Dr. Mágocsi Nyina,egyéb,https://www.uni-corvinus.hu/tantargyak/IOK0240ORAA?semester=2024/25/2
Orosz (A1/2 szint térítéses),magyar,Dr. Mágocsi Nyina,magyar,https://www.uni-corvinus.hu/tantargyak/IOK0241ORAA?semester=2024/25/2
Orosz (A2/1 szint t.mentes),3,Dr. Mágocsi Nyina,magyar,https://www.uni-corvinus.hu/tantargyak/IOK0242ORAA?semester=2024/25/1
Orosz (A2/1 szint térítéses),egyéb,Dr. Mágocsi Nyina,egyéb,https://www.uni-corvinus.hu/tantargyak/IOK0243ORAA?semester=2024/25/1
Orosz (A2/2 szint t.mentes),3,Dr. Mágocsi Nyina,egyéb,https://www.uni-corvinus.hu/tantargyak/IOK0244ORAA?semester=2024/25/2
"Orosz (ált., felső, t.mentes)/2",3,Dr. Mágocsi Nyina,magyar,https://www.uni-corvinus.hu/tantargyak/IOK0248ORAF?semester=2024/25/2
"Orosz (ált., felső, térítéses)/1",magyar,Dr. Mágocsi Nyina,egyéb,https://www.uni-corvinus.hu/tantargyak/7IL50NNVD5B?semester=2022/23/1
"Orosz (ált., felső, térítéses)/1",egyéb,Dr. Mágocsi Nyina,magyar,https://www.uni-corvinus.hu/tantargyak/IOK0247ORAF?semester=2024/25/1
"Orosz (ált., felső, térítéses)/2",egyéb,Dr. Mágocsi Nyina,magyar,https://www.uni-corvinus.hu/tantargyak/7IL50NNVD6B?semester=2021/22/2
"Orosz (gazdasági, felső, t.mentes)/2",3,Dr. Mágocsi Nyina,magyar,https://www.uni-corvinus.hu/tantargyak/IOK0256ORGF?semester=2024/25/2
"Orosz (gazdasági, felső, térítéses)/1",egyéb,Dr. Mágocsi Nyina,egyéb,https://www.uni-corvinus.hu/tantargyak/IOK0255ORGF?semester=2024/25/1
"Orosz (gazdasági, felső, térítéses)/2",magyar,Dr. Mágocsi Nyina,magyar,https://www.uni-corvinus.hu/tantargyak/IOK0257ORGF?semester=2024/25/2
"Orosz (gazdasági, közép, t.mentes)/1",3,Dr. Mágocsi Nyina,egyéb,https://www.uni-corvinus.hu/tantargyak/IOK0258ORGK?semester=2024/25/1
"Orosz (gazdasági, közép, t.mentes)/2",3,Dr. Mágocsi Nyina,magyar,https://www.uni-corvinus.hu/tantargyak/IOK0260ORGK?semester=2024/25/2
Orosz (nemzetközi kapcs.felsőfok térítéses)/2,magyar,Dr. Mágocsi Nyina,egyéb,https://www.uni-corvinus.hu/tantargyak/IOK0265ORNF?semester=2024/25/2
Orosz (nemzetközi kapcs.középfok t.mentes)/1,3,Dr. Mágocsi Nyina,magyar,https://www.uni-corvinus.hu/tantargyak/IOK0266ORNK?semester=2024/25/1
Orosz (nemzetközi kapcs.középfok t.mentes)/2,3,Dr. Mágocsi Nyina,magyar,https://www.uni-corvinus.hu/tantargyak/IOK0268ORNK?semester=2024/25/2
Orosz (nemzetközi kapcs.középfok térítéses)/1,magyar,Dr. Mágocsi Nyina,magyar,https://www.uni-corvinus.hu/tantargyak/IOK0267ORNK?semester=2024/25/1
Orosz (nemzetközi kapcs.középfok térítéses)/2,magyar,Dr. Mágocsi Nyina,magyar,https://www.uni-corvinus.hu/tantargyak/IOK0269ORNK?semester=2024/25/2
"Orosz (szakmai, felső, t.mentes)/2",3,Dr. Mágocsi Nyina,egyéb,https://www.uni-corvinus.hu/tantargyak/7IL50NNV84B?semester=2021/22/2
"Orosz (szakmai, felső, térítéses)/1",magyar,Dr. Mágocsi Nyina,magyar,https://www.uni-corvinus.hu/tantargyak/7IL50NNV81B?semester=2022/23/1
"Orosz (szakmai, felső, térítéses)/2",egyéb,Dr. Mágocsi Nyina,egyéb,https://www.uni-corvinus.hu/tantargyak/7IL50NNV82B?semester=2021/22/2
"Orosz (szakmai, közép, t.mentes)/1",3,Dr. Mágocsi Nyina,magyar,https://www.uni-corvinus.hu/tantargyak/7IL50NNV87B?semester=2022/23/1
Összefüggő egyéni szakmai gyakorlat,30,Dr. Pfister Éva,magyar,https://www.uni-corvinus.hu/tantargyak/7PE20LPK88M?semester=2019/20/2
Összefüggő egyéni szakmai gyakorlat,16,Dr. Lukács János,magyar,https://www.uni-corvinus.hu/tantargyak/7PE20LPKB5M?semester=2024/25/2
Összefüggő egyéni szakmai gyakorlat I.,18,Dr. Pfister Éva,magyar,https://www.uni-corvinus.hu/tantargyak/7PE20LPKC3M?semester=2020/21/1
Összefüggő egyéni szakmai gyakorlat II.,16,Dr. Pfister Éva,magyar,https://www.uni-corvinus.hu/tantargyak/7PE20LPKC4M?semester=2020/21/2
Összehasonlító alkotmányjog,3,Dr. Ványi Éva,magyar,https://www.uni-corvinus.hu/tantargyak/7PO10NBK13M?semester=2019/20/2
Összehasonlító alkotmányjog,3,dr. Hoffmann Tamás,magyar,https://www.uni-corvinus.hu/tantargyak/7NK40NDKJ7M?semester=2019/20/2
Összehasonlító alkotmányjog,3,dr. Hoffmann Tamás,magyar,https://www.uni-corvinus.hu/tantargyak/7NK40NDKJ7B?semester=2021/22/2
Összehasonlító gazdaságtan,3,Dr. Rosta Miklós,magyar,https://www.uni-corvinus.hu/tantargyak/4OG33NAK03B?semester=2024/25/2
Összehasonlító gazdaságtan,magyar,Dr. Rosta Miklós,magyar,https://www.uni-corvinus.hu/tantargyak/4OG33NAK05B?semester=2019/20/2
Összehasonlító közgazdaságtan,3,Dr. Rosta Miklós,magyar,https://www.uni-corvinus.hu/tantargyak/4OG33NAK37M?semester=2020/21/1
Összehasonlító közigazgatási jog,6,Dr. Gajduschek György,magyar,https://www.uni-corvinus.hu/tantargyak/4KO03NBK54M?semester=2025/26/1
Összehasonlító közigazgatási jog,6,Dr. Gajduschek György,magyar,https://www.uni-corvinus.hu/tantargyak/4KO03LBK70M?semester=2020/21/1
Összehasonlító közigazgatástan,6,Dr. Gajduschek György,magyar,https://www.uni-corvinus.hu/tantargyak/4KO03NBK21M?semester=2020/21/1
Összehasonlító önkormányzati pénzügyek,5,Dr. Rosta Miklós,magyar,https://www.uni-corvinus.hu/tantargyak/4OG33NEK30M?semester=2019/20/2
Összehasonlító önkormányzati rendszerek,6,Dr. Rosta Miklós,magyar,https://www.uni-corvinus.hu/tantargyak/4OG33NAV22M?semester=2025/26/1
Összehasonlító önkormányzati rendszerek,3,Dr. Gajduschek György,magyar,https://www.uni-corvinus.hu/tantargyak/KOZNXV4OG40?semester=2020/21/1
Összehasonlító politikatudomány,3,Dr. Dúró József,magyar,https://www.uni-corvinus.hu/tantargyak/7PO10NCK90B?semester=2024/25/1
Összehasonlító politikatudomány,3,Dr. Dúró József,magyar,https://www.uni-corvinus.hu/tantargyak/7PO10NCV90M?semester=2019/20/2
Összehasonlító politológia,3,Dr. Dúró József,magyar,https://www.uni-corvinus.hu/tantargyak/7PO10NCK32B?semester=2019/20/2
Osztályfőnöki munka,3,Dr. Daruka Magdolna,magyar,https://www.uni-corvinus.hu/tantargyak/7TD50LPK16M?semester=2020/21/1
Osztályfőnöki szerep támogatása,3,Dr. Pfister Éva,magyar,https://www.uni-corvinus.hu/tantargyak/7PE20LAKE6S?semester=2020/21/1
Osztozkodáselmélet,3,Dr. Tasnádi Attila,magyar,https://www.uni-corvinus.hu/tantargyak/MSMT039NMOB?semester=2025/26/1
Osztrák-magyar külpolitika,3,Tefner Zoltán,magyar,https://www.uni-corvinus.hu/tantargyak/7SO30NDVC2B?semester=2019/20/2
P&G Trade Marketing & Commercial Strategies Master Class,5,Dr. Gyulavári Tamás,magyar,https://www.uni-corvinus.hu/tantargyak/MARK090NMBB?semester=2025/26/1
P&G Trade Marketing & Commercial Strategies Master Class,6,Dr. Gyulavári Tamás,magyar,https://www.uni-corvinus.hu/tantargyak/MARK151NMBB?semester=2025/26/1
P&G Trade Marketing Master Class,3,Dr. Gyulavári Tamás,egyéb,https://www.uni-corvinus.hu/tantargyak/2ME43NAV14M?semester=2020/21/1
Pályázati menedzsment,3,Dr. Fekete István,egyéb,https://www.uni-corvinus.hu/tantargyak/2SP72NAV03M?semester=2020/21/1
"Pályázatírás, projektvezetés",3,Dr. Fekete István,magyar,https://www.uni-corvinus.hu/tantargyak/7PO10NDK56M?semester=2021/22/1
Participatory Decision Making,6,Dr. Kiss Gabriella Katalin,magyar,https://www.uni-corvinus.hu/tantargyak/PHG090?semester=2024/25/2
Participatory Research Methods,6,Matolay Réka,magyar,https://www.uni-corvinus.hu/tantargyak/7SO30NHKJ1M?semester=2025/26/1
Pártok és pártrendszerek,6,Dr. Metz Rudolf Tamás,magyar,https://www.uni-corvinus.hu/tantargyak/7PO10NCK81B?semester=2024/25/2
Pártok és pártrendszerek,6,Dr. Várnagy Réka,magyar,https://www.uni-corvinus.hu/tantargyak/7PO10NCV81M?semester=2025/26/1
PDP Anchoring Workshop,3,Dr. Rácz András,angol,https://www.uni-corvinus.hu/tantargyak/2SM95LAK36D?semester=2020/21/1
"Peace, Security and Conflict Studies",4,Csillik Olga,magyar,https://www.uni-corvinus.hu/tantargyak/7NK40NFV16M?semester=2019/20/2
Pedagógiai innováció,2,Vizdák Károly,magyar,https://www.uni-corvinus.hu/tantargyak/7PE20LAK93S?semester=2019/20/2
Pedagógiai kutatások,3,Csillik Olga,magyar,https://www.uni-corvinus.hu/tantargyak/7TD50LPK07M?semester=2021/22/1
Pedagógiai pszichológia,2,Juhászné Dr. Klér Andrea,magyar,https://www.uni-corvinus.hu/tantargyak/7PE20LPK81M?semester=2019/20/2
Pedagógiai szociálpszichológia,3,Dr. Pfister Éva,magyar,https://www.uni-corvinus.hu/tantargyak/7PE20LPKB1M?semester=2021/22/2
Pedagóguspálya,2,Dr. Daruka Magdolna,magyar,https://www.uni-corvinus.hu/tantargyak/7PE20LPK99M?semester=2021/22/1
Pénz ? Piac – Profit?,3,Dr. Gulyás Éva,magyar,https://www.uni-corvinus.hu/tantargyak/SZAM052NMBB?semester=2024/25/1
Pénz és bankrendszer,6,Dr. Tamásné Vőneki Zsuzsanna,magyar,https://www.uni-corvinus.hu/tantargyak/PSPE039NMBB?semester=2024/25/2
"Pénz-, és tőkepiac",6,Dr. Szűcs Balázs Árpád,magyar,https://www.uni-corvinus.hu/tantargyak/PSBV042NMBB?semester=2025/26/1
"Pénz-, és tőkepiac",6,Dr. Szűcs Balázs Árpád,magyar,https://www.uni-corvinus.hu/tantargyak/PSBV042NMBB-SPM?semester=2024/25/2
Pénzelmélet és pénzügyi modellek,5,Dr. Bánfi Tamás,magyar,https://www.uni-corvinus.hu/tantargyak/4PU51EAV41M?semester=2019/20/2
"Pénzelmélet-történet, pénztörténet",4,Dr. Varga József,magyar,https://www.uni-corvinus.hu/tantargyak/4PU51NAK04O?semester=2025/26/1
"Pénzelmélet, pénzügyi modellek",5,Dr. Bánfi Tamás,magyar,https://www.uni-corvinus.hu/tantargyak/4PU51NAK18M?semester=2025/26/1
"Pénzelmélet, pénzügyi modellek",6,Dr. Bánfi Tamás,magyar,https://www.uni-corvinus.hu/tantargyak/4PU51NAK26M?semester=2025/26/1
Pénzügy (előkészítő),5,Dr. Varga Erzsébet Teréz,magyar,https://www.uni-corvinus.hu/tantargyak/PSPE021LMEB?semester=2025/26/1
Pénzügyek és monetáris politika,3,Dr. Sebestyén Géza,magyar,https://www.uni-corvinus.hu/tantargyak/4MNBNAK27M?semester=2021/22/2
Pénzügyek és monetáris politika,3,Dr. Sebestyén Géza,magyar,https://www.uni-corvinus.hu/tantargyak/4MNBLSZ27M?semester=2021/22/2
Pénzügyes nézet,3,Dr. Kürthy Gábor,magyar,https://www.uni-corvinus.hu/tantargyak/4PU51NAV40M?semester=2019/20/2
Pénzügyi adatelemzés,6,Badics Milán Csaba,magyar,https://www.uni-corvinus.hu/tantargyak/PSBV049NMBB?semester=2024/25/2
Pénzügyi alapismeretek,3,Dr. Kürthy Gábor,magyar,https://www.uni-corvinus.hu/tantargyak/4PU51NAK01F?semester=2020/21/2
Pénzügyi alapszigorlat,magyar,Dr. Varga Erzsébet Teréz,magyar,https://www.uni-corvinus.hu/tantargyak/SZIG_PU_GPME?semester=2024/25/2
Pénzügyi beszámolók összeállítása (projekt tárgy),6,Dr. Lukács János,magyar,https://www.uni-corvinus.hu/tantargyak/SZAM027NMMB?semester=2024/25/2
Pénzügyi elemzés és csődelőrejelzés,5,Dr. Virág Miklós,magyar,https://www.uni-corvinus.hu/tantargyak/2BE52NAK19M?semester=2025/26/1
Pénzügyi elemzés és csődelőrejelzés,6,Dr. Virág Miklós,magyar,https://www.uni-corvinus.hu/tantargyak/VF00090NMMB?semester=2025/26/1
Pénzügyi elmélettörténet,6,Dr. Bánfi Tamás,magyar,https://www.uni-corvinus.hu/tantargyak/4PU51EAK30M?semester=2019/20/2
Pénzügyi és finanszírozási stratégiák,6,Dr. Pintér Éva,magyar,https://www.uni-corvinus.hu/tantargyak/VF00092NMMB?semester=2025/26/1
Pénzügyi esettanulmányok,5,Dr. Kerényi Péter,magyar,https://www.uni-corvinus.hu/tantargyak/2BE52NDK08B?semester=2024/25/2
Pénzügyi esettanulmányok,5,Dr. Berlinger Edina,magyar,https://www.uni-corvinus.hu/tantargyak/2BE52NDK85SB?semester=2025/26/1
Pénzügyi esettanulmányok,4,Dr. Berlinger Edina,magyar,https://www.uni-corvinus.hu/tantargyak/2LK95LBK29B?semester=2025/26/1
Pénzügyi esettanulmányok,6,Dr. Kerényi Péter,magyar,https://www.uni-corvinus.hu/tantargyak/PSBV051NMBB?semester=2025/26/1
"Pénzügyi etika, fenntarthatóság",3,Németh-Durkó Emilia,magyar,https://www.uni-corvinus.hu/tantargyak/PSBV046NMBB?semester=2024/25/2
"Pénzügyi etika, fenntarthatóság",3,Németh-Durkó Emilia,magyar,https://www.uni-corvinus.hu/tantargyak/PENZ029NMBB?semester=2024/25/2
Pénzügyi folyamatok,3,Dr. Lovas Anita,magyar,https://www.uni-corvinus.hu/tantargyak/2BE52NAV01M?semester=2020/21/1
Pénzügyi folyamatok elemzése Matlab-bal,3,Dr. Medvedev Péter,magyar,https://www.uni-corvinus.hu/tantargyak/4MA12NAV25M?semester=2019/20/2
Pénzügyi folyamatok elemzése Matlab-ban,3,Dr. Medvedev Péter,magyar,https://www.uni-corvinus.hu/tantargyak/PHK_PÉNZÜGYI FOLY?semester=2019/20/2
Pénzügyi folyamatok II.,3,Dr. Lovas Anita,magyar,https://www.uni-corvinus.hu/tantargyak/2BE52NAV02M?semester=2021/22/2
Pénzügyi idősorok modellezése,5,Dömötör Barbara Mária,magyar,https://www.uni-corvinus.hu/tantargyak/2BE52NDV07B?semester=2025/26/1
Pénzügyi instrumentumok számvitele,5,Dr. László Norbert,magyar,https://www.uni-corvinus.hu/tantargyak/2PU51NBK07M?semester=2025/26/1
Pénzügyi instrumentumok számvitele,5,Dr. László Norbert,magyar,https://www.uni-corvinus.hu/tantargyak/2SA53EAK25M?semester=2025/26/1
Pénzügyi instrumentumok számvitele,6,Dr. László Norbert,magyar,https://www.uni-corvinus.hu/tantargyak/SZAM025NMMB?semester=2024/25/2
Pénzügyi integráció Európában,3,Dr. Benczes István Zsolt,magyar,https://www.uni-corvinus.hu/tantargyak/7NK40NDK96M?semester=2019/20/2
Pénzügyi intézményrendszer működése,5,Dr. Varga József,magyar,https://www.uni-corvinus.hu/tantargyak/4PU51EAK34M?semester=2019/20/2
Pénzügyi ismeretek,5,Dr. András Krisztina Anna,magyar,https://www.uni-corvinus.hu/tantargyak/2VL60LAK23S?semester=2021/22/2
Pénzügyi jog II.,5,Dr. Czoboly Gergely István,magyar,https://www.uni-corvinus.hu/tantargyak/2BE52NAK06M?semester=2019/20/2
Pénzügyi kimutatások,5,Dr. Lukács János,magyar,https://www.uni-corvinus.hu/tantargyak/2PU51NAK09M?semester=2025/26/1
Pénzügyi kimutatások elemzése,5,Dr. Lukács János,magyar,https://www.uni-corvinus.hu/tantargyak/2PU51NBK04M?semester=2025/26/1
Pénzügyi kimutatások elemzése,6,Dr. Lukács János,magyar,https://www.uni-corvinus.hu/tantargyak/2SA53EAK19M?semester=2025/26/1
Pénzügyi kimutatások elemzése,5,Dr. Lukács János,magyar,https://www.uni-corvinus.hu/tantargyak/2PU51EAK04M?semester=2025/26/1
Pénzügyi kimutatások és adózás,5,Dr. Lukács János,magyar,https://www.uni-corvinus.hu/tantargyak/2PU51NAK04M?semester=2019/20/2
"Pénzügyi kimutatások, éves jelentések elemzése",3,Dr. Lukács János,magyar,https://www.uni-corvinus.hu/tantargyak/SZAM017NMMB?semester=2024/25/2
Pénzügyi kimutatásokon alapuló döntések,6,Szabóné Dr. Veres Tünde,magyar,https://www.uni-corvinus.hu/tantargyak/SZAM009NMMB?semester=2024/25/2
Pénzügyi kockázatok kezelése,5,Dömötör Barbara Mária,magyar,https://www.uni-corvinus.hu/tantargyak/2BE52NBK04M?semester=2025/26/1
Pénzügyi kommunikációs gyakorlatok,3,Dr. Pesuth Tamás,magyar,https://www.uni-corvinus.hu/tantargyak/4PU51NAK09B?semester=2020/21/2
Pénzügyi kontrolling,3,Bordáné Rabóczki Mária,magyar,https://www.uni-corvinus.hu/tantargyak/2PU51NCK06M?semester=2019/20/2
Pénzügyi kontrolling,5,Bordáné Rabóczki Mária,magyar,https://www.uni-corvinus.hu/tantargyak/2SA53EAK18M?semester=2025/26/1
Pénzügyi kontrolling,5,Reizingerné Dr. Ducsai Anita,magyar,https://www.uni-corvinus.hu/tantargyak/2PU51NCK22M?semester=2021/22/1
Pénzügyi kontrolling,5,Reizingerné Dr. Ducsai Anita,magyar,https://www.uni-corvinus.hu/tantargyak/2PU51NCK26M?semester=2021/22/1
Pénzügyi közgazdaságtan,4,Dr. Szakadát László,magyar,https://www.uni-corvinus.hu/tantargyak/4MK24NAK06M?semester=2021/22/2
Pénzügyi közgazdaságtan,4,Dr. Csóka Péter,magyar,https://www.uni-corvinus.hu/tantargyak/PHK_PÜ_KÖZG?semester=2020/21/1
Pénzügyi közgazdaságtan,4,Dr. Csóka Péter,magyar,https://www.uni-corvinus.hu/tantargyak/PHK_PÜKÖ?semester=2020/21/2
Pénzügyi kultúra fejlesztése hátrányos helyzetű térségekben,3,Dr. Berlinger Edina,magyar,https://www.uni-corvinus.hu/tantargyak/2BE52NAK16B?semester=2024/25/2
Pénzügyi kultúra fejlesztése hátrányos helyzetű térségekben,3,Dr. Berlinger Edina,magyar,https://www.uni-corvinus.hu/tantargyak/2BE52NAK33M?semester=2024/25/2
Pénzügyi kutatások,3,Dr. Berlinger Edina,magyar,https://www.uni-corvinus.hu/tantargyak/2BE52NAV16M?semester=2020/21/1
Pénzügyi ökonometria,4,Illés Ferenc,magyar,https://www.uni-corvinus.hu/tantargyak/2BE52NAK12M?semester=2025/26/1
Pénzügyi piacok elemzése,magyar,Világi Balázs,magyar,https://www.uni-corvinus.hu/tantargyak/4MNBNAK02M?semester=2025/26/1
Pénzügyi piacok elemzése,5,Dr. Szűcs Balázs Árpád,magyar,https://www.uni-corvinus.hu/tantargyak/MN00023NMMB?semester=2025/26/1
Pénzügyi piacok és instrumentumok,3,Dr. Juhász Péter,magyar,https://www.uni-corvinus.hu/tantargyak/2BE52NAV04M?semester=2020/21/1
Pénzügyi Prezentációs Tréning,3,Dr. Lovas Anita,magyar,https://www.uni-corvinus.hu/tantargyak/2BE52NBK06M?semester=2021/22/1
Pénzügyi számítások,5,Dr. Lovas Anita,magyar,https://www.uni-corvinus.hu/tantargyak/2BE52NCK01B?semester=2024/25/2
Pénzügyi számítások,5,Víg Attila András,magyar,https://www.uni-corvinus.hu/tantargyak/2BE52NCK39SB?semester=2025/26/1
Pénzügyi számítások,5,Dr. Berlinger Edina,magyar,https://www.uni-corvinus.hu/tantargyak/2BE52NAK02O?semester=2025/26/1
Pénzügyi számítások,4,Víg Attila András,magyar,https://www.uni-corvinus.hu/tantargyak/2LK95LBK21B?semester=2022/23/1
Pénzügyi számítások,6,Dr. Lovas Anita,magyar,https://www.uni-corvinus.hu/tantargyak/PSBV045NMBB?semester=2025/26/1
Pénzügyi számítások,6,Dr. Lovas Anita,magyar,https://www.uni-corvinus.hu/tantargyak/PSBV062NMBS?semester=2022/23/2
Pénzügyi számítások,6,Víg Attila András,magyar,https://www.uni-corvinus.hu/tantargyak/PSBV045NMBB-SPM?semester=2024/25/2
Pénzügyi számítások MATLAB-bal,3,Dr. Titkos Tamás,magyar,https://www.uni-corvinus.hu/tantargyak/4MA12NAK08O?semester=2021/22/2
Pénzügyi számítások Matlab-bal,3,Dr. Medvedev Péter,magyar,https://www.uni-corvinus.hu/tantargyak/KOZNXV4MT09?semester=2019/20/2
Pénzügyi számvitel (felzárkóztató),5,Dr. Veit József,magyar,https://www.uni-corvinus.hu/tantargyak/PSPS014NMMB?semester=2025/26/1
Pénzügyi számvitel I.,5,Dr. Adorján Csaba,magyar,https://www.uni-corvinus.hu/tantargyak/2PU51NBK01B?semester=2021/22/1
Pénzügyi számvitel I.,5,Dr. Adorján Csaba,magyar,https://www.uni-corvinus.hu/tantargyak/2PU51NBK38SB?semester=2025/26/1
Pénzügyi számvitel I.,4,Dr. Adorján Csaba,magyar,https://www.uni-corvinus.hu/tantargyak/2LK95LBK19B?semester=2025/26/1
Pénzügyi számvitel I.,6,Dr. Mikáczó Éva Ilona,magyar,https://www.uni-corvinus.hu/tantargyak/PSVS008NMBB?semester=2025/26/1
Pénzügyi számvitel I. (felzárkóztató),5,Dr. Adorján Csaba,magyar,https://www.uni-corvinus.hu/tantargyak/2PU51NAV01M?semester=2020/21/1
Pénzügyi számvitel II.,5,Dr. Adorján Csaba,magyar,https://www.uni-corvinus.hu/tantargyak/2PU51NBK02B?semester=2020/21/2
Pénzügyi számvitel II.,5,Dr. Adorján Csaba,magyar,https://www.uni-corvinus.hu/tantargyak/2PU51NBK40SB?semester=2025/26/1
Pénzügyi számvitel II.,4,Dr. Adorján Csaba,magyar,https://www.uni-corvinus.hu/tantargyak/2LK95LBK22B?semester=2025/26/1
Pénzügyi számvitel II.,4,Dr. Adorján Csaba,magyar,https://www.uni-corvinus.hu/tantargyak/2LK95LBK34B?semester=2025/26/1
Pénzügyi számvitel II.,6,Szabóné Dr. Veres Tünde,magyar,https://www.uni-corvinus.hu/tantargyak/SZAM099NMBB?semester=2025/26/1
Pénzügyi számvitel II. (felzárkóztató),5,Dr. Adorján Csaba,magyar,https://www.uni-corvinus.hu/tantargyak/2PU51NAV02M?semester=2019/20/2
Pénzügyi számvitel III.,12,Dr. László Norbert,magyar,https://www.uni-corvinus.hu/tantargyak/PSPS023NMBB?semester=2025/26/1
Pénzügyi számvitel III.,12,Dr. Veit József,magyar,https://www.uni-corvinus.hu/tantargyak/PSPS027NMBS?semester=2025/26/1
Pénzügyi számvitel III.,12,Dr. László Norbert,magyar,https://www.uni-corvinus.hu/tantargyak/SZAM101NMBB?semester=2025/26/1
Pénzügyi termékek és szolgáltatások,5,Dr. Pintér Éva,magyar,https://www.uni-corvinus.hu/tantargyak/2BE52EAK06S?semester=2023/24/2
"Pénzügyi tervezés, elemzés és értékelés",6,Dr. Sebestyén Géza,magyar,https://www.uni-corvinus.hu/tantargyak/MN00012NMMB?semester=2021/22/2
Pénzügyi-számviteli informatika,6,Dr. Polyák Imre,magyar,https://www.uni-corvinus.hu/tantargyak/PSVS013NMBB?semester=2025/26/1
Pénzügyi-számviteli informatika – duális,6,Dr. Polyák Imre,magyar,https://www.uni-corvinus.hu/tantargyak/PSVS023NMBSD?semester=2025/26/1
Pénzügyi-számviteli informatika I.,3,Dr. Lukács János,magyar,https://www.uni-corvinus.hu/tantargyak/2SA53NCK07B?semester=2021/22/2
Pénzügyi-számviteli informatika II.,3,Dr. Lukács János,magyar,https://www.uni-corvinus.hu/tantargyak/2SZ53NDK05B?semester=2022/23/1
Pénzügyi-számviteli informatika II.- duál,3,Dr. Lukács János,magyar,https://www.uni-corvinus.hu/tantargyak/2SZ53NDK76SB?semester=2021/22/2
"Pénzügyi, számviteli prezentációs technikák",magyar,Jánny Mariann,magyar,https://www.uni-corvinus.hu/tantargyak/SZAM056NMBB?semester=2024/25/2
Pénzügypolitika,5,Dr. Bánfi Tamás,magyar,https://www.uni-corvinus.hu/tantargyak/4PU51NAK23M?semester=2019/20/2
Pénzügypolitika I.,5,Dr. Bánfi Tamás,magyar,https://www.uni-corvinus.hu/tantargyak/4PU51EAK13M?semester=2019/20/2
Pénzügytan,6,Dr. Pesuth Tamás,magyar,https://www.uni-corvinus.hu/tantargyak/4PU51NAK01B?semester=2025/26/1
Pénzügytan,5,Dr. Kürthy Gábor,magyar,https://www.uni-corvinus.hu/tantargyak/4PU51EAK01S?semester=2019/20/2
Pénzügytan,5,Dr. Kürthy Gábor,magyar,https://www.uni-corvinus.hu/tantargyak/4PU51LAK01S?semester=2019/20/2
Pénzügytan,4,Dr. Kürthy Gábor,magyar,https://www.uni-corvinus.hu/tantargyak/2LK95LAK12B?semester=2019/20/2
Pénzügytan,4,Dr. Kürthy Gábor,magyar,https://www.uni-corvinus.hu/tantargyak/4PU51NAK11SB?semester=2019/20/2
Pénzügytan,4,Dr. Kürthy Gábor,magyar,https://www.uni-corvinus.hu/tantargyak/4PU51NAK01O?semester=2023/24/2
Pénzügytan,6,Dr. Kürthy Gábor,magyar,https://www.uni-corvinus.hu/tantargyak/PSPE014LMSB?semester=2025/26/1
Pénzügytan,3,Dr. Sebestyén Géza,magyar,https://www.uni-corvinus.hu/tantargyak/PSPE018NMBB?semester=2024/25/2
Pénzügytan,magyar,Dr. Sebestyén Géza,magyar,https://www.uni-corvinus.hu/tantargyak/KEK/SPOMdb/FIN/17 ?semester=2025/26/1
Pénzügytan,6,Dr. Sebestyén Géza,magyar,https://www.uni-corvinus.hu/tantargyak/PSPE038NMBB?semester=2025/26/1
Pénzügytan,6,Dr. Sebestyén Géza,magyar,https://www.uni-corvinus.hu/tantargyak/PSPE038NMBB-SPM?semester=2024/25/2
Pénzügytan,3,Dr. Pesuth Tamás,magyar,https://www.uni-corvinus.hu/tantargyak/PSPE018NMBB-SPM?semester=2024/25/2
Pénzügytan II. (Haladó pénzügytan),5,Dr. Sebestyén Géza,magyar,https://www.uni-corvinus.hu/tantargyak/4PU51NAK02O?semester=2024/25/2
Personal Development,3,Toarniczky Andrea,magyar,https://www.uni-corvinus.hu/tantargyak/2SM95LBK07S?semester=2020/21/1
Personal leadership development workshop (2),2,Toarniczky Andrea,magyar,https://www.uni-corvinus.hu/tantargyak/VTSM131LASB?semester=2024/25/2
Personal leadership development workshop (4),2,Toarniczky Andrea,magyar,https://www.uni-corvinus.hu/tantargyak/VTSM010NMMB?semester=2024/25/2
Personality Types and Team Dynamics,6,Mark Newell,magyar,https://www.uni-corvinus.hu/tantargyak/293NPSYV311?semester=2024/25/2
Personality Types and Team Dynamics,6,Toarniczky Andrea,magyar,https://www.uni-corvinus.hu/tantargyak/293NPSYV311B?semester=2025/26/1
Persuasive Communication and Rhetoric,3,Dr. Jessie Labov,angol,https://www.uni-corvinus.hu/tantargyak/7PE20NXK17M?semester=2019/20/2
Pharmacoeconomics and Health Technology Assessment,6,Prof. Brodszky Valentin Péter,angol,https://www.uni-corvinus.hu/tantargyak/KOZNXV4KZ53?semester=2019/20/2
Philosophy,3,Dr. Kiss Olga,angol,https://www.uni-corvinus.hu/tantargyak/7PO10NCKA9B?semester=2024/25/1
Philosophy of Economics,6,Dr. Trautmann László,magyar,https://www.uni-corvinus.hu/tantargyak/KOZNXV4MI27?semester=2025/26/1
Piac és versenyszabályozás,6,Bakó Barna,magyar,https://www.uni-corvinus.hu/tantargyak/4MI25NAV66M?semester=2025/26/1
Piac- és vállalatelmélet,6,Selei Adrienn,magyar,https://www.uni-corvinus.hu/tantargyak/KOZG038NMOB?semester=2025/26/1
Piacelemzés vállalati módszerei,magyar,Kálecz-Simon András,magyar,https://www.uni-corvinus.hu/tantargyak/4MI25NAK21M?semester=2019/20/2
Piacelemzés vállalati módszerei,magyar,Urbánné Mező Júlia,magyar,https://www.uni-corvinus.hu/tantargyak/4MI25LAV60M?semester=2019/20/2
Piacelmélet,4,dr. Berde Éva,magyar,https://www.uni-corvinus.hu/tantargyak/KG00055NMBB?semester=2024/25/2
Piaci kockázatok alapjai,3,Dömötör Barbara Mária,magyar,https://www.uni-corvinus.hu/tantargyak/2BE52NAV04B?semester=2019/20/2
Piacszabályozás,6,Csengődi Sándor,magyar,https://www.uni-corvinus.hu/tantargyak/4ST14NAK24M?semester=2025/26/1
Piacszabályozás-Fogyasztóvédelem,6,Bara Zoltán,magyar,https://www.uni-corvinus.hu/tantargyak/4OG33NAK09B?semester=2025/26/1
Piacszerkezet,5,Selei Adrienn,magyar,https://www.uni-corvinus.hu/tantargyak/4MK24NAK05O?semester=2025/26/1
Piacszerkezet,5,Selei Adrienn,magyar,https://www.uni-corvinus.hu/tantargyak/KG00106NMOB?semester=2025/26/1
Piacszerkezetek,5,Dr. Csekő Imre,magyar,https://www.uni-corvinus.hu/tantargyak/4MK24NBK06B?semester=2025/26/1
Piacszerkezetek,5,Kálecz-Simon András,magyar,https://www.uni-corvinus.hu/tantargyak/4MI25NAK15B?semester=2021/22/2
Piacszerkezetek,6,Kálecz-Simon András,magyar,https://www.uni-corvinus.hu/tantargyak/4MI25NAK32B?semester=2025/26/1
Piacszerkezetek,6,Kálecz-Simon András,magyar,https://www.uni-corvinus.hu/tantargyak/KSSZ017NMBB?semester=2024/25/1
Piacszerkezetek (IMP-SKM),4,Dr. Csekő Imre,magyar,https://www.uni-corvinus.hu/tantargyak/4MK24NAK22B?semester=2019/20/2
Piacszerkezetek az energiaszektorban,3,Selei Adrienn,magyar,https://www.uni-corvinus.hu/tantargyak/2KT51LCK04S?semester=2020/21/1
Piacszerkezetek az energiaszektorban,3,Selei Adrienn,magyar,https://www.uni-corvinus.hu/tantargyak/KG00115LMSB?semester=2021/22/1
Piacszerkezetek elemzése,5,Bakó Barna,magyar,https://www.uni-corvinus.hu/tantargyak/7TD50LPK01M?semester=2019/20/2
Planning- Inventory- and Transportation Problems,6,Ábele-Nagy Kristóf,magyar,https://www.uni-corvinus.hu/tantargyak/OPDO055NABB?semester=2025/26/1
Platón és Arisztotelész,5,Dr. Toronyai Gábor,magyar,https://www.uni-corvinus.hu/tantargyak/7PO10NDKC9M?semester=2019/20/2
Platón és Arisztotelész,3,Dr. Toronyai Gábor,magyar,https://www.uni-corvinus.hu/tantargyak/7PO10NAK99M?semester=2021/22/1
Policies for a green and climate-friendly economy,3,Dr. Széchy Anna Zsófia,magyar,https://www.uni-corvinus.hu/tantargyak/7GF20NBK12M?semester=2024/25/2
Policies of the EU,6,Dr. Kengyel Ákos,magyar,https://www.uni-corvinus.hu/tantargyak/7NK40NGK97B?semester=2024/25/2
Policies of the EU,6,Dr. Kengyel Ákos,magyar,https://www.uni-corvinus.hu/tantargyak/GLOB151NABB?semester=2025/26/1
Political and economic systems and transitions,9,Dr. Medve-Bálint Gergő,magyar,https://www.uni-corvinus.hu/tantargyak/TARS118NAMB?semester=2025/26/1
Political Campaigns and Rhetoric,5,Dr. Szabó Lilla Petronella,magyar,https://www.uni-corvinus.hu/tantargyak/7PE20NXKK2M?semester=2025/26/1
Political Communication,6,Gál András,magyar,https://www.uni-corvinus.hu/tantargyak/TARS056NABB?semester=2024/25/2
Political Conflicts and Media,6,dr. Marton Péter,magyar,https://www.uni-corvinus.hu/tantargyak/GLOB143NABB?semester=2025/26/1
Political Decision-making,9,Dr. Gallai Sándor,magyar,https://www.uni-corvinus.hu/tantargyak/TARS057NABB?semester=2024/25/1
Political Discourse Analysis,3,Dr. Farkas-Bede Katalin,angol,https://www.uni-corvinus.hu/tantargyak/7PO10NCKE6M?semester=2020/21/1
Political Ecology in Times of Collapse,3,Mendly Dorottya,magyar,https://www.uni-corvinus.hu/tantargyak/GLOB160NABB?semester=2024/25/2
Political economy in macroeconomics,9,Németh András Olivér,magyar,https://www.uni-corvinus.hu/tantargyak/KG00073NAMB?semester=2025/26/1
Political economy in macroeconomics,9,Németh András Olivér,magyar,https://www.uni-corvinus.hu/tantargyak/KOZG090NAMB?semester=2024/25/2
Political Economy of Post-Communist Transition in Central and Eastern Europe,6,Dr. Medve-Bálint Gergő,angol,https://www.uni-corvinus.hu/tantargyak/4OG33NAK35M?semester=2019/20/2
Political leadership and democracy,6,Dr. Metz Rudolf Tamás,magyar,https://www.uni-corvinus.hu/tantargyak/PHNKP065?semester=2024/25/2
Political leadership in democratic politics,6,Dr. Metz Rudolf Tamás,magyar,https://www.uni-corvinus.hu/tantargyak/PHNKP042?semester=2024/25/2
Political Problems of Transformation in East Central Europe,6,Dr. Gallai Sándor,magyar,https://www.uni-corvinus.hu/tantargyak/293NPOLV469B?semester=2025/26/1
Political Psychology,5,Juhászné Dr. Klér Andrea,angol,https://www.uni-corvinus.hu/tantargyak/7PE20NXKJ8M?semester=2020/21/1
Political Science,6,Dr. Várnagy Réka,magyar,https://www.uni-corvinus.hu/tantargyak/NPPT008NABB?semester=2024/25/2
Political Science Methodology,magyar,Dr. Farkas-Bede Katalin,magyar,https://www.uni-corvinus.hu/tantargyak/GLAS014?semester=2025/26/1
Political Speeches,3,Dr. Rácz András,magyar,https://www.uni-corvinus.hu/tantargyak/7PO10NFKF7B?semester=2024/25/2
Political Systems and Cultures of the post-Soviet Region,6,Dr. Matura Tamás Attila,angol,https://www.uni-corvinus.hu/tantargyak/GLOB076NAMB?semester=2025/26/1
Politics and Economics of China,3,Dr. Gallai Sándor,magyar,https://www.uni-corvinus.hu/tantargyak/7NK40NDDL1M?semester=2020/21/1
Politika az EU-ban,3,Dr. Dúró József,magyar,https://www.uni-corvinus.hu/tantargyak/7PO10NDK57M?semester=2020/21/1
Politika az irodalomban,3,Dr. Balázs Zoltán,magyar,https://www.uni-corvinus.hu/tantargyak/NPPT062NMBB?semester=2024/25/2
Politika és etika,3,Dr. Toronyai Gábor,magyar,https://www.uni-corvinus.hu/tantargyak/7PO10NCK54B?semester=2024/25/2
Politika és kultúra,3,Dr. Metz Rudolf Tamás,magyar,https://www.uni-corvinus.hu/tantargyak/7PO10NFKF9B?semester=2020/21/2
Politika és kultúra,3,Dr. Metz Rudolf Tamás,magyar,https://www.uni-corvinus.hu/tantargyak/NPPT001NMBB?semester=2023/24/2
Politikai elemzés,3,Dr. Dúró József,magyar,https://www.uni-corvinus.hu/tantargyak/7PO10NDK14B?semester=2024/25/2
Politikai és gazdasági ciklusok összefüggései,3,Dr. Dúró József,magyar,https://www.uni-corvinus.hu/tantargyak/7PO10NGV78M?semester=2022/23/1
Politikai eszmetörténet (szövegolvasó szeminárium),3,Dr. Demeter Tamás,magyar,https://www.uni-corvinus.hu/tantargyak/7PO10NCK96B?semester=2020/21/1
Politikai filmklub,3,Dr. Toronyai Gábor,magyar,https://www.uni-corvinus.hu/tantargyak/7PO10NHK27B?semester=2024/25/2
Politikai filmklub mesterfokon,3,Dr. Ványi Éva,magyar,https://www.uni-corvinus.hu/tantargyak/7PO10NAVA2M?semester=2023/24/2
Politikai filmsorozatok elemzése,3,Dr. Metz Rudolf Tamás,magyar,https://www.uni-corvinus.hu/tantargyak/7PO10NCK97B?semester=2020/21/2
Politikai földrajz és geopolitika,3,Dr. Salamin Géza,magyar,https://www.uni-corvinus.hu/tantargyak/7GF20NAK88B?semester=2024/25/2
Politikai gazdaságtan,6,Dr. Trautmann László,magyar,https://www.uni-corvinus.hu/tantargyak/4MI25NAV27B?semester=2025/26/1
Politikai gazdaságtan,6,Venyige Róbert,angol,https://www.uni-corvinus.hu/tantargyak/PHK_POLGAZD?semester=2019/20/2
Politikai gazdaságtan I.,6,Gál András,magyar,https://www.uni-corvinus.hu/tantargyak/MKKE11?semester=2025/26/1
Politikai gazdaságtan III.,5,Dr. Dúró József,magyar,https://www.uni-corvinus.hu/tantargyak/MKKE32?semester=2025/26/1
Politikai gazdaságtan IV.,3,Dr. Róna Dániel,magyar,https://www.uni-corvinus.hu/tantargyak/MKKE42?semester=2025/26/1
Politikai kutatás módszertana,3,Dr. Róna Dániel,magyar,https://www.uni-corvinus.hu/tantargyak/7PO10NEK67B?semester=2019/20/2
Politikai kutatás módszertana,6,Molnár Csaba,magyar,https://www.uni-corvinus.hu/tantargyak/7PO10NEK86B?semester=2023/24/1
Politikai kutatás módszertana,6,Rajnai Gergely,magyar,https://www.uni-corvinus.hu/tantargyak/7PO10NCV86M?semester=2019/20/2
Politikai kutatás módszertana,6,Molnár Csaba,magyar,https://www.uni-corvinus.hu/tantargyak/TARS005NMBB?semester=2025/26/1
Politikai marketing,3,Dr. Szabó Lilla Petronella,magyar,https://www.uni-corvinus.hu/tantargyak/2ME43NCV01M?semester=2019/20/2
Politikai napirend és döntéshozatal,3,Molnár Csaba,magyar,https://www.uni-corvinus.hu/tantargyak/NPPT044NMBB?semester=2023/24/1
Politikai pszichológia,5,Juhászné Dr. Klér Andrea,magyar,https://www.uni-corvinus.hu/tantargyak/7PE20NAKJ8M?semester=2025/26/1
Politikai realizmus,5,Dr. Balázs Zoltán,magyar,https://www.uni-corvinus.hu/tantargyak/7PO10NDKD1M?semester=2019/20/2
Politikai rendszerek összehasonlítása,3,Dr. Dúró József,magyar,https://www.uni-corvinus.hu/tantargyak/7PO10NBK31M?semester=2021/22/2
Politikai rendszerek összehasonlítása,6,Rajnai Gergely,magyar,https://www.uni-corvinus.hu/tantargyak/7PO10NAK92M?semester=2020/21/2
Politikai retorika,5,Dr. Aczél Petra Katalin,magyar,https://www.uni-corvinus.hu/tantargyak/7PE20NGKH1M?semester=2020/21/2
Politikai retorika és kampány,5,Dr. Szabó Lilla Petronella,magyar,https://www.uni-corvinus.hu/tantargyak/7PE20NAKK2M?semester=2022/23/2
"Politikai szituációk, döntések, játszmák",3,Dr. Ambrus-Lakatos Loránd,magyar,https://www.uni-corvinus.hu/tantargyak/7PO10NGV98M?semester=2019/20/2
Politikai szociológia,magyar,Dr. Dúró József,magyar,https://www.uni-corvinus.hu/tantargyak/7SO30NFV71B?semester=2019/20/2
Politikai szövegek írása,5,Dr. Várnagy Réka,magyar,https://www.uni-corvinus.hu/tantargyak/TARS098LMSB?semester=2024/25/2
Politikai tanácsadás és PR,5,Rajnai Gergely,magyar,https://www.uni-corvinus.hu/tantargyak/7PO10NDK72M?semester=2019/20/2
Politikai tudás és cselekvés,3,Dr. Lánczi András,magyar,https://www.uni-corvinus.hu/tantargyak/7PO10NCK95B?semester=2024/25/1
Politikai tudás és ismeretelmélet,3,Dr. Körösényi András,magyar,https://www.uni-corvinus.hu/tantargyak/7PO10NBK14M?semester=2019/20/2
"Politikai tudás: elmélet, kutatás, gyakorlat",3,Dr. Metz Rudolf Tamás,magyar,https://www.uni-corvinus.hu/tantargyak/7PO10NCKE5M?semester=2019/20/2
Politikatudományi olvasószeminárium,3,Dr. Ványi Éva,magyar,https://www.uni-corvinus.hu/tantargyak/7PO10NFV36B?semester=2021/22/1
Politikatudományi olvasószeminárium,6,Dr. Toronyai Gábor,magyar,https://www.uni-corvinus.hu/tantargyak/7PO10NFV93B?semester=2024/25/1
Population Ageing and ?Younging?,6,Dr. Gál Róbert,magyar,https://www.uni-corvinus.hu/tantargyak/TARS151NABB?semester=2025/26/1
"Populizmus, plebiszcitárius politika, vezérdemokrácia",6,Dr. Körösényi András,angol,https://www.uni-corvinus.hu/tantargyak/PHP_POPPLEBPOL?semester=2019/20/2
Portáltechnológiák,5,Dr. Láng Blanka Klára,magyar,https://www.uni-corvinus.hu/tantargyak/2SZ31NDK02B?semester=2023/24/1
Portfólió,2,Dr. Daruka Magdolna,magyar,https://www.uni-corvinus.hu/tantargyak/7PE20LPKB6M?semester=2021/22/2
Portfolio Construction and Risk Management,3,Dr. Vidovics-Dancs Ágnes,angol,https://www.uni-corvinus.hu/tantargyak/4PU51NAV47M?semester=2019/20/2
Portfólió kísérő szeminárium,2,Csillik Olga,magyar,https://www.uni-corvinus.hu/tantargyak/OMMK034LMMB?semester=2023/24/2
Portugál (A1/1 szint t.mentes),3,Gabriela Pereira Tavares,magyar,https://www.uni-corvinus.hu/tantargyak/IOK0270POAA?semester=2024/25/2
Portugál (A1/2 szint t.mentes),3,Gabriela Pereira Tavares,magyar,https://www.uni-corvinus.hu/tantargyak/IOK0272POAA?semester=2024/25/2
Portugál (A1/2 szint térítéses),magyar,Gabriela Pereira Tavares,magyar,https://www.uni-corvinus.hu/tantargyak/IOK0273POAA?semester=2024/25/2
Post-communist political and social transformation in Central and Eastern Europe,6,Bartha Attila,angol,https://www.uni-corvinus.hu/tantargyak/GKKK036NAMB?semester=2025/26/1
Post-WWII Patterns of the US Economy,6,Dr. Benczes István Zsolt,angol,https://www.uni-corvinus.hu/tantargyak/PHN_PWWIPATTUSECON?semester=2019/20/2
Postcolonial Studies,3,Dr. Melegh Attila,magyar,https://www.uni-corvinus.hu/tantargyak/7SO30NFVM1B?semester=2020/21/1
Power BI workshop,2,Dr. Sass Judit Gabriella,magyar,https://www.uni-corvinus.hu/tantargyak/PHTK_PBW?semester=2019/20/2
PR and Marketing Communication,3,Dr. Nagy-Béni Alexandra,magyar,https://www.uni-corvinus.hu/tantargyak/7PE20NDVI9B?semester=2024/25/2
PR és marketingkommunikáció,3,Dr. Veszelszki Ágnes,magyar,https://www.uni-corvinus.hu/tantargyak/7PE20NDVK4B?semester=2021/22/1
Pr és marketingkommunikációs tervezés,3,Dr. Habil. Varga Ákos,angol,https://www.uni-corvinus.hu/tantargyak/7PE20NAKJ1M?semester=2020/21/1
Practice of Well-being in Groups and Organizations,6,Toarniczky Andrea,magyar,https://www.uni-corvinus.hu/tantargyak/VEZ0027NAMB?semester=2025/26/1
Practicing Public Policy,6,Dr. Gajduschek György,magyar,https://www.uni-corvinus.hu/tantargyak/KOZNXV4KZ48?semester=2025/26/1
Practicing public policy,magyar,Dr. Benczes Réka Ágnes,magyar,https://www.uni-corvinus.hu/tantargyak/GKKK012NAMB?semester=2025/26/1
Pragmatics,3,Dr. Benczes Réka Ágnes,magyar,https://www.uni-corvinus.hu/tantargyak/7PE20NXKB9M?semester=2024/25/2
Pragmatika,3,dr. Lehoczki Bernadett Judit,magyar,https://www.uni-corvinus.hu/tantargyak/7PE20NBKB9M?semester=2021/22/2
Presentation Seminar,5,Horváth Evelin,magyar,https://www.uni-corvinus.hu/tantargyak/GLOB047NAMB?semester=2024/25/2
"Press Photography, Documentary and Campaign Film-Making",6,Dr. Kiss Olga,magyar,https://www.uni-corvinus.hu/tantargyak/7PE20NGKL2B?semester=2025/26/1
Prezentációs technikák,3,Dr. Magyarkuti Gyula,magyar,https://www.uni-corvinus.hu/tantargyak/7PO10NGVE1M?semester=2019/20/2
Problem Solving in Practice,8,Dr. Kiss Gabriella Katalin,magyar,https://www.uni-corvinus.hu/tantargyak/OPDO034NAMB?semester=2025/26/1
Problémaorientált adatelemzés,6,Dr. Bartus Tamás,magyar,https://www.uni-corvinus.hu/tantargyak/7SO30NCKN5M?semester=2025/26/1
Process Management and ERP,6,dr. Ternai Katalin,angol,https://www.uni-corvinus.hu/tantargyak/293NBISK602M?semester=2020/21/1
Process Management and ERP,6,dr. Ternai Katalin,magyar,https://www.uni-corvinus.hu/tantargyak/ADIN046NAMB?semester=2024/25/2
Process Management and IT,5,Dr. Drótos György,magyar,https://www.uni-corvinus.hu/tantargyak/2SM95LDK05D?semester=2020/21/1
Product and Brand Strategies,6,Dr. Kolos Krisztina Ágnes,magyar,https://www.uni-corvinus.hu/tantargyak/293NMARK635M?semester=2025/26/1
Professional communication skills,3,Dr. Komár Zita,angol,https://www.uni-corvinus.hu/tantargyak/7PE20NHK16B?semester=2019/20/2
Professional Development Practicum,magyar,Dr. Farkas-Bede Katalin,egyéb,https://www.uni-corvinus.hu/tantargyak/4DDAAK32?semester=2025/26/1
Professional Language: English Proficiency,3,Dr. Nagy-Béni Alexandra,angol,https://www.uni-corvinus.hu/tantargyak/7PO10NHK26B?semester=2019/20/2
Professzionális portfólió,6,Dr. Habil Bokor Tamás,magyar,https://www.uni-corvinus.hu/tantargyak/7PE20NGKD6B?semester=2020/21/1
Proficiency in English 2 (Nyelvi célszint: C2) t.mentes,3,Philip Jeffrey Saxon,magyar,https://www.uni-corvinus.hu/tantargyak/IOK0342ANAF?semester=2024/25/2
Proficiency in English 2 (Nyelvi célszint: C2) térítéses,magyar,Philip Jeffrey Saxon,magyar,https://www.uni-corvinus.hu/tantargyak/IOK0343ANAF?semester=2024/25/2
Program and Performance Evaluation,6,Hajnal György,magyar,https://www.uni-corvinus.hu/tantargyak/KOZNXV4KZ62?semester=2024/25/2
Program and Performance Evaluation,6,Hajnal György,magyar,https://www.uni-corvinus.hu/tantargyak/TARS013NAMB?semester=2024/25/2
Program kiértékelés,6,Hajnal György,magyar,https://www.uni-corvinus.hu/tantargyak/4KO03LBV34M?semester=2019/20/2
Program-kiértékelés,6,Hajnal György,magyar,https://www.uni-corvinus.hu/tantargyak/4KO03NAK98M?semester=2021/22/1
Programozás alapjai,3,Burka Dávid,magyar,https://www.uni-corvinus.hu/tantargyak/INSA024NMBB?semester=2024/25/1
Programozási gyakorlatok (Latex és MATLAB),6,Szabó-Bakos Eszter,magyar,https://www.uni-corvinus.hu/tantargyak/4MA12NAV45B?semester=2019/20/2
Progresszív üzleti modellek,3,Dr. Aranyossy Márta,magyar,https://www.uni-corvinus.hu/tantargyak/2ET27NAV02SB?semester=2023/24/2
Project (thesis writing),6,Dr. Lakatos László Péter,magyar,https://www.uni-corvinus.hu/tantargyak/SZAM072NAMB?semester=2024/25/2
Project 1,6,Dr. Tőkés László,magyar,https://www.uni-corvinus.hu/tantargyak/KG00036NABB?semester=2024/25/2
Project 2,6,Takács Tibor,magyar,https://www.uni-corvinus.hu/tantargyak/KG00040NABB?semester=2024/25/2
Project 2,5,Tétényi András,magyar,https://www.uni-corvinus.hu/tantargyak/GLOB101NAMB?semester=2024/25/2
Project 2,magyar,Tétényi András,magyar,https://www.uni-corvinus.hu/tantargyak/GLOB113NAMB?semester=2024/25/2
Project 3,6,Szabó-Bakos Eszter,magyar,https://www.uni-corvinus.hu/tantargyak/KG00050NABB?semester=2024/25/2
Project 3,6,Dr. Tőkés László,magyar,https://www.uni-corvinus.hu/tantargyak/KOZG030NABB?semester=2024/25/2
Project communication,4,Dr. Fekete István,magyar,https://www.uni-corvinus.hu/tantargyak/VF00082LASB?semester=2024/25/2
Project implementation & closing,8,Dr. Papp-Horváth Viktória,magyar,https://www.uni-corvinus.hu/tantargyak/VF00076LASB?semester=2025/26/1
Project life cycle & processes,3,Dr. Blaskovics Bálint,angol,https://www.uni-corvinus.hu/tantargyak/VF00074LASB?semester=2021/22/1
Project Management,6,Dr. Deák Csaba Tamás,angol,https://www.uni-corvinus.hu/tantargyak/ISCGOPR518?semester=2019/20/2
Project Management,6,Dr. Papp-Horváth Viktória,magyar,https://www.uni-corvinus.hu/tantargyak/293NOPRV518B?semester=2025/26/1
Project Management,4,Dr. Deák Csaba Tamás,magyar,https://www.uni-corvinus.hu/tantargyak/2SP72NCK04B?semester=2025/26/1
Project Management,6,Dr. Blaskovics Bálint,magyar,https://www.uni-corvinus.hu/tantargyak/VF00132NABB?semester=2025/26/1
Project Management in an International Context,5,Goldstein Katalin,magyar,https://www.uni-corvinus.hu/tantargyak/7IL50NGK10M?semester=2025/26/1
Project Management in Data Science,6,Dr. Klimkó Gábor György,magyar,https://www.uni-corvinus.hu/tantargyak/ADIN006NABB?semester=2025/26/1
Project Planning with Project Management Software,3,Dr. Fekete István,magyar,https://www.uni-corvinus.hu/tantargyak/VF00084LASB?semester=2024/25/2
Project Seminar,10,Dr. Szántay Antal Péter,magyar,https://www.uni-corvinus.hu/tantargyak/7PE20NXKJ9M?semester=2020/21/1
Project Seminar 1,6,Dr. Péti Márton,angol,https://www.uni-corvinus.hu/tantargyak/7GF20NAK65M?semester=2019/20/2
Project Work,angol,Dr. Bartus Tamás,magyar,https://www.uni-corvinus.hu/tantargyak/7SO30NCKF1B?semester=2019/20/2
Project Work – Databases,6,Dr. Vicsek Lilla Mária,angol,https://www.uni-corvinus.hu/tantargyak/KSSZ044NABB?semester=2025/26/1
Project Work – Interviews,6,Dr. Vicsek Lilla Mária,magyar,https://www.uni-corvinus.hu/tantargyak/7SO30NCKN9B?semester=2019/20/2
Project Work – Interviews,6,Hajdu Miklós,magyar,https://www.uni-corvinus.hu/tantargyak/KSSZ045NABB?semester=2025/26/1
Project Work – Survey Research,6,Dr. Rosta Miklós,magyar,https://www.uni-corvinus.hu/tantargyak/KSSZ033NABB?semester=2024/25/2
Project: Entering Global Markets,6,Dr. Mucsi Attila,magyar,https://www.uni-corvinus.hu/tantargyak/GKOI004NABB?semester=2024/25/2
Project: International Marketing Planning,6,Dr. Endrődi-Kovács Viktória,magyar,https://www.uni-corvinus.hu/tantargyak/MAMF017NABB?semester=2024/25/2
Project: Solving Strategic Problems,6,Szanyi-Gyenes Xénia,magyar,https://www.uni-corvinus.hu/tantargyak/VTVT003NABB?semester=2024/25/2
Projekt 1,6,Dr. Tőkés László,magyar,https://www.uni-corvinus.hu/tantargyak/KG00037NMBB?semester=2024/25/2
Projekt 2,6,Cserháti Ilona,magyar,https://www.uni-corvinus.hu/tantargyak/KG00048NMBB?semester=2024/25/2
Projekt 3,6,Dr. Tőkés László,magyar,https://www.uni-corvinus.hu/tantargyak/KG00056NMBB?semester=2024/25/2
Projekt 3,6,Dr. Tőkés László,magyar,https://www.uni-corvinus.hu/tantargyak/KOZG027NMBB?semester=2024/25/2
Projekt portfolió – menedzsment,6,Dr. Csendes István,magyar,https://www.uni-corvinus.hu/tantargyak/2SP72LAK05S?semester=2019/20/2
Projekt portfólió-menedzsment,5,Dr. Jelen Tibor,magyar,https://www.uni-corvinus.hu/tantargyak/2SP72NBK06M?semester=2022/23/1
Projekt szeminárium,10,Dr. Berta-Deli Eszter,magyar,https://www.uni-corvinus.hu/tantargyak/7PE20NAKJ9M?semester=2021/22/2
Projekt szeminárium (szakszeminárium I.),5,Dobó István,magyar,https://www.uni-corvinus.hu/tantargyak/7PE20NGKE6M?semester=2019/20/2
Projekt szeminárium (szakszeminárium I.),5,Dobó István,magyar,https://www.uni-corvinus.hu/tantargyak/7PE20NGKF7M?semester=2019/20/2
Projekt: tervezés és vezetés,3,Dr. Papp-Horváth Viktória,magyar,https://www.uni-corvinus.hu/tantargyak/7PE20NGKD7B?semester=2021/22/1
Projektajánlatok menedzselése,3,Dr. Blaskovics Bálint,magyar,https://www.uni-corvinus.hu/tantargyak/2SP72LAK25S?semester=2024/25/2
Projektajánlatok menedzselése,4,Dr. Blaskovics Bálint,magyar,https://www.uni-corvinus.hu/tantargyak/VF00105NMMB?semester=2023/24/1
Projektajánlatok menedzselése,5,Dr. Blaskovics Bálint,magyar,https://www.uni-corvinus.hu/tantargyak/VF00154LMSB?semester=2024/25/2
Projektajánlatok menedzselése,4,Dr. Blaskovics Bálint,magyar,https://www.uni-corvinus.hu/tantargyak/VEZ0075NMMB?semester=2025/26/1
Projektértékelés az olajiparban,3,Dr. Vidovics-Dancs Ágnes,magyar,https://www.uni-corvinus.hu/tantargyak/4PU51NAV46M?semester=2019/20/2
Projektfeladat-adatbázisok,3,Dr. Bartus Tamás,magyar,https://www.uni-corvinus.hu/tantargyak/7SO30NCKJ7B?semester=2019/20/2
Projektfeladat-interjúk,6,Dr. Vicsek Lilla Mária,magyar,https://www.uni-corvinus.hu/tantargyak/7SO30NEKG8B?semester=2021/22/1
Projektfeladat-szakszövegek,6,Dr. Hegedűs Rita,magyar,https://www.uni-corvinus.hu/tantargyak/7SO30NEKI3B?semester=2021/22/1
Projektirányítás 1.,5,Dr. Fekete István,magyar,https://www.uni-corvinus.hu/tantargyak/2SP72LAK07S?semester=2021/22/1
Projektmenedzsment,5,Görög Mihály,magyar,https://www.uni-corvinus.hu/tantargyak/2SP72NAK01CM?semester=2019/20/2
Projektmenedzsment,4,Dr. Jelen Tibor,magyar,https://www.uni-corvinus.hu/tantargyak/2SP72LAK09S?semester=2021/22/2
Projektmenedzsment,2,Dr. Jelen Tibor,magyar,https://www.uni-corvinus.hu/tantargyak/2SP72NAK04M?semester=2024/25/2
Projektmenedzsment,2,Dr. Jelen Tibor,magyar,https://www.uni-corvinus.hu/tantargyak/2SP72LAK04M?semester=2024/25/2
Projektmenedzsment,5,Dr. Jelen Tibor,magyar,https://www.uni-corvinus.hu/tantargyak/2SP72LAK29S?semester=2021/22/2
Projektmenedzsment,9,Dr. Blaskovics Bálint,magyar,https://www.uni-corvinus.hu/tantargyak/VF00094NMMB?semester=2024/25/2
Projektmenedzsment esettanulmányok,5,Dr. Jelen Tibor,magyar,https://www.uni-corvinus.hu/tantargyak/INIR086LMSB?semester=2024/25/2
Projektportfólió-menedzsment,5,Dr. Jelen Tibor,magyar,https://www.uni-corvinus.hu/tantargyak/VF00110NMMB?semester=2025/26/1
Projektszeminárium,3,Pelle Veronika,magyar,https://www.uni-corvinus.hu/tantargyak/KSKM017NMBB?semester=2024/25/1
Projektvezetés,3,Dr. Jelen Tibor,magyar,https://www.uni-corvinus.hu/tantargyak/2SP72NDK01B?semester=2024/25/2
Projektvezetés,4,Prof. Dr. Szabó Lajos György,magyar,https://www.uni-corvinus.hu/tantargyak/2LK94LBK22B?semester=2019/20/2
Projektvezetési szoftverek,4,Dr. Fekete István,magyar,https://www.uni-corvinus.hu/tantargyak/2SP72NAV01M?semester=2021/22/1
Projektvezetési szoftverek,4,Dr. Fekete István,magyar,https://www.uni-corvinus.hu/tantargyak/VF023NMMB?semester=2021/22/1
Projektvezetési szoftverek I.,5,Dr. Fekete István,magyar,https://www.uni-corvinus.hu/tantargyak/2SP72LAK17S?semester=2021/22/1
Projektvezetési szoftverek II.,6,Dr. Fekete István,magyar,https://www.uni-corvinus.hu/tantargyak/2SP72LAK18S?semester=2021/22/1
Promoting National Interests at International Fora,6,dr. Lehoczki Bernadett Judit,magyar,https://www.uni-corvinus.hu/tantargyak/GLOB028NAMB?semester=2025/26/1
Prospectus Seminar 1 (GP),6,Dr. Péti Márton,angol,https://www.uni-corvinus.hu/tantargyak/PHN_PROSPECTGP1?semester=2019/20/2
Prospectus Seminar II (GP),6,Dr. Péti Márton,angol,https://www.uni-corvinus.hu/tantargyak/PHN_PROSSEM_II_GEO?semester=2019/20/2
Protokoll az üzleti életben,4,Dr. Komár Zita,magyar,https://www.uni-corvinus.hu/tantargyak/2SZ74NCV03B?semester=2025/26/1
Protokollkommunikáció,3,Dr. Komár Zita,magyar,https://www.uni-corvinus.hu/tantargyak/7PE20NDVK9B?semester=2019/20/2
Pszichés zavarok az iskolában,3,Dr. Bodnár Éva,magyar,https://www.uni-corvinus.hu/tantargyak/7PE20LPK25M?semester=2021/22/2
Pszichés zavarok az iskolában,2,Dr. Bodnár Éva,magyar,https://www.uni-corvinus.hu/tantargyak/7PE20LPKA3M?semester=2019/20/2
Pszichodráma,4,Dr. Takács Sándor,magyar,https://www.uni-corvinus.hu/tantargyak/VTSM044LMSB?semester=2024/25/2
Pszicholingvisztika,3,Dr. Szabó Lilla Petronella,magyar,https://www.uni-corvinus.hu/tantargyak/7PE20NCK66B?semester=2022/23/1
Pszichológia alapismeretek,magyar,Dömötör Barbara Mária,magyar,https://www.uni-corvinus.hu/tantargyak/2VE81LAV24S?semester=2020/21/1
Pszichológia és befektetői magatartás,4,Molnár Gábor Tamás,magyar,https://www.uni-corvinus.hu/tantargyak/2BE52NBK05M?semester=2021/22/2
Public Choice,6,Dr. Székely-Doby András,magyar,https://www.uni-corvinus.hu/tantargyak/GKKK031NABB?semester=2025/26/1
Public Choice: Theory and Applications,6,Dr. Győrffy Dóra,magyar,https://www.uni-corvinus.hu/tantargyak/4OG33NAK42M?semester=2025/26/1
Public Economics,4,Csengődi Sándor,magyar,https://www.uni-corvinus.hu/tantargyak/GKKK027NABB?semester=2025/26/1
Public Economics and Finance,6,Golovics József,magyar,https://www.uni-corvinus.hu/tantargyak/KOZNXV4KZ21?semester=2025/26/1
Public economics and public choice,9,Golovics József,magyar,https://www.uni-corvinus.hu/tantargyak/KOZG089NAMB?semester=2024/25/2
Public Financial Management,6,Bartha Attila,magyar,https://www.uni-corvinus.hu/tantargyak/4KO03NBK52M?semester=2025/26/1
Public Financial Management,6,Bartha Attila,magyar,https://www.uni-corvinus.hu/tantargyak/TARS109NAMB?semester=2024/25/2
"Public Health Strategy, Projects and Assessment",6,Prof. Brodszky Valentin Péter,magyar,https://www.uni-corvinus.hu/tantargyak/TARS086NAMB?semester=2025/26/1
Public International Law in Practice I,3,dr. Kirs Eszter,magyar,https://www.uni-corvinus.hu/tantargyak/GLOB082NAMB?semester=2024/25/2
Public Policies for Human Development,6,Bartha Attila,magyar,https://www.uni-corvinus.hu/tantargyak/KOZNXV4KZ56?semester=2024/25/2
Public policies for human development,6,Hermann Zoltán,magyar,https://www.uni-corvinus.hu/tantargyak/9KO03NAK01M?semester=2025/26/1
Public Policies for Human Development,6,Bartha Attila,magyar,https://www.uni-corvinus.hu/tantargyak/TARS021NAMB?semester=2025/26/1
Public Policy,3,Ugrósdy Márton,angol,https://www.uni-corvinus.hu/tantargyak/4KO03NBK42M?semester=2019/20/2
Public Policy,6,Hajnal György,magyar,https://www.uni-corvinus.hu/tantargyak/KOZNXV4KZ54?semester=2025/26/1
Public Policy Analysis,6,Bartha Attila,magyar,https://www.uni-corvinus.hu/tantargyak/4KO03NBK84M?semester=2025/26/1
Public Policy Analysis,6,Bartha Attila,magyar,https://www.uni-corvinus.hu/tantargyak/TARS012NAMB?semester=2024/25/2
Public Policy Analysis – The Argumentative Approach,6,Dr. Gajduschek György,angol,https://www.uni-corvinus.hu/tantargyak/KOZNXV4KZ25?semester=2019/20/2
Public Policy Process in Central and Eastern Europe,6,Dr. Gajduschek György,angol,https://www.uni-corvinus.hu/tantargyak/KOZNXV4KZ04?semester=2019/20/2
Public Relations,6,Dr. Habil. Varga Ákos,egyéb,https://www.uni-corvinus.hu/tantargyak/293NMARV650M?semester=2020/21/1
Public Relations and Campaign Design,6,Dr. Nagy-Béni Alexandra,magyar,https://www.uni-corvinus.hu/tantargyak/MARK110NABB?semester=2025/26/1
Public relations és kampánytervezés?,6,Dr. Nagy-Béni Alexandra,magyar,https://www.uni-corvinus.hu/tantargyak/MARK116NMBB?semester=2025/26/1
Public Relations kommunikáció vállalaton belül és kívül,3,Dr. Habil. Varga Ákos,magyar,https://www.uni-corvinus.hu/tantargyak/2ME43NCK02M?semester=2020/21/1
Public Sector Macroeconomics,6,Dr. Major Klára,magyar,https://www.uni-corvinus.hu/tantargyak/4MA23NAK42M?semester=2020/21/2
Public Writing,3,Dr. Szabó Lilla Petronella,magyar,https://www.uni-corvinus.hu/tantargyak/MARK113NABB?semester=2025/26/1
Publication counselling,6,Dr. Keszey Tamara,magyar,https://www.uni-corvinus.hu/tantargyak/KOD3?semester=2022/23/2
Publication counselling,6,Dr. Keszey Tamara,magyar,https://www.uni-corvinus.hu/tantargyak/MAME008NAPB?semester=2024/25/2
Qualitative and Quantitative Research,6,Dr. Székely László Levente,magyar,https://www.uni-corvinus.hu/tantargyak/293NMARK652M?semester=2025/26/1
Qualitative Data Analysis with nVivo,6,Dr. Vicsek Lilla Mária,magyar,https://www.uni-corvinus.hu/tantargyak/PHSZK050?semester=2024/25/2
Qualitative Methodology 2,6,Dr. Mitev Ariel Zoltán,magyar,https://www.uni-corvinus.hu/tantargyak/PHG076?semester=2024/25/2
Qualitative Methods I: Process Tracing,6,dr. Marton Péter,magyar,https://www.uni-corvinus.hu/tantargyak/PHNKP032?semester=2024/25/2
Qualitative Methods II: Grounded Theory in IR,6,dr. Paragi Beáta,magyar,https://www.uni-corvinus.hu/tantargyak/PHN_QUALMETHGROUNTHEO?semester=2020/21/2
Quality Improvement Management in Health Care,6,Dr. Fadgyas-Freyler Petra,magyar,https://www.uni-corvinus.hu/tantargyak/KOZNXV4KZ43?semester=2025/26/1
Quantitative Analysis of Development,3,Szent-Iványi Balázs,angol,https://www.uni-corvinus.hu/tantargyak/7VG32NAK30M?semester=2019/20/2
Quantitative Finance,6,Dr. Vidovics-Dancs Ágnes,magyar,https://www.uni-corvinus.hu/tantargyak/PHG_KVANTPÜ?semester=2019/20/2
Quantitative Finance,7,Dr. Szabó Dávid Zoltán,magyar,https://www.uni-corvinus.hu/tantargyak/PSBV118NAMB?semester=2024/25/2
Quantitative Finance,7,Dr. Szabó Dávid Zoltán,magyar,https://www.uni-corvinus.hu/tantargyak/PENZ057NAMB?semester=2025/26/1
Quantitative Methods,6,Dr. Jankó Zsuzsanna,magyar,https://www.uni-corvinus.hu/tantargyak/293NMATK217B?semester=2024/25/2
Quantitative Methods,magyar,Ábele-Nagy Kristóf,magyar,https://www.uni-corvinus.hu/tantargyak/MSOA001LAMB?semester=2025/26/1
Quantitative methods,6,Dr. Jankó Zsuzsanna,magyar,https://www.uni-corvinus.hu/tantargyak/293NMATK600M?semester=2024/25/2
Quantitative Methods,3,Ábele-Nagy Kristóf,magyar,https://www.uni-corvinus.hu/tantargyak/MSOA047NABB?semester=2025/26/1
Quantitative Methods,6,Dr. Tallos Péter,magyar,https://www.uni-corvinus.hu/tantargyak/OPDO035NAMB?semester=2025/26/1
Quantitative Methods A (Mathematics),6,Keresztély Tibor,magyar,https://www.uni-corvinus.hu/tantargyak/KOZNXV4MA01?semester=2025/26/1
Quantitative Methods in International Economic Analysis,6,Tétényi András,egyéb,https://www.uni-corvinus.hu/tantargyak/7VG32NBKC6M?semester=2019/20/2
"Quantitative Methods, GIS",3,Dr. Jeney László Botond,angol,https://www.uni-corvinus.hu/tantargyak/7GF20NAK55M?semester=2019/20/2
Quantitative Research and Data Analysis I.,9,Dr. Moksony Ferenc,magyar,https://www.uni-corvinus.hu/tantargyak/7SO30NDVT2B?semester=2025/26/1
Quantitative Research and Data Analysis II.,6,Hajdu Miklós,magyar,https://www.uni-corvinus.hu/tantargyak/7SO30NDVT5B?semester=2025/26/1
Quantitative research methods,6,Hajnal György,angol,https://www.uni-corvinus.hu/tantargyak/4KO03NBK80M?semester=2019/20/2
Quantitative Research Methods in Marketing,6,Dr. Habil Agárdi Irma,magyar,https://www.uni-corvinus.hu/tantargyak/PHG068?semester=2024/25/2
Quantitative Research: Methological Foundations,6,Dr. Bartus Tamás,magyar,https://www.uni-corvinus.hu/tantargyak/TARS002NABB?semester=2025/26/1
Quantitative Research: Statistical Foundations,6,Dr. Bartus Tamás,magyar,https://www.uni-corvinus.hu/tantargyak/7SO30NDVS5B?semester=2025/26/1
Questionnaire data analysis using SPSS,6,Prof. Dr. Rencz Fanni,magyar,https://www.uni-corvinus.hu/tantargyak/GKEK003NABM?semester=2021/22/1
Questionnaire Design and Survey Methods,6,Prof. Dr. Rencz Fanni,magyar,https://www.uni-corvinus.hu/tantargyak/KOZNXV4KZ64?semester=2024/25/2
Quinnipiac internship,magyar,Dr. Kelemen Zita Anikó,magyar,https://www.uni-corvinus.hu/tantargyak/MARK063NABB?semester=2024/25/2
Qulitative Stategic Regional Planning and Analysing Methods,6,Prof.Dr. Nagy Beáta,magyar,https://www.uni-corvinus.hu/tantargyak/7SO30NAK15M?semester=2025/26/1
Racionális választás elmélete,3,Rajnai Gergely,magyar,https://www.uni-corvinus.hu/tantargyak/7PO10NAL03M?semester=2020/21/1
Reading Comprehension (2) II.,magyar,Dr. Dobos Ágota,magyar,https://www.uni-corvinus.hu/tantargyak/IOK0013NAEB?semester=2024/25/2
Reading Comprehension (4) II.,magyar,Dr. Dobos Ágota,magyar,https://www.uni-corvinus.hu/tantargyak/IOK0014NAEB?semester=2024/25/2
"Régiók, városok és geostratégiák",6,Dr. Salamin Géza,magyar,https://www.uni-corvinus.hu/tantargyak/NPGG045NMBB?semester=2022/23/1
Regional and World Economics,3,Dr. Endrődi-Kovács Viktória,angol,https://www.uni-corvinus.hu/tantargyak/4VG32NBK93M?semester=2019/20/2
Regional Economic Studies,3,Dr. Endrődi-Kovács Viktória,angol,https://www.uni-corvinus.hu/tantargyak/7VG32NAV16M?semester=2019/20/2
Regional Economic Studies,6,Dr. Endrődi-Kovács Viktória,magyar,https://www.uni-corvinus.hu/tantargyak/7VG32NBVD1M?semester=2025/26/1
Regional Economics,6,Kollai István,magyar,https://www.uni-corvinus.hu/tantargyak/7VG32NAK12M?semester=2024/25/2
Regional economics,6,Kollai István,magyar,https://www.uni-corvinus.hu/tantargyak/NPVG015NAMB?semester=2025/26/1
Regional Geography and Economy of the European Countries,6,Dr. Tózsa István,magyar,https://www.uni-corvinus.hu/tantargyak/293NPADV362B?semester=2025/26/1
Regional Geography of the World,3,Dr. Jeney László Botond,magyar,https://www.uni-corvinus.hu/tantargyak/7GF20NAK52M?semester=2024/25/2
Regional Studies,6,Dr. Matura Tamás Attila,magyar,https://www.uni-corvinus.hu/tantargyak/7NK40NBKA8B?semester=2024/25/2
Regionális elemzések módszerei,4,Dr. Jeney László Botond,magyar,https://www.uni-corvinus.hu/tantargyak/2GF26NAK07B?semester=2019/20/2
Regionális elemzések módszerei,3,Dr. Jeney László Botond,magyar,https://www.uni-corvinus.hu/tantargyak/7GF20NAK04B?semester=2024/25/2
Regionális elemzési módszerek,4,Dr. Török Áron,magyar,https://www.uni-corvinus.hu/tantargyak/2KA21NAK13B?semester=2021/22/2
Regionális elemzési módszerek,4,Dr. Bálint Csaba,magyar,https://www.uni-corvinus.hu/tantargyak/VGAV008NMBB?semester=2025/26/1
Regionális és gazdasági földrajz,3,Dr. Jeney László Botond,magyar,https://www.uni-corvinus.hu/tantargyak/7GF20NAK10B?semester=2019/20/2
Regionális és vidék kutatási alapismeretek,3,Dr. Török Áron,magyar,https://www.uni-corvinus.hu/tantargyak/2KA21NAK11B?semester=2020/21/1
Regionális gazdaságfejlesztés,5,Prof. Emetitus  Dr.Tóth József,magyar,https://www.uni-corvinus.hu/tantargyak/2KA21NDK03B?semester=2019/20/2
Regionális gazdaságtan,3,dr. Forman Balázs,magyar,https://www.uni-corvinus.hu/tantargyak/7GF20NAK33M?semester=2019/20/2
Regionális gazdaságtan,6,Dr. Nagy Sándor Gyula,magyar,https://www.uni-corvinus.hu/tantargyak/NPVG010NMMB?semester=2025/26/1
Regionális gazdaságtan I.,4,Dr. Lieszkovszky József Pál,magyar,https://www.uni-corvinus.hu/tantargyak/2GF26NAK04B?semester=2022/23/1
Regionális gazdaságtan II.,5,dr. Forman Balázs,magyar,https://www.uni-corvinus.hu/tantargyak/2GF26NAK05B?semester=2019/20/2
Regionális politikák,3,dr. Forman Balázs,magyar,https://www.uni-corvinus.hu/tantargyak/2GF26NDK04B?semester=2019/20/2
Regionális politikák,6,Dr. Salamin Géza,magyar,https://www.uni-corvinus.hu/tantargyak/7GF20NAK05B?semester=2025/26/1
Regionális tanulmányok,6,Dr. Matura Tamás Attila,magyar,https://www.uni-corvinus.hu/tantargyak/7NK40NGK76B?semester=2024/25/2
Regionális világgazdaságtan,3,Dr. Endrődi-Kovács Viktória,magyar,https://www.uni-corvinus.hu/tantargyak/4VG32NAK01M?semester=2020/21/2
Regionális világgazdaságtan,6,Dr. Endrődi-Kovács Viktória,magyar,https://www.uni-corvinus.hu/tantargyak/4VG32NAV79M?semester=2025/26/1
Regionalism and Inter-Regionalism in International Relations,6,dr. Lehoczki Bernadett Judit,magyar,https://www.uni-corvinus.hu/tantargyak/PHN_REGINTERREGINTREL?semester=2024/25/2
Regionalizmus és nemzetközi intézmények,3,dr. Lehoczki Bernadett Judit,magyar,https://www.uni-corvinus.hu/tantargyak/7NK40NGKF2B?semester=2024/25/2
Regions and Policies of the EU,3,Kollai István,magyar,https://www.uni-corvinus.hu/tantargyak/NPGG048NABB?semester=2025/26/1
Reklám a tömegmédiában,4,Dr. Csordás Tamás Viktor,magyar,https://www.uni-corvinus.hu/tantargyak/MARK001NMBB?semester=2024/25/2
Reklámkommunikáció,3,Dr. Komár Zita,magyar,https://www.uni-corvinus.hu/tantargyak/7PE20NAVK6M?semester=2019/20/2
Rendezvényszervezés,magyar,Dr. Ásványi Katalin,magyar,https://www.uni-corvinus.hu/tantargyak/7PE20NGK75B?semester=2019/20/2
Rendezvényszervezés,4,Dr. Ásványi Katalin,angol,https://www.uni-corvinus.hu/tantargyak/2GF26NCK17B?semester=2025/26/1
Rendezvényszervezés,5,Dr. Keller Krisztina,magyar,https://www.uni-corvinus.hu/tantargyak/2MA41LAK13S?semester=2024/25/2
Rendezvényszervezés,6,Balogh Zoltán,magyar,https://www.uni-corvinus.hu/tantargyak/MATT015NMBB?semester=2024/25/1
Rendszerfejlesztés,5,Magyar Melinda,magyar,https://www.uni-corvinus.hu/tantargyak/2SZ31EAK04S?semester=2024/25/2
Rendszerfejlesztés és IT projektmenedzsment (projekttárgy),6,Dr. Klimkó Gábor György,magyar,https://www.uni-corvinus.hu/tantargyak/INIR051LMBB?semester=2025/26/1
Rendszerfejlesztés és IT projektmenedzsment (projekttárgy),9,Magyar Melinda,magyar,https://www.uni-corvinus.hu/tantargyak/INIR040NMBB?semester=2025/26/1
Rendszerfejlesztés és IT projektmenedzsment (projekttárgy),9,Magyar Melinda,magyar,https://www.uni-corvinus.hu/tantargyak/ADIN118NMBB?semester=2025/26/1
Rendszertervezés és működtetés,magyar,Géró Györgyi,magyar,https://www.uni-corvinus.hu/tantargyak/7PE20LAK91S?semester=2020/21/1
Reprezentációelméletek,3,Dr. Medve-Bálint Gergő,angol,https://www.uni-corvinus.hu/tantargyak/7PE20NAKB5M?semester=2019/20/2
Research Design,3,Dr. Jeney László Botond,angol,https://www.uni-corvinus.hu/tantargyak/4OG33NAK41M?semester=2019/20/2
Research Design,3,Dr. Almadi Sejla,angol,https://www.uni-corvinus.hu/tantargyak/7VG32NAK36M?semester=2020/21/1
Research Design,3,Dr. Medve-Bálint Gergő,magyar,https://www.uni-corvinus.hu/tantargyak/7VG32NBKC1M?semester=2019/20/2
Research Design,6,Dr. Győrffy Dóra,magyar,https://www.uni-corvinus.hu/tantargyak/GKOI019NAMB?semester=2024/25/2
Research Design,6,Dr. Győrffy Dóra,angol,https://www.uni-corvinus.hu/tantargyak/PHNKP003?semester=2024/25/2
"Research Design (ISS, WE)",6,Dr. Almadi Sejla,magyar,https://www.uni-corvinus.hu/tantargyak/PHN_RES_DES?semester=2019/20/2
Research Design in Comparative Studies,6,Dr. Medve-Bálint Gergő,magyar,https://www.uni-corvinus.hu/tantargyak/PHNKP051?semester=2024/25/2
Research Forum 4,6,Dr. Bartus Tamás,magyar,https://www.uni-corvinus.hu/tantargyak/PHS_RESFOR4?semester=2024/25/2
Research funding and implementation in the EU ecosystem,6,Kőváriné dr. Ignáth Éva,angol,https://www.uni-corvinus.hu/tantargyak/GLOB011NAMB?semester=2023/24/2
Research funding and implementation in the EU ecosystem,6,Kőváriné dr. Ignáth Éva,magyar,https://www.uni-corvinus.hu/tantargyak/GLOB093NAMB?semester=2024/25/2
Research in Behavioral Economics,6,Kiss Hubert János,magyar,https://www.uni-corvinus.hu/tantargyak/KOZG012NAMB?semester=2025/26/1
Research in Behavioral Economics,3,Kiss Hubert János,magyar,https://www.uni-corvinus.hu/tantargyak/KOZG119NAMB?semester=2025/26/1
"Research Methodology: Theories, Concepts and Research Design II.",3,dr. Vékony Dániel,magyar,https://www.uni-corvinus.hu/tantargyak/GLOB069NABB?semester=2024/25/2
Research Practicum,3,Dr. Vicsek Lilla Mária,magyar,https://www.uni-corvinus.hu/tantargyak/7SO30NCKQ2B?semester=2020/21/2
Research Process,6,Robert Faff,magyar,https://www.uni-corvinus.hu/tantargyak/PHCDI009?semester=2024/25/2
Research Seminar 1,6,Dr. Bartus Tamás,magyar,https://www.uni-corvinus.hu/tantargyak/PHS_RESE?semester=2019/20/2
Research Seminar 2,6,Prof.Dr. Nagy Beáta,magyar,https://www.uni-corvinus.hu/tantargyak/PHS_RESSEM2?semester=2021/22/2
Research Seminar 4,6,Dr. Bartus Tamás,angol,https://www.uni-corvinus.hu/tantargyak/PHS_RES4?semester=2019/20/2
Research Seminar II. Writing the Literature Review,6,Prof.Dr. Nagy Beáta,magyar,https://www.uni-corvinus.hu/tantargyak/PHSZK036?semester=2024/25/2
Research Seminar IV. Research Design,6,Dr. Pásztor Adél,magyar,https://www.uni-corvinus.hu/tantargyak/PHSZK038?semester=2024/25/2
Responsible Data Science,3,Vásárhelyi Orsolya,magyar,https://www.uni-corvinus.hu/tantargyak/ADIN148NAMB?semester=2025/26/1
Retail Experience,6,Dr. Habil Agárdi Irma,magyar,https://www.uni-corvinus.hu/tantargyak/MARK025NAMB?semester=2025/26/1
Rethinking Central Asian Security,magyar,Rétvári Márton Gergely,angol,https://www.uni-corvinus.hu/tantargyak/GLAS012?semester=2025/26/1
Rhetoric,3,Dr. Gyulai Attila,magyar,https://www.uni-corvinus.hu/tantargyak/7PE20NDVK6B?semester=2020/21/1
Rhetoric and politics,6,Dömötör Barbara Mária,magyar,https://www.uni-corvinus.hu/tantargyak/PHNKP039?semester=2024/25/2
Risk management and financial institutions,6,Dr. Tamásné Vőneki Zsuzsanna,magyar,https://www.uni-corvinus.hu/tantargyak/PSBV007NAMB?semester=2025/26/1
Risk Management and Financial Institutions,6,Dömötör Barbara Mária,magyar,https://www.uni-corvinus.hu/tantargyak/PSBV108NAMB?semester=2025/26/1
Risk Management and Financial Institutions,6,Dömötör Barbara Mária,magyar,https://www.uni-corvinus.hu/tantargyak/PENZ046NAMB?semester=2024/25/2
Rule of Law and Democracy in Europe,3,Dr. Kelemen Zoltán,angol,https://www.uni-corvinus.hu/tantargyak/7NK40NGVC1B?semester=2021/22/1
Rule of Law and Democracy in Europe,6,Dr. Kelemen Zoltán,magyar,https://www.uni-corvinus.hu/tantargyak/GLOB171NABB?semester=2025/26/1
Rural development and agriculture policy in Europe,3,Dr. Bálint Csaba,magyar,https://www.uni-corvinus.hu/tantargyak/7GF20NAV14B?semester=2025/26/1
"Russia, China and the International Politics of Eurasia",magyar,Sz. Biró Zoltán,magyar,https://www.uni-corvinus.hu/tantargyak/GLAS007?semester=2025/26/1
Russian Foreign Policy,magyar,Horváth Evelin,magyar,https://www.uni-corvinus.hu/tantargyak/GLAS010?semester=2025/26/1
"Sajtókapcsolatok irányítása, riportkészítés",5,Dr. Szabó Júlia (Sipos Júlia),magyar,https://www.uni-corvinus.hu/tantargyak/7PE20NGKH3M?semester=2019/20/2
Sales Management,3,Dr. Habil Gáti Mirkó György,egyéb,https://www.uni-corvinus.hu/tantargyak/293NMANV570M?semester=2020/21/1
Sales Management,3,Dr. Patrick Bohl,magyar,https://www.uni-corvinus.hu/tantargyak/MARK077NAMB?semester=2025/26/1
SAP nagyvállalati megoldás,5,dr. Ternai Katalin,magyar,https://www.uni-corvinus.hu/tantargyak/2IR32NBK02B?semester=2024/25/2
"Science, politics, society: Case studies from the 20th and 21st century",3,Dr. Demeter Tamás,magyar,https://www.uni-corvinus.hu/tantargyak/NPPT037NABB?semester=2024/25/2
Security Studies,6,dr. Gálik Zoltán,angol,https://www.uni-corvinus.hu/tantargyak/7NK40NBKB8B?semester=2020/21/1
Security Studies,6,Dr. Rácz András,magyar,https://www.uni-corvinus.hu/tantargyak/GLOB049NAMB?semester=2025/26/1
Self-management,3,Dr. Blaskovics Bálint,angol,https://www.uni-corvinus.hu/tantargyak/VF00078LASB?semester=2021/22/1
Self-Service Data Mining,3,Dr. Vas Réka Franciska,magyar,https://www.uni-corvinus.hu/tantargyak/ADIN013NABB?semester=2024/25/2
Services Marketing,6,Dr. Kolos Krisztina Ágnes,angol,https://www.uni-corvinus.hu/tantargyak/293NMARV523B?semester=2020/21/1
Services Marketing,6,Dr. Jackson Kevin Michael,magyar,https://www.uni-corvinus.hu/tantargyak/MARK091NABB?semester=2024/25/2
Services Marketing and Customer Experience,6,Dr. Kenesei Zsófia,magyar,https://www.uni-corvinus.hu/tantargyak/MARK007NAMB?semester=2025/26/1
Services Marketing and Customer Experience,6,Dr. Kenesei Zsófia,magyar,https://www.uni-corvinus.hu/tantargyak/MARK078NAMB?semester=2025/26/1
Serving International Customers,6,Miskolcziné Dr. Gábriel Mónika,magyar,https://www.uni-corvinus.hu/tantargyak/VGLE060NABB?semester=2024/25/2
Shadow banking,angol,Dr. Szántó Richárd,magyar,https://www.uni-corvinus.hu/tantargyak/KOZNX4MN01?semester=2019/20/2
Skill seminar (CEMS),2,Dr. Szántó Richárd,magyar,https://www.uni-corvinus.hu/tantargyak/OPDO065NAMB?semester=2024/25/2
Skill seminar II. (CEMS),1,Dr. Szalai Máté,angol,https://www.uni-corvinus.hu/tantargyak/OPDO067NAMB?semester=2024/25/2
Small State Studies,3,Professor Emerita Dr. Elekes Zsuzsanna,magyar,https://www.uni-corvinus.hu/tantargyak/7NK40NFVA6M?semester=2019/20/2
Social and Environmental Challenges – a Regional Perspective,6,Mendly Dorottya,magyar,https://www.uni-corvinus.hu/tantargyak/GLOB139NABB?semester=2025/26/1
Social and Human Dimensions of Economic Development,6,Kollai István,magyar,https://www.uni-corvinus.hu/tantargyak/7VG32NBKF1M?semester=2025/26/1
Social Choice and Fair Division,magyar,Dr. Benczes Réka Ágnes,angol,https://www.uni-corvinus.hu/tantargyak/4MA12NAV27B?semester=2025/26/1
Social Communication,3,Dr. Szántay Antal Péter,angol,https://www.uni-corvinus.hu/tantargyak/7PE20NGKF2B?semester=2019/20/2
Social foundations of local development,angol,Dr. Pásztor Adél,angol,https://www.uni-corvinus.hu/tantargyak/7TSLDNAK03M?semester=2019/20/2
Social History,3,Medgyesi Márton,magyar,https://www.uni-corvinus.hu/tantargyak/7GT02NBK99B?semester=2020/21/1
Social Inequalities,3,Dr. Jessie Labov,magyar,https://www.uni-corvinus.hu/tantargyak/7SO30NGKF8B?semester=2020/21/1
Social inequalities: causes and consequences,6,Esteban Munoz,magyar,https://www.uni-corvinus.hu/tantargyak/CIAS005NABB?semester=2025/26/1
Social Networks in Economic Geography,6,Dr. Lengyel Balázs,magyar,https://www.uni-corvinus.hu/tantargyak/PHKGI044?semester=2024/25/2
Social Philosophy,3,Dr. Hoppál Bulcsú Kál,angol,https://www.uni-corvinus.hu/tantargyak/7PO10NXV22M?semester=2020/21/1
Social Philosophy,3,Dr. Hoppál Bulcsú Kál,magyar,https://www.uni-corvinus.hu/tantargyak/NPPT003NABB?semester=2024/25/2
Social Policy,6,Dr. Gál Róbert,magyar,https://www.uni-corvinus.hu/tantargyak/7SO30NDVT9B?semester=2024/25/2
Social Psychology,4,Juhászné Dr. Klér Andrea,magyar,https://www.uni-corvinus.hu/tantargyak/KSPV001NABB?semester=2025/26/1
Social Science Elective Erasmus,6,Dr. Kacsirek László,magyar,https://www.uni-corvinus.hu/tantargyak/VALL009NABB?semester=2024/25/2
Social Science Methodology,magyar,Dr. Bartus Tamás,angol,https://www.uni-corvinus.hu/tantargyak/GLAS001?semester=2025/26/1
Social Science Research Methods,6,Varga Ákos,magyar,https://www.uni-corvinus.hu/tantargyak/7SO30NEKL6B?semester=2020/21/2
Social Science Research Methods I.,3,Dr. Pásztor Adél,magyar,https://www.uni-corvinus.hu/tantargyak/7PE20NGKJ8B?semester=2024/25/2
Sociological theories,magyar,Dr. Melegh Attila,angol,https://www.uni-corvinus.hu/tantargyak/TARS065NAMB?semester=2025/26/1
Sociology of Health,3,Professor Emerita Dr. Elekes Zsuzsanna,magyar,https://www.uni-corvinus.hu/tantargyak/7SO30NHKBM?semester=2020/21/1
Soft Competencies in Project Management,6,Dr. Blaskovics Bálint,magyar,https://www.uni-corvinus.hu/tantargyak/VEZ0104NAMB?semester=2025/26/1
Soft skills that make a difference,5,Walter György,magyar,https://www.uni-corvinus.hu/tantargyak/2SM95LGV17D?semester=2020/21/1
Software Engineering,6,Pintér Gergő,magyar,https://www.uni-corvinus.hu/tantargyak/INIR033NAMB?semester=2025/26/1
Software engineering,6,Dr. Mohácsi László,magyar,https://www.uni-corvinus.hu/tantargyak/INSA039NMBB?semester=2023/24/1
Software Engineering,6,Dr. Mohácsi László,magyar,https://www.uni-corvinus.hu/tantargyak/ADIN011NABB?semester=2025/26/1
Software engineering,6,Dr. Csáki Csaba,magyar,https://www.uni-corvinus.hu/tantargyak/ADIN071EMMB?semester=2024/25/2
Software Engineering,6,Dr. Csáki Csaba,magyar,https://www.uni-corvinus.hu/tantargyak/ADIN042NAMB?semester=2025/26/1
South Asia Studies,3,Dr. Csicsmann László,magyar,https://www.uni-corvinus.hu/tantargyak/7NK40NDDK9M?semester=2020/21/1
Spanish language – Beginners,3,Carolina Lopez Perez,magyar,https://www.uni-corvinus.hu/tantargyak/SPA101?semester=2020/21/1
Spanyol (A1/1 szint t.mentes),3,Kőszegi Dávid,magyar,https://www.uni-corvinus.hu/tantargyak/IOK0286SPAA?semester=2024/25/2
Spanyol (A1/1 szint térítéses),magyar,Kőszegi Dávid,magyar,https://www.uni-corvinus.hu/tantargyak/IOK0287SPAA?semester=2024/25/2
Spanyol (A1/2 szint t.mentes),3,Kőszegi Dávid,egyéb,https://www.uni-corvinus.hu/tantargyak/IOK0288SPAA?semester=2024/25/2
Spanyol (A1/2 szint térítéses),magyar,Kőszegi Dávid,magyar,https://www.uni-corvinus.hu/tantargyak/IOK0289SPAA?semester=2024/25/2
"Spanyol (ált., felső, t.mentes)/1",3,Kőszegi Dávid,magyar,https://www.uni-corvinus.hu/tantargyak/7IL50NNV99B?semester=2020/21/1
"Spanyol (ált., felső, t.mentes)/1",3,Kőszegi Dávid,egyéb,https://www.uni-corvinus.hu/tantargyak/IOK0294SPAF?semester=2024/25/1
"Spanyol (ált., felső, t.mentes)/2",3,Kőszegi Dávid,magyar,https://www.uni-corvinus.hu/tantargyak/IOK0296SPAF?semester=2024/25/2
"Spanyol (ált., felső, térítéses)/1",magyar,Kőszegi Dávid,egyéb,https://www.uni-corvinus.hu/tantargyak/7IL50NNV97B?semester=2020/21/1
"Spanyol (ált., felső, térítéses)/1",egyéb,Kőszegi Dávid,magyar,https://www.uni-corvinus.hu/tantargyak/IOK0295SPAF?semester=2024/25/1
Spanyol (nemzetközi kapcs.felsőfok t.mentes)/2,3,Kőszegi Dávid,magyar,https://www.uni-corvinus.hu/tantargyak/IOK0312SPNF?semester=2024/25/2
Spanyol (nemzetközi kapcs.felsőfok térítéses)/2,magyar,Kőszegi Dávid,egyéb,https://www.uni-corvinus.hu/tantargyak/IOK0313SPNF?semester=2024/25/2
"Spanyol (szakmai előkészítő, t.mentes)/1",3,Kőszegi Dávid,egyéb,https://www.uni-corvinus.hu/tantargyak/7IL50NNVA4B?semester=2022/23/1
"Spanyol (szakmai előkészítő, t.mentes)/2",3,Kőszegi Dávid,egyéb,https://www.uni-corvinus.hu/tantargyak/7IL50NNVA5B?semester=2023/24/2
"Spanyol (szakmai előkészítő, térítéses)/2",egyéb,Kőszegi Dávid,egyéb,https://www.uni-corvinus.hu/tantargyak/7IL50NNVA3B?semester=2021/22/2
"Spanyol (szakmai, felső, t.mentes)/1",3,Kőszegi Dávid,egyéb,https://www.uni-corvinus.hu/tantargyak/7IL50NNVA8B?semester=2021/22/1
"Spanyol (szakmai, közép, t.mentes)/2",3,Kőszegi Dávid,egyéb,https://www.uni-corvinus.hu/tantargyak/7IL50NNVB4B?semester=2023/24/2
"Spanyol (szakmai, közép, térítéses)/1",egyéb,Kőszegi Dávid,magyar,https://www.uni-corvinus.hu/tantargyak/7IL50NNVB1B?semester=2022/23/1
"Spanyol (szakmai, közép, térítéses)/2",egyéb,Kőszegi Dávid,egyéb,https://www.uni-corvinus.hu/tantargyak/7IL50NNVB2B?semester=2021/22/2
Spanyol-magyar társadalomtudományi szakszövegfordítás,3,Géró Györgyi,magyar,https://www.uni-corvinus.hu/tantargyak/7PE20NAVL9B?semester=2019/20/2
Spatial development and regionalization,magyar,Dr. Kocsis Tamás,magyar,https://www.uni-corvinus.hu/tantargyak/7VG32NBVC9M?semester=2025/26/1
Sport és fenntarthatóság,3,Dr. Sárközy Szabolcs,magyar,https://www.uni-corvinus.hu/tantargyak/7GF20NAK32M?semester=2020/21/1
Sport és közbeszerzési jog,5,Dr. Dúró József,magyar,https://www.uni-corvinus.hu/tantargyak/2VL60NAK07SM?semester=2021/22/1
Sportágak gazdaságtana,5,Dr. Máté Tünde,magyar,https://www.uni-corvinus.hu/tantargyak/2VL60NAK04SM?semester=2020/21/1
Sportágak gazdaságtana,3,Dr. Máté Tünde,magyar,https://www.uni-corvinus.hu/tantargyak/2VL60NAK09M?semester=2020/21/1
Sportágak gazdaságtana,3,Dr. Máté Tünde,magyar,https://www.uni-corvinus.hu/tantargyak/2VL60LAK09M?semester=2024/25/2
Sportgazdasági kutatások kvantitatív módszerei,3,Dr. Kajos Attila,magyar,https://www.uni-corvinus.hu/tantargyak/2VL60NAV03SM?semester=2020/21/2
Sportgazdasági kutatások kvantitatív módszerei,3,Dr. Kajos Attila,magyar,https://www.uni-corvinus.hu/tantargyak/VGUG003NMMS?semester=2023/24/2
Sportgazdasági kutatások kvantitatív módszerei,3,Dr. Kajos Attila,magyar,https://www.uni-corvinus.hu/tantargyak/VGUG007NMMSD?semester=2023/24/2
Sportmarketing-média,5,Dr. Máté Tünde,magyar,https://www.uni-corvinus.hu/tantargyak/2MA41NAK14SM?semester=2019/20/2
Sportrendezvények menedzsmentje,3,Dr. Máté Tünde,magyar,https://www.uni-corvinus.hu/tantargyak/2VL60NAV06B?semester=2020/21/1
Sportrendezvények menedzsmentje,3,Dr. Máté Tünde,magyar,https://www.uni-corvinus.hu/tantargyak/2VL60NAV06SB?semester=2025/26/1
Sportrendezvények menedzsmentje,5,Dr. Máté Tünde,magyar,https://www.uni-corvinus.hu/tantargyak/2VL60NAK03SB?semester=2020/21/2
Sportrendezvények menedzsmentje,6,Dr. Havran Zsolt,magyar,https://www.uni-corvinus.hu/tantargyak/VGUG033NMBS?semester=2024/25/2
Sportrendezvények menedzsmentje,5,Dr. Máté Tünde,magyar,https://www.uni-corvinus.hu/tantargyak/VGUG040NMBB?semester=2025/26/1
Sportrendezvények menedzsmentje,6,Szabó Ágnes,magyar,https://www.uni-corvinus.hu/tantargyak/VALL021NMBB?semester=2025/26/1
Sportszolgáltatások menedzsmentje,6,Dr. Havran Zsolt,magyar,https://www.uni-corvinus.hu/tantargyak/VGUG034NMBS?semester=2025/26/1
Sportturizmus,2,Dr. Miskolczi Márk,magyar,https://www.uni-corvinus.hu/tantargyak/2MA41NAK15M?semester=2020/21/1
Sportturizmus,2,Dr. Miskolczi Márk,magyar,https://www.uni-corvinus.hu/tantargyak/2MA41LAK15M?semester=2020/21/1
Sportüzleti esettanulmányok,4,Kozma Miklós Attila,magyar,https://www.uni-corvinus.hu/tantargyak/2VL60NAK11M?semester=2024/25/2
Sportüzleti esettanulmányok,4,Kozma Miklós Attila,magyar,https://www.uni-corvinus.hu/tantargyak/2VL60LAK11M?semester=2024/25/2
Stakeholder management,5,Dr. Blaskovics Bálint,magyar,https://www.uni-corvinus.hu/tantargyak/VF00080LASB?semester=2025/26/1
Stakeholder management,5,Dr. Blaskovics Bálint,magyar,https://www.uni-corvinus.hu/tantargyak/VEZ0047LASB?semester=2025/26/1
Start-up menedzsment,4,dr. Kállay László Tibor,magyar,https://www.uni-corvinus.hu/tantargyak/VF00103NMMB?semester=2025/26/1
Start-up menedzsment,4,dr. Kállay László Tibor,magyar,https://www.uni-corvinus.hu/tantargyak/VALL039NMMB?semester=2025/26/1
Start-up Navigator: The Entrepreneurial Perspective,6,Gittins Timothy Benjamin,magyar,https://www.uni-corvinus.hu/tantargyak/2KV71NAV02M?semester=2024/25/2
Start-upok és innovációk a pénzügyi szektorban,6,Dr. Pintér Éva,magyar,https://www.uni-corvinus.hu/tantargyak/VALL012NMMB?semester=2025/26/1
State Failure and State Building,6,dr. Marton Péter,magyar,https://www.uni-corvinus.hu/tantargyak/KOZNXV4VI82?semester=2025/26/1
State Failure and State-building,3,dr. Marton Péter,angol,https://www.uni-corvinus.hu/tantargyak/7NK40NFV22M?semester=2019/20/2
Statehood and Nationality in Central Europe,magyar,Ricz Judit,magyar,https://www.uni-corvinus.hu/tantargyak/GLAS006?semester=2025/26/1
States and Globalisation,6,Cserháti Ilona,magyar,https://www.uni-corvinus.hu/tantargyak/GLOB104NAMB?semester=2025/26/1
Statistical Business Analytics,6,Dr. Kovács Gábor István,magyar,https://www.uni-corvinus.hu/tantargyak/MSST013NABB?semester=2025/26/1
Statistical Methods for Comparative Research,6,Dr. Bartus Tamás,magyar,https://www.uni-corvinus.hu/tantargyak/7SO30NHKI5M?semester=2025/26/1
Statistical Methods for Comparative Research,9,Dr. Bartus Tamás,magyar,https://www.uni-corvinus.hu/tantargyak/7SO30NCKQ7M?semester=2025/26/1
Statistical methods in energy markets II.,3,Szabó László,magyar,https://www.uni-corvinus.hu/tantargyak/REKK018LASB?semester=2024/25/2
Statistical Modelling,12,Kovács László,magyar,https://www.uni-corvinus.hu/tantargyak/ADIN010NABB?semester=2024/25/2
Statistics,3,Kovács László,magyar,https://www.uni-corvinus.hu/tantargyak/4ST14NAK10B?semester=2024/25/2
Statistics,8,Oroszné Dr. Csesznák Anita Ilona,magyar,https://www.uni-corvinus.hu/tantargyak/MSST008NABB?semester=2024/25/2
Statistics 1.,6,Oroszné Dr. Csesznák Anita Ilona,magyar,https://www.uni-corvinus.hu/tantargyak/OPDO026NAMB?semester=2025/26/1
Statistics 2.,6,Oroszné Dr. Csesznák Anita Ilona,magyar,https://www.uni-corvinus.hu/tantargyak/OPDO028NAMB?semester=2024/25/2
Statistics I.,6,Dr. Sugár András,magyar,https://www.uni-corvinus.hu/tantargyak/293NSTAK146B?semester=2019/20/2
Statistics I.,6,Szemerédi Katalin Ágnes,magyar,https://www.uni-corvinus.hu/tantargyak/4ST14NAK27B?semester=2025/26/1
Statistics II.,6,Szemerédi Katalin Ágnes,angol,https://www.uni-corvinus.hu/tantargyak/4ST14NAK28B?semester=2019/20/2
Statistics II. (Statistical Methods),6,Nyitrai Tamás,magyar,https://www.uni-corvinus.hu/tantargyak/293NSTAK420B?semester=2025/26/1
"Statistics, econometrics, data analysis",6,Dr. Vincze János,angol,https://www.uni-corvinus.hu/tantargyak/PHK_STAT_ÖKONO_ADAT?semester=2019/20/2
Statisztika,3,Balázsné Mócsai Andrea,magyar,https://www.uni-corvinus.hu/tantargyak/4ST14NAK01B?semester=2024/25/2
Statisztika,4,Lukácsné Dr. Balogh Irén,magyar,https://www.uni-corvinus.hu/tantargyak/4ST14NAK09B?semester=2020/21/2
Statisztika,4,Oroszné Dr. Csesznák Anita Ilona,magyar,https://www.uni-corvinus.hu/tantargyak/2VE81LAK05S?semester=2020/21/1
Statisztika,6,Oravecz Beatrix,magyar,https://www.uni-corvinus.hu/tantargyak/4ST14NAK29B?semester=2025/26/1
Statisztika,5,Dr. Sugár András,magyar,https://www.uni-corvinus.hu/tantargyak/4ST14NAK01O?semester=2025/26/1
Statisztika,8,Oroszné Dr. Csesznák Anita Ilona,magyar,https://www.uni-corvinus.hu/tantargyak/MSST012NMBB?semester=2024/25/2
Statisztika Excellel,6,Kovács László,magyar,https://www.uni-corvinus.hu/tantargyak/4ST14NAK39B?semester=2021/22/2
Statisztika Excellel,6,Kovács László,magyar,https://www.uni-corvinus.hu/tantargyak/MSST046NMBB?semester=2025/26/1
Statisztika I,6,Oravecz Beatrix,magyar,https://www.uni-corvinus.hu/tantargyak/MSST026NMBB?semester=2025/26/1
Statisztika I.,5,Balázsné Mócsai Andrea,magyar,https://www.uni-corvinus.hu/tantargyak/4ST14NAK04B?semester=2020/21/2
Statisztika I.,5,Oravecz Beatrix,magyar,https://www.uni-corvinus.hu/tantargyak/4ST14NAK02B?semester=2024/25/2
Statisztika I.,6,Dr. Sugár András,magyar,https://www.uni-corvinus.hu/tantargyak/4ST14NAK23B?semester=2025/26/1
Statisztika I.,5,Balázsné Mócsai Andrea,magyar,https://www.uni-corvinus.hu/tantargyak/2LK95LAK07B?semester=2021/22/1
Statisztika I.,5,Dr. Sugár András,magyar,https://www.uni-corvinus.hu/tantargyak/4ST14NAK12SB?semester=2019/20/2
Statisztika I.,6,Oravecz Beatrix,magyar,https://www.uni-corvinus.hu/tantargyak/MSST032NMBB?semester=2024/25/2
Statisztika I. (emelt szint),5,Keresztély Tibor,magyar,https://www.uni-corvinus.hu/tantargyak/4ST14NAK16B?semester=2019/20/2
Statisztika I. (IMP-SPM),6,Keresztély Tibor,magyar,https://www.uni-corvinus.hu/tantargyak/MSST034NMBB-SPM?semester=2024/25/2
Statisztika II,6,Oravecz Beatrix,magyar,https://www.uni-corvinus.hu/tantargyak/MSST027NMBB?semester=2025/26/1
Statisztika II,6,Balázsné Mócsai Andrea,magyar,https://www.uni-corvinus.hu/tantargyak/MSST049NMBB?semester=2024/25/2
Statisztika II.,5,Balázsné Mócsai Andrea,magyar,https://www.uni-corvinus.hu/tantargyak/4ST14NAK05B?semester=2021/22/1
Statisztika II.,6,Dr. Sugár András,magyar,https://www.uni-corvinus.hu/tantargyak/4ST14NAK24B?semester=2025/26/1
Statisztika II.,5,Oravecz Beatrix,magyar,https://www.uni-corvinus.hu/tantargyak/4ST14NAK25B?semester=2020/21/1
Statisztika II.,5,Balázsné Mócsai Andrea,magyar,https://www.uni-corvinus.hu/tantargyak/2LK95LAK14B?semester=2021/22/1
Statisztika II.,6,Oravecz Beatrix,magyar,https://www.uni-corvinus.hu/tantargyak/4ST14NAK31B?semester=2025/26/1
Statisztika II.,5,Oravecz Beatrix,magyar,https://www.uni-corvinus.hu/tantargyak/4ST14NAK15SB?semester=2020/21/1
Statisztika II.,6,Oravecz Beatrix,magyar,https://www.uni-corvinus.hu/tantargyak/MSST037NMBS?semester=2025/26/1
Statisztika II. (IMP-SPM),5,Keresztély Tibor,magyar,https://www.uni-corvinus.hu/tantargyak/4ST14NAK19B?semester=2025/26/1
Statisztikai adatelemzés,5,Honváriné Kalmár Viktória,magyar,https://www.uni-corvinus.hu/tantargyak/4ST14EAK03S?semester=2019/20/2
Statisztikai módszerek a biztosításban,5,Dr. Vékás Péter,magyar,https://www.uni-corvinus.hu/tantargyak/4OP13NAK23M?semester=2024/25/1
Statisztikai programcsomagok és alkalmazásaik,6,Dr. Sugár András,magyar,https://www.uni-corvinus.hu/tantargyak/4ST14NAV13M?semester=2025/26/1
Statisztikai programcsomagok és alkalmazásaik,5,Dr. Sugár András,magyar,https://www.uni-corvinus.hu/tantargyak/4ST14NAK02O?semester=2025/26/1
Steuerlehre,4,Dr. Puhle Michael,német,https://www.uni-corvinus.hu/tantargyak/2DS91NDK04B?semester=2019/20/2
Stratégia és üzleti tervezés,5,Taródy Dávid Ferenc,magyar,https://www.uni-corvinus.hu/tantargyak/2VE81NGK09B?semester=2020/21/2
Stratégia és üzleti tervezés az agrobizniszben,6,Dr. Balogh Jeremiás Máté,magyar,https://www.uni-corvinus.hu/tantargyak/VF00031NMBB?semester=2025/26/1
Stratégiai emberi erőforrás menedzsment,4,Dr. Takács Sándor,magyar,https://www.uni-corvinus.hu/tantargyak/2VE81NAK03CM?semester=2025/26/1
Stratégiai emberierőforrás menedzsment,5,Dr. Takács Sándor,magyar,https://www.uni-corvinus.hu/tantargyak/2VE81NBK08M?semester=2025/26/1
Stratégiai emberierőforrás menedzsment,5,Dr. Takács Sándor,magyar,https://www.uni-corvinus.hu/tantargyak/VTSM128NMMB?semester=2025/26/1
Stratégiai emberierőforrás-menedzsment,5,Dr. Takács Sándor,magyar,https://www.uni-corvinus.hu/tantargyak/2VE81EAK10M?semester=2019/20/2
Stratégiai és szervezeti modellek,5,Felsmann Balázs,magyar,https://www.uni-corvinus.hu/tantargyak/2VE81NBK02M?semester=2025/26/1
Stratégiai és szervezeti modellek,5,Almási Anikó,magyar,https://www.uni-corvinus.hu/tantargyak/2VE81NCK04M?semester=2020/21/1
Stratégiai és szervezeti modellek,5,Almási Anikó,magyar,https://www.uni-corvinus.hu/tantargyak/2VE81EAK37M?semester=2020/21/1
Stratégiai és szervezeti modellek,6,Almási Anikó,magyar,https://www.uni-corvinus.hu/tantargyak/VEZ0083NMMB?semester=2024/25/2
Stratégiai és üzleti tervezés,4,Dr. Jelen Tibor,magyar,https://www.uni-corvinus.hu/tantargyak/2KV71NCK03B?semester=2021/22/1
Stratégiai és üzleti tervezés,3,Dr. Stocker Miklós György,magyar,https://www.uni-corvinus.hu/tantargyak/2LK95LAK26B?semester=2024/25/2
Stratégiai és üzleti tervezés,3,Dr. Jelen Tibor,magyar,https://www.uni-corvinus.hu/tantargyak/2LK95LBK16B?semester=2019/20/2
Stratégiai és üzleti tervezés,5,Dr. Jelen Tibor,magyar,https://www.uni-corvinus.hu/tantargyak/2SP72LAK23S?semester=2024/25/2
Stratégiai és üzleti tervezés,6,Dr. Marciniak Róbert András,magyar,https://www.uni-corvinus.hu/tantargyak/VTVT009NMBB?semester=2025/26/1
Stratégiai és üzleti tervezés,6,Dr. Stocker Miklós György,magyar,https://www.uni-corvinus.hu/tantargyak/VGUG029LMBB ?semester=2025/26/1
Stratégiai és üzleti tervezés II.,2,Boda György,magyar,https://www.uni-corvinus.hu/tantargyak/2LK94LBK78B?semester=2019/20/2
Stratégiai HR esetek,4,Dr. Takács Sándor,magyar,https://www.uni-corvinus.hu/tantargyak/VTSM097NMMB?semester=2025/26/1
Stratégiai HR esetek,4,Dr. Takács Sándor,magyar,https://www.uni-corvinus.hu/tantargyak/VTSM091NMMB?semester=2025/26/1
Stratégiai HR esetek,8,Dr. Takács Sándor,magyar,https://www.uni-corvinus.hu/tantargyak/VTSM106LMSB?semester=2024/25/2
Stratégiai HR esetek,4,Kiss Csaba,magyar,https://www.uni-corvinus.hu/tantargyak/VEZ0080NMMB?semester=2025/26/1
Stratégiai kommunikáció I.,6,Rétvári Márton Gergely,magyar,https://www.uni-corvinus.hu/tantargyak/7PE20NGKC3B?semester=2024/25/2
Stratégiai kommunikáció II.,6,Pelle Veronika,magyar,https://www.uni-corvinus.hu/tantargyak/7PE20NGKC7B?semester=2024/25/1
Stratégiai kommunikáció III.,6,Pelle Veronika,magyar,https://www.uni-corvinus.hu/tantargyak/7PE20NGKC9B?semester=2024/25/2
Stratégiai menedzsment,5,Deutsch Nikolett,magyar,https://www.uni-corvinus.hu/tantargyak/2SP72NBK01M?semester=2020/21/1
Stratégiai menedzsment,5,Felsmann Balázs,magyar,https://www.uni-corvinus.hu/tantargyak/2VE81NBK03M?semester=2020/21/1
Stratégiai menedzsment,5,Felsmann Balázs,magyar,https://www.uni-corvinus.hu/tantargyak/2VE81LAK17S?semester=2020/21/2
Stratégiai menedzsment,5,Felsmann Balázs,magyar,https://www.uni-corvinus.hu/tantargyak/2VE81EAK09S?semester=2020/21/1
Stratégiai menedzsment,6,Prof. Dr. Szabó Lajos György,angol,https://www.uni-corvinus.hu/tantargyak/PHG_STRAT_MEN?semester=2019/20/2
Stratégiai menedzsment,5,Felsmann Balázs,magyar,https://www.uni-corvinus.hu/tantargyak/2VE81EAK29M?semester=2020/21/1
Stratégiai menedzsment,5,Dr. Stocker Miklós György,magyar,https://www.uni-corvinus.hu/tantargyak/2VE81NBK03SM?semester=2025/26/1
Stratégiai menedzsment,3,Dr. Stocker Miklós György,magyar,https://www.uni-corvinus.hu/tantargyak/2VL60NAK08M?semester=2020/21/2
Stratégiai menedzsment,3,Dr. Stocker Miklós György,magyar,https://www.uni-corvinus.hu/tantargyak/2VL60LAK08M?semester=2020/21/2
Stratégiai menedzsment,6,Dr. Marciniak Róbert András,magyar,https://www.uni-corvinus.hu/tantargyak/VTVT015NMMB?semester=2025/26/1
Stratégiai menedzsment,6,Dr. Marciniak Róbert András,magyar,https://www.uni-corvinus.hu/tantargyak/VEZ0078NMMB?semester=2025/26/1
Stratégiai tanulmányok,3,dr. Marton Péter,magyar,https://www.uni-corvinus.hu/tantargyak/7NK40NDKG4M?semester=2021/22/1
Stratégiai technológia menedzsment,5,Deutsch Nikolett,magyar,https://www.uni-corvinus.hu/tantargyak/2SP72LAK22S?semester=2019/20/2
Stratégiai technológia menedzsment,5,Deutsch Nikolett,magyar,https://www.uni-corvinus.hu/tantargyak/2SP72LAK30S?semester=2025/26/1
Stratégiai technológia menedzsment,4,Deutsch Nikolett,magyar,https://www.uni-corvinus.hu/tantargyak/VF00100NMMB?semester=2025/26/1
Stratégiai technológia menedzsment,4,Deutsch Nikolett,magyar,https://www.uni-corvinus.hu/tantargyak/VALL037NMMB?semester=2025/26/1
"Stratégiai tervezés, vezetés és projektmenedzsment",6,Dr. Péti Márton,magyar,https://www.uni-corvinus.hu/tantargyak/7GF20NAK09M?semester=2020/21/1
"Stratégiai tervezés, vezetés és projektmenedzsment",6,Dr. Jelen Tibor,magyar,https://www.uni-corvinus.hu/tantargyak/7GF20LSZ09M?semester=2025/26/1
Stratégiai vállalkozás és innováció vezetése,5,Deutsch Nikolett,magyar,https://www.uni-corvinus.hu/tantargyak/2VE81NAV10M?semester=2025/26/1
Stratégiai vállalkozás és innováció vezetése,5,Dr. Hortoványi Lilla,magyar,https://www.uni-corvinus.hu/tantargyak/2VE81NAV10SM?semester=2021/22/2
Stratégiai vezetői számvitel,5,Reizingerné Dr. Ducsai Anita,magyar,https://www.uni-corvinus.hu/tantargyak/2PU51NCK02M?semester=2025/26/1
Stratégiai vezetői számvitel,3,Dr. Martin Kíra,magyar,https://www.uni-corvinus.hu/tantargyak/SZAM022NMMB?semester=2023/24/2
Strategic and Organizational Models,5,Bodnár Viktória,magyar,https://www.uni-corvinus.hu/tantargyak/2DS91NAK04M?semester=2025/26/1
Strategic Communication II.,6,Rétvári Márton Gergely,angol,https://www.uni-corvinus.hu/tantargyak/7PE20NGKK7B?semester=2020/21/1
Strategic Communication III.,6,Rétvári Márton Gergely,magyar,https://www.uni-corvinus.hu/tantargyak/7PE20NGKK9B?semester=2024/25/2
Strategic Financial Analysis,6,Dr. Fiáth Attila,magyar,https://www.uni-corvinus.hu/tantargyak/2BE52NAV03M?semester=2025/26/1
Strategic International Management,6,Dr. Stocker Miklós György,magyar,https://www.uni-corvinus.hu/tantargyak/VTVT019MMMB?semester=2024/25/2
"Strategic Planning, Leadership and Projectmanagement",3,Dr. Péti Márton,angol,https://www.uni-corvinus.hu/tantargyak/7GF20NAK67M?semester=2019/20/2
Strategic positioning for competitive advantage,6,Dr. Horváth Dóra,magyar,https://www.uni-corvinus.hu/tantargyak/VTVT010NMBB?semester=2024/25/2
Strategisches Denken,5,Dr. Huszák Loretta,magyar,https://www.uni-corvinus.hu/tantargyak/2KG23NAV02M?semester=2025/26/1
Strategisches Denken,3,Dr. Huszák Loretta,magyar,https://www.uni-corvinus.hu/tantargyak/2KG23NAV03M?semester=2025/26/1
Strategisches Human Ressourcen Management,4,Kiss Csaba,magyar,https://www.uni-corvinus.hu/tantargyak/2VE81NAV14M?semester=2025/26/1
Strategisches Human Ressourcen Management,5,Kiss Csaba,magyar,https://www.uni-corvinus.hu/tantargyak/2VE81NAV26M?semester=2025/26/1
Strategy and leadership,3,Dr. Stocker Miklós György,magyar,https://www.uni-corvinus.hu/tantargyak/VEZ0069NAMB?semester=2024/25/2
Strategy and Project,6,Dr. Rouven Edgar Haschka,magyar,https://www.uni-corvinus.hu/tantargyak/VEZ0102NAMB?semester=2025/26/1
Strategy for Global Industries,6,Dr. Stocker Miklós György,magyar,https://www.uni-corvinus.hu/tantargyak/STRA_GLOBIND?semester=2025/26/1
Strategy in action,6,Szukits Ágnes,magyar,https://www.uni-corvinus.hu/tantargyak/VGUG026NMBB?semester=2025/26/1
Strategy Tools,5,Walter György,magyar,https://www.uni-corvinus.hu/tantargyak/2SM95LFK05D?semester=2020/21/1
"Strategy, Geostrategy, and Foreign Policy",6,Dr. Morgado Nuno,magyar,https://www.uni-corvinus.hu/tantargyak/CIAS006NAMB?semester=2024/25/2
Stressz és kiégés,3,Dr. Sass Judit Gabriella,magyar,https://www.uni-corvinus.hu/tantargyak/7PE20LPKC6M?semester=2019/20/2
Stresszkezelés a szervezetben,3,Dr. Sass Judit Gabriella,magyar,https://www.uni-corvinus.hu/tantargyak/7PE20NGKA2B?semester=2019/20/2
Student Managed Investment Fund,6,Dr. Naffa Helena,magyar,https://www.uni-corvinus.hu/tantargyak/STUMA_VTBEF?semester=2024/25/2
Student Managed Investment Fund,6,Dr. Naffa Helena,magyar,https://www.uni-corvinus.hu/tantargyak/FINMA_VTBEF1?semester=2024/25/2
Student Managed Investment Fund (SMIF),6,Dr. Naffa Helena,magyar,https://www.uni-corvinus.hu/tantargyak/PSBV114NAMB?semester=2025/26/1
Student Managed Investment Fund (SMIF),6,Dr. Naffa Helena,magyar,https://www.uni-corvinus.hu/tantargyak/PENZ052NAMB?semester=2025/26/1
Studies on Equal Opportunities,3,Dr. Gál Róbert,angol,https://www.uni-corvinus.hu/tantargyak/7SO30NGKF5B?semester=2020/21/1
Studies on Men and Masculinities,3,Dr. Hadas Miklós,magyar,https://www.uni-corvinus.hu/tantargyak/7SO30NCVQ6M?semester=2020/21/1
Stúdió gyakorlat,5,Kovács Lajos,magyar,https://www.uni-corvinus.hu/tantargyak/7PE20NGKH4M?semester=2019/20/2
Supply Chain and Operations Management,5,Demeter Krisztina,magyar,https://www.uni-corvinus.hu/tantargyak/2SM95LDK06D?semester=2020/21/1
Supply Chain Management,6,Dr. Gelei Andrea,angol,https://www.uni-corvinus.hu/tantargyak/SUCHA_VTVLG?semester=2019/20/2
Supply Planning,6,Dr. Vörösmarty Gyöngyi,magyar,https://www.uni-corvinus.hu/tantargyak/OPDO019NAMB?semester=2025/26/1
Survey Design,6,Prof. Dr. Rencz Fanni,angol,https://www.uni-corvinus.hu/tantargyak/PHP_SURVDES?semester=2019/20/2
Survey Research Methods in Healthcare,6,Prof. Dr. Rencz Fanni,magyar,https://www.uni-corvinus.hu/tantargyak/TARS089NAMB?semester=2025/26/1
Survey-adatok elemzése,6,Dr. Bartus Tamás,magyar,https://www.uni-corvinus.hu/tantargyak/7SO30NCKN7M?semester=2025/26/1
Sustainability and Ethics,5,Dr. Ásványi Katalin,magyar,https://www.uni-corvinus.hu/tantargyak/VGDE002NMMB?semester=2024/25/2
Sustainability Management,6,Vetőné Mózner Zsófia,magyar,https://www.uni-corvinus.hu/tantargyak/VGLE035NABB?semester=2024/25/2
Sustainability management case studies,6,Prof. Dr. Zsóka Ágnes,magyar,https://www.uni-corvinus.hu/tantargyak/MARK149NABB?semester=2025/26/1
Sustainable and Ethical Marketing,magyar,Dr. Ásványi Katalin,magyar,https://www.uni-corvinus.hu/tantargyak/MARK020NAMB?semester=2024/25/2
Sustainable food system,6,Dr. Jámbor Attila,magyar,https://www.uni-corvinus.hu/tantargyak/PHG082?semester=2024/25/2
Sustainable Transport and Mobility Studies,3,Dr. Lieszkovszky József Pál,angol,https://www.uni-corvinus.hu/tantargyak/FENT037NABB?semester=2024/25/1
Sustainable Value Creation,3,Dr. Ócsai András,magyar,https://www.uni-corvinus.hu/tantargyak/CIAS007NABB?semester=2024/25/2
System Development and IT Project Management,9,Dr. Klimkó Gábor György,magyar,https://www.uni-corvinus.hu/tantargyak/ADIN170NABB?semester=2025/26/1
Szabadidő és turizmus,4,Dr. Keller Krisztina,magyar,https://www.uni-corvinus.hu/tantargyak/2GF26NAV08B?semester=2024/25/1
Szabadidő és turizmus,4,Dr. Keller Krisztina,magyar,https://www.uni-corvinus.hu/tantargyak/2GF26NAV08SB?semester=2020/21/1
Szabadidő és turizmus,3,Dr. Keller Krisztina,magyar,https://www.uni-corvinus.hu/tantargyak/MATT010NMBB?semester=2023/24/1
Szabadidősport üzleti kérdései,3,Szabó Ágnes,magyar,https://www.uni-corvinus.hu/tantargyak/2VL60NAK12M?semester=2024/25/2
Szabadidősport üzleti kérdései,3,Szabó Ágnes,magyar,https://www.uni-corvinus.hu/tantargyak/2VL60LAK12M?semester=2024/25/2
Szabályozási esettanulmányok,6,Dr. Szakadát László,magyar,https://www.uni-corvinus.hu/tantargyak/4KO03NBK64M?semester=2019/20/2
Szabványos megoldások a hálózati gazdaságban,3,Dr. Gelei Andrea,magyar,https://www.uni-corvinus.hu/tantargyak/2VL60NAV12M?semester=2022/23/1
Szakdolgozat,10,Dr. Dúró József,magyar,https://www.uni-corvinus.hu/tantargyak/NPPT027LMSB?semester=2024/25/2
Szakdolgozat,10,Dr. Móricz Péter,magyar,https://www.uni-corvinus.hu/tantargyak/VTVK033NMMB?semester=2024/25/2
Szakdolgozat/Projekt,15,Veress József,magyar,https://www.uni-corvinus.hu/tantargyak/INIR046NMBB?semester=2024/25/2
Szakdolgozati módszertan,3,Dr. Hegedűs Rita,magyar,https://www.uni-corvinus.hu/tantargyak/7SO30NDVS1B?semester=2023/24/1
Szakdolgozati módszertani gyakorlat,3,Dr. Hegedűs Rita,magyar,https://www.uni-corvinus.hu/tantargyak/7SO30NCKP7B?semester=2019/20/2
Szakdolgozatkészítés D3,magyar,Dr. Takács Sándor,magyar,https://www.uni-corvinus.hu/tantargyak/6TP68SZADOLG3NB?semester=2025/26/1
Szakdolgozatkonzultáció,5,Dr. Köpeczi Bócz Tamás,magyar,https://www.uni-corvinus.hu/tantargyak/VTSM031LMSB?semester=2024/25/2
Szakképzési rendszerek,2,Habis Helga,magyar,https://www.uni-corvinus.hu/tantargyak/7TD50LPK03M?semester=2020/21/2
Szakmai fejlesztés I.,1,Juhászné Dr. Klér Andrea,magyar,https://www.uni-corvinus.hu/tantargyak/VTSM089NMMB?semester=2023/24/2
Szakmai fejlesztés I.,1,Juhászné Dr. Klér Andrea,magyar,https://www.uni-corvinus.hu/tantargyak/VEZ0079NMMB?semester=2024/25/2
Szakmai gyakorlat,3,Dobó István,magyar,https://www.uni-corvinus.hu/tantargyak/7PE20NFK57B?semester=2019/20/2
Szakmai gyakorlat,10,Dr. Szántay Antal Péter,magyar,https://www.uni-corvinus.hu/tantargyak/7PE20NGKD3B?semester=2024/25/2
Szakmai gyakorlat,magyar,Kőváriné dr. Ignáth Éva,magyar,https://www.uni-corvinus.hu/tantargyak/7NK40NCKH4B?semester=2024/25/2
Szakmai gyakorlat,3,Dr. Szántay Antal Péter,magyar,https://www.uni-corvinus.hu/tantargyak/7PE20NAKI9M?semester=2024/25/2
Szakmai gyakorlat,magyar,dr. Szabó Zoltán,magyar,https://www.uni-corvinus.hu/tantargyak/2IR32EAK18M?semester=2024/25/2
Szakmai gyakorlat,3,Professor Emerita Dr. Elekes Zsuzsanna,magyar,https://www.uni-corvinus.hu/tantargyak/7SO30NGV87B?semester=2019/20/2
Szakmai gyakorlat,magyar,Professor Emerita Dr. Kovács Erzsébet,magyar,https://www.uni-corvinus.hu/tantargyak/4OP13NAK29M?semester=2020/21/1
Szakmai gyakorlat,magyar,dr. Szabó Zoltán,magyar,https://www.uni-corvinus.hu/tantargyak/INSA015NMBB?semester=2024/25/2
Szakmai gyakorlat – Gazdaságinformatikus levelező Bsc,magyar,Borbásné Szabó Ildikó,magyar,https://www.uni-corvinus.hu/tantargyak/2LK94LCK28B?semester=2024/25/2
Szakmai gyakorlat – Gazdaságinformatikus nappali Bsc,magyar,Borbásné Szabó Ildikó,magyar,https://www.uni-corvinus.hu/tantargyak/2IR32NAK17B?semester=2024/25/2
Szakmai gyakorlat – számvitel specalizáció,20,Kissné Becsei Annamária,magyar,https://www.uni-corvinus.hu/tantargyak/PSBV055NMBB?semester=2024/25/2
Szakmai kommunikáció,3,Dr. Habil Bokor Tamás,magyar,https://www.uni-corvinus.hu/tantargyak/7PE20LPK82M?semester=2020/21/1
Szakmai kommunikáció,6,Hajdu Miklós,magyar,https://www.uni-corvinus.hu/tantargyak/7SO30NCKJ6B?semester=2020/21/1
Szakmai kommunikáció,6,Dr. Kristóf Luca,magyar,https://www.uni-corvinus.hu/tantargyak/KSSZ047NMBB?semester=2025/26/1
Szakmai kommunikáció alapjai,3,Dr. Ásványi Katalin,magyar,https://www.uni-corvinus.hu/tantargyak/2MA41NAK15B?semester=2019/20/2
Szakmai kommunikáció alapjai,3,Dr. Ásványi Katalin,magyar,https://www.uni-corvinus.hu/tantargyak/2MA41NAK15SB?semester=2019/20/2
Szakmai kommunikációs technikák,3,Dr. Forgács Attila,magyar,https://www.uni-corvinus.hu/tantargyak/7PE20LAKG9S?semester=2020/21/2
Szakmódszertani iskolai gyakorlat,4,Dr. Lukács János,magyar,https://www.uni-corvinus.hu/tantargyak/OMMK031LMMB?semester=2024/25/2
Szakszeminárium,15,Dr. Gábor András,magyar,https://www.uni-corvinus.hu/tantargyak/2IR32EAK08M?semester=2019/20/2
Szakszeminárium,10,Dr. Vékás Péter,magyar,https://www.uni-corvinus.hu/tantargyak/4BO11NIK18M?semester=2023/24/2
Szakszeminárium,10,Dr. Mikolasek András,magyar,https://www.uni-corvinus.hu/tantargyak/2BE52NDK10M?semester=2024/25/2
Szakszeminárium,10,dr. Kő Andrea,magyar,https://www.uni-corvinus.hu/tantargyak/2IR32EAK33S?semester=2020/21/1
Szakszeminárium,10,Gerő Péter,magyar,https://www.uni-corvinus.hu/tantargyak/2VP73LAK07S?semester=2020/21/1
Szakszeminárium,3,Dr. Móricz Péter,magyar,https://www.uni-corvinus.hu/tantargyak/VTVK032NMMB?semester=2023/24/1
Szakszeminárium,6,Dr. Jelen Tibor,magyar,https://www.uni-corvinus.hu/tantargyak/VF00156LMSB?semester=2024/25/2
Szakszeminárium,10,Dr. Vékás Péter,magyar,https://www.uni-corvinus.hu/tantargyak/4B011NIK18M?semester=2024/25/2
Szakszeminárium (szakdolgozat),10,Dr. Habil Bokor Tamás,magyar,https://www.uni-corvinus.hu/tantargyak/7PE20NGKJ3B?semester=2024/25/2
Szakszeminárium 1.,3,Miskolcziné Dr. Gábriel Mónika,magyar,https://www.uni-corvinus.hu/tantargyak/2SZ74NAK07B?semester=2020/21/1
Szakszeminárium 2.,7,Dr. Keller Krisztina,magyar,https://www.uni-corvinus.hu/tantargyak/2MA41NAK12B?semester=2024/25/2
Szakszeminárium 2.,7,Dr. Takács Sándor,magyar,https://www.uni-corvinus.hu/tantargyak/2VE81NAK12B?semester=2020/21/1
Szakszeminárium 2.,7,Miskolcziné Dr. Gábriel Mónika,magyar,https://www.uni-corvinus.hu/tantargyak/2SZ74NAK08B?semester=2020/21/1
Szakszeminárium BSc,5,Veress József,magyar,https://www.uni-corvinus.hu/tantargyak/2IR32NAK14B?semester=2024/25/2
Szakszeminárium és diplomamunka készítés,10,Professor Emerita Dr. Kovács Erzsébet,magyar,https://www.uni-corvinus.hu/tantargyak/4BO11Lk041S?semester=2023/24/2
Szakszeminárium és diplomamunka készítése,10,Dr. Vékás Péter,magyar,https://www.uni-corvinus.hu/tantargyak/MSOA045LMSB?semester=2024/25/2
Szakszeminárium I,3,Dr. Klimkó Gábor György,magyar,https://www.uni-corvinus.hu/tantargyak/INIR021EMSB?semester=2024/25/2
Szakszeminárium I: Kreativitás és kutatás a vállalkozásfejlesztésben,5,Dr. Virág Attila,magyar,https://www.uni-corvinus.hu/tantargyak/VF00106NMMB?semester=2023/24/1
Szakszeminárium I: Kreativitás és kutatás a vállalkozásfejlesztésben,5,Dr. Virág Attila,magyar,https://www.uni-corvinus.hu/tantargyak/VALL040NMMB?semester=2024/25/1
Szakszeminárium I.,6,Dobó István,magyar,https://www.uni-corvinus.hu/tantargyak/7PE20NGK38B?semester=2019/20/2
Szakszeminárium I.,5,Dr. Dúró József,magyar,https://www.uni-corvinus.hu/tantargyak/7PO10NGK46B?semester=2020/21/1
Szakszeminárium I.,3,Bódis Lajos,magyar,https://www.uni-corvinus.hu/tantargyak/2LK94LBK02B?semester=2019/20/2
Szakszeminárium I.,5,dr. Gálik Zoltán,magyar,https://www.uni-corvinus.hu/tantargyak/7NK40NIK48B?semester=2020/21/1
Szakszeminárium I.,5,Dr. Kolos Krisztina Ágnes,magyar,https://www.uni-corvinus.hu/tantargyak/2MA41NDK01M?semester=2020/21/1
Szakszeminárium I.,5,Dr. Virág Miklós,egyéb,https://www.uni-corvinus.hu/tantargyak/2SP72NCK01M?semester=2020/21/1
Szakszeminárium I.,6,Bartha Attila,magyar,https://www.uni-corvinus.hu/tantargyak/4KO03LAK52M?semester=2020/21/1
Szakszeminárium I.,15,dr. Szabó Zoltán,magyar,https://www.uni-corvinus.hu/tantargyak/2IR32NDK09M?semester=2024/25/2
Szakszeminárium I.,5,Dr. Juhász Péter,magyar,https://www.uni-corvinus.hu/tantargyak/2BE52NDK04M?semester=2020/21/2
Szakszeminárium I.,5,Dr. Juhász Péter,magyar,https://www.uni-corvinus.hu/tantargyak/2BE52NDK07M?semester=2020/21/2
Szakszeminárium I.,5,Dr. Varga Erzsébet Teréz,magyar,https://www.uni-corvinus.hu/tantargyak/4PU51NAK11M?semester=2019/20/2
Szakszeminárium I.,6,Szabó-Bakos Eszter,magyar,https://www.uni-corvinus.hu/tantargyak/4MA23NAK19B?semester=2020/21/1
Szakszeminárium I.,6,Bartha Attila,magyar,https://www.uni-corvinus.hu/tantargyak/4KO03NBK01M?semester=2020/21/1
Szakszeminárium I.,magyar,Dr. Móricz Péter,magyar,https://www.uni-corvinus.hu/tantargyak/4VG32NBV31M?semester=2020/21/1
Szakszeminárium I.,5,Dr. Móricz Péter,magyar,https://www.uni-corvinus.hu/tantargyak/2VE81NDK13M?semester=2020/21/1
Szakszeminárium I.,5,Dr. Vicsek Lilla Mária,magyar,https://www.uni-corvinus.hu/tantargyak/2VE81EAK23M?semester=2020/21/1
Szakszeminárium I.,magyar,Dr. Lukács János,magyar,https://www.uni-corvinus.hu/tantargyak/4PU51EAK33M?semester=2019/20/2
Szakszeminárium I.,5,Marjainé Dr. Szerényi Zsuzsanna,magyar,https://www.uni-corvinus.hu/tantargyak/7SO30NGKK3B?semester=2020/21/1
Szakszeminárium I.,5,Dr. Szakadát László,magyar,https://www.uni-corvinus.hu/tantargyak/2PU51NCK24M?semester=2020/21/1
Szakszeminárium I.,10,dr. Szabó Zoltán,magyar,https://www.uni-corvinus.hu/tantargyak/2IR32EAK16M?semester=2024/25/2
Szakszeminárium I.,5,Dr. Dúró József,magyar,https://www.uni-corvinus.hu/tantargyak/7PO10NAL04M?semester=2020/21/1
Szakszeminárium I.,10,dr. Lehoczki Bernadett Judit,magyar,https://www.uni-corvinus.hu/tantargyak/7NK40NDKJ1M?semester=2020/21/1
Szakszeminárium I.,magyar,Dr. Magyarkuti Gyula,magyar,https://www.uni-corvinus.hu/tantargyak/7VG32NAK37M?semester=2020/21/1
Szakszeminárium I.,5,Dr. Ásványi Katalin,magyar,https://www.uni-corvinus.hu/tantargyak/4MK24NAK20O?semester=2024/25/2
Szakszeminárium I.,3,Dr. Lovas Anita,magyar,https://www.uni-corvinus.hu/tantargyak/2MA41NAK13B?semester=2021/22/2
Szakszeminárium I.,3,Dr. László Norbert,magyar,https://www.uni-corvinus.hu/tantargyak/2PU51NAK03B?semester=2020/21/2
Szakszeminárium I.,3,Marjainé Dr. Szerényi Zsuzsanna,magyar,https://www.uni-corvinus.hu/tantargyak/2LK95LBK17B?semester=2024/25/2
Szakszeminárium I.,3,Vaszkun Balázs György,magyar,https://www.uni-corvinus.hu/tantargyak/2KG23NDK11B?semester=2024/25/2
Szakszeminárium I.,3,Dömötör Barbara Mária,magyar,https://www.uni-corvinus.hu/tantargyak/2BE52NAK14B?semester=2024/25/2
Szakszeminárium I.,3,Vaszkun Balázs György,magyar,https://www.uni-corvinus.hu/tantargyak/VF00036NMBB?semester=2024/25/2
Szakszeminárium I.,3,Vaszkun Balázs György,magyar,https://www.uni-corvinus.hu/tantargyak/VF00056NMBS?semester=2024/25/2
Szakszeminárium I.,3,Dr. Vas Réka Franciska,magyar,https://www.uni-corvinus.hu/tantargyak/INIR023LMSB?semester=2024/25/2
Szakszeminárium I. – pénzügy specializáció,3,Dr. Kerényi Péter,magyar,https://www.uni-corvinus.hu/tantargyak/PSBV053NMBB?semester=2024/25/2
Szakszeminárium I. – számvitel specalizáció,3,Dr. László Norbert,magyar,https://www.uni-corvinus.hu/tantargyak/PSBV057NMBB?semester=2024/25/2
Szakszeminárium II,7,Dr. Klimkó Gábor György,magyar,https://www.uni-corvinus.hu/tantargyak/INIR022EMSB?semester=2024/25/2
Szakszeminárium II: Diplomakonzultáció I.,4,Dr. Aranyossy Márta,magyar,https://www.uni-corvinus.hu/tantargyak/VF00107NMMB?semester=2024/25/2
Szakszeminárium II.,9,Bartha Attila,magyar,https://www.uni-corvinus.hu/tantargyak/4KO03LAV61M?semester=2020/21/1
Szakszeminárium II.,10,Dr. Kolos Krisztina Ágnes,magyar,https://www.uni-corvinus.hu/tantargyak/2MA41NDK02M?semester=2019/20/2
Szakszeminárium II.,10,Dr. Virág Miklós,egyéb,https://www.uni-corvinus.hu/tantargyak/2SP72NCK02M?semester=2020/21/1
Szakszeminárium II.,15,dr. Szabó Zoltán,magyar,https://www.uni-corvinus.hu/tantargyak/2IR32NDK10M?semester=2024/25/2
Szakszeminárium II.,5,Szabó-Bakos Eszter,magyar,https://www.uni-corvinus.hu/tantargyak/4MA23NAK20B?semester=2024/25/2
Szakszeminárium II.,10,Dr. Juhász Péter,magyar,https://www.uni-corvinus.hu/tantargyak/2BE52NDK08M?semester=2020/21/2
Szakszeminárium II.,10,Dr. Móricz Péter,magyar,https://www.uni-corvinus.hu/tantargyak/2VE81NDK14M?semester=2020/21/1
Szakszeminárium II.,10,Matyusz Zsolt,magyar,https://www.uni-corvinus.hu/tantargyak/2VL60NDK06M?semester=2020/21/1
Szakszeminárium II.,10,Dr. Juhász Péter,magyar,https://www.uni-corvinus.hu/tantargyak/2BE52NDK12M?semester=2020/21/2
Szakszeminárium II.,10,Dr. Kürthy Gábor,magyar,https://www.uni-corvinus.hu/tantargyak/4PU51NAK16M?semester=2019/20/2
Szakszeminárium II.,9,Tétényi András,magyar,https://www.uni-corvinus.hu/tantargyak/4VG32NBK64M?semester=2020/21/1
Szakszeminárium II.,9,Tétényi András,magyar,https://www.uni-corvinus.hu/tantargyak/4VG32NBK84M?semester=2020/21/1
Szakszeminárium II.,10,Dr. Juhász Péter,magyar,https://www.uni-corvinus.hu/tantargyak/4PU51EAK35M?semester=2019/20/2
Szakszeminárium II.,10,Dr. László Norbert,magyar,https://www.uni-corvinus.hu/tantargyak/2PU51NCK25M?semester=2020/21/1
Szakszeminárium II.,3,Bódis Lajos,magyar,https://www.uni-corvinus.hu/tantargyak/2LK94LCK30B?semester=2019/20/2
Szakszeminárium II.,10,dr. Szabó Zoltán,magyar,https://www.uni-corvinus.hu/tantargyak/2LK95LAK92B?semester=2024/25/2
Szakszeminárium II.,6,Marjainé Dr. Szerényi Zsuzsanna,magyar,https://www.uni-corvinus.hu/tantargyak/7GF20NAK27M?semester=2022/23/1
Szakszeminárium II.,20,dr. Szabó Zoltán,magyar,https://www.uni-corvinus.hu/tantargyak/2IR32EAK17M?semester=2024/25/2
Szakszeminárium II.,5,dr. Gálik Zoltán,magyar,https://www.uni-corvinus.hu/tantargyak/7NK40NCKH5B?semester=2024/25/2
Szakszeminárium II.,5,Dr. Magyarkuti Gyula,magyar,https://www.uni-corvinus.hu/tantargyak/4MK24NAK21O?semester=2024/25/2
Szakszeminárium II.,7,Dr. Ásványi Katalin,magyar,https://www.uni-corvinus.hu/tantargyak/2MA41NAK14B?semester=2020/21/1
Szakszeminárium II.,7,Dr. Lovas Anita,magyar,https://www.uni-corvinus.hu/tantargyak/2PU51NAK04B?semester=2020/21/1
Szakszeminárium II.,7,Dr. László Norbert,magyar,https://www.uni-corvinus.hu/tantargyak/2LK95LBK18B?semester=2024/25/2
Szakszeminárium II.,7,Vaszkun Balázs György,magyar,https://www.uni-corvinus.hu/tantargyak/2VE81NAK02SB?semester=2020/21/1
Szakszeminárium II.,6,Marjainé Dr. Szerényi Zsuzsanna,magyar,https://www.uni-corvinus.hu/tantargyak/Thesis Seminar II.?semester=2022/23/1
Szakszeminárium II.,7,dr. Kállay László Tibor,magyar,https://www.uni-corvinus.hu/tantargyak/2KV71NDK14B?semester=2020/21/1
Szakszeminárium II.,7,Dr. Hubert József,magyar,https://www.uni-corvinus.hu/tantargyak/2MA41NAK17B?semester=2020/21/1
Szakszeminárium II.,7,Marjainé Dr. Szerényi Zsuzsanna,magyar,https://www.uni-corvinus.hu/tantargyak/2KG23NDK12B?semester=2024/25/2
Szakszeminárium II.,7,Vaszkun Balázs György,magyar,https://www.uni-corvinus.hu/tantargyak/2DS91NDK13B?semester=2020/21/1
Szakszeminárium II.,7,Vaszkun Balázs György,magyar,https://www.uni-corvinus.hu/tantargyak/2VE81NCV14B?semester=2024/25/2
Szakszeminárium II.,7,Dömötör Barbara Mária,magyar,https://www.uni-corvinus.hu/tantargyak/2BE52NAK15B?semester=2024/25/2
Szakszeminárium II.,7,Dr. László Norbert,magyar,https://www.uni-corvinus.hu/tantargyak/2PU51NAK06B?semester=2024/25/2
Szakszeminárium II.,6,Marjainé Dr. Szerényi Zsuzsanna,magyar,https://www.uni-corvinus.hu/tantargyak/7GF20LSZ27M?semester=2022/23/1
Szakszeminárium II.,7,Toarniczky Andrea,magyar,https://www.uni-corvinus.hu/tantargyak/2VE81NAK23B?semester=2024/25/2
Szakszeminárium II.,7,Juhászné Dr. Klér Andrea,magyar,https://www.uni-corvinus.hu/tantargyak/2VE81NAK25B?semester=2024/25/2
Szakszeminárium II.,7,Vaszkun Balázs György,magyar,https://www.uni-corvinus.hu/tantargyak/VF00037NMBB?semester=2024/25/2
Szakszeminárium II.,7,Vaszkun Balázs György,magyar,https://www.uni-corvinus.hu/tantargyak/VF00057NMBS?semester=2024/25/2
Szakszeminárium II.,7,Dr. Vas Réka Franciska,magyar,https://www.uni-corvinus.hu/tantargyak/INIR024LMSB?semester=2024/25/2
Szakszeminárium II.,9,Marjainé Dr. Szerényi Zsuzsanna,magyar,https://www.uni-corvinus.hu/tantargyak/NPGG021NMMB?semester=2022/23/2
Szakszeminárium II.,6,Dr. László Norbert,magyar,https://www.uni-corvinus.hu/tantargyak/SZAM050NMMB?semester=2024/25/2
Szakszeminárium II. – duál,10,Matyusz Zsolt,magyar,https://www.uni-corvinus.hu/tantargyak/2VL60NDK06MD?semester=2020/21/1
Szakszeminárium II. – duál,7,Vaszkun Balázs György,magyar,https://www.uni-corvinus.hu/tantargyak/VF00059NMBSD?semester=2024/25/2
Szakszeminárium II. – pénzügy specializáció,7,Dr. Kerényi Péter,magyar,https://www.uni-corvinus.hu/tantargyak/PSBV054NMBB?semester=2024/25/2
Szakszeminárium II. – számvitel specalizáció,7,Dr. László Norbert,magyar,https://www.uni-corvinus.hu/tantargyak/PSBV058NMBB?semester=2024/25/2
Szakszeminárium II. (szakdolgozat),5,Dr. Dúró József,magyar,https://www.uni-corvinus.hu/tantargyak/7PO10NGK47B?semester=2024/25/2
Szakszeminárium II. (szakdolgozat),10,Dr. Vicsek Lilla Mária,magyar,https://www.uni-corvinus.hu/tantargyak/KSSZ028NMBB?semester=2024/25/2
Szakszeminárium III: Diplomakonzultáció II.,6,Dr. Aranyossy Márta,magyar,https://www.uni-corvinus.hu/tantargyak/VF00108NMMB?semester=2024/25/2
Szakszeminárium kiegészítő I.,10,Dr. Vas Réka Franciska,magyar,https://www.uni-corvinus.hu/tantargyak/AKPI0010MBB?semester=2024/25/2
"Szakszeminárium, diplomamunka",5,Dr. Vékás Péter,magyar,https://www.uni-corvinus.hu/tantargyak/2IR32NDK15B?semester=2024/25/2
"Szakszeminárium, kutatásmódszertan",5,Dr. Mikolasek András,magyar,https://www.uni-corvinus.hu/tantargyak/4B011NIK17M?semester=2024/25/1
"Szakszeminárium, szakdolgozat",15,Dr. Jámbor Attila,magyar,https://www.uni-corvinus.hu/tantargyak/2KA21NDK10B?semester=2019/20/2
Szaktanácsadás,3,Dr. Török Áron,magyar,https://www.uni-corvinus.hu/tantargyak/2KA21NBK01B?semester=2019/20/2
Szállodamenedzsment,5,Dr. Keller Krisztina,magyar,https://www.uni-corvinus.hu/tantargyak/2MA41NAK05B?semester=2023/24/2
Szállodamenedzsment,6,Dr. Kökény László,magyar,https://www.uni-corvinus.hu/tantargyak/MATT020NMBB?semester=2024/25/2
Szállodaprojektek,5,Dr. Kökény László,magyar,https://www.uni-corvinus.hu/tantargyak/2MA41LAK27S?semester=2025/26/1
Szállodaprojektek,5,Dr. Kökény László,magyar,https://www.uni-corvinus.hu/tantargyak/MATT025LMSB?semester=2023/24/1
Számítások Python környezetben,3,Dr. Mohácsi László,magyar,https://www.uni-corvinus.hu/tantargyak/2SZ31NAV08B?semester=2019/20/2
Számítástudomány,5,Dr. Tasnádi Attila,magyar,https://www.uni-corvinus.hu/tantargyak/2SZ31NAK12B?semester=2025/26/1
Számítástudomány,5,Dr. Tasnádi Attila,magyar,https://www.uni-corvinus.hu/tantargyak/2LK95LAK74B?semester=2020/21/2
Számítástudomány,3,Dr. Tasnádi Attila,magyar,https://www.uni-corvinus.hu/tantargyak/MSMT020NMBB?semester=2024/25/1
Számítástudomány közgazdasági alkalmazásokkal,5,Dr. Tasnádi Attila,magyar,https://www.uni-corvinus.hu/tantargyak/2SZ31NAK01M?semester=2021/22/1
Számítógép-architektúrák,5,Dr. Trinh Anh Tuan,magyar,https://www.uni-corvinus.hu/tantargyak/2SZ31NAK04B?semester=2019/20/2
Számítógép-hálózatok,5,Dr. Trinh Anh Tuan,magyar,https://www.uni-corvinus.hu/tantargyak/2SZ31NAK14B?semester=2019/20/2
Számítógépes döntéstámogatás,3,Dr. Becser Norbert,magyar,https://www.uni-corvinus.hu/tantargyak/2VL60NAV04M?semester=2020/21/2
Számítógépes hálózatelemzés és szimuláció,magyar,Dr. Vicsek Lilla Mária,magyar,https://www.uni-corvinus.hu/tantargyak/7SO30NHKM9M?semester=2019/20/2
Számítógépes kvalitatív módszerek,6,Dr. Hegedűs Rita,magyar,https://www.uni-corvinus.hu/tantargyak/7SO30NCKN8M?semester=2019/20/2
Számítógépes módszerek II.,3,Polt Rita,magyar,https://www.uni-corvinus.hu/tantargyak/7SO30NCKH7M?semester=2019/20/2
Számítógépes módszertan (SPSS),3,Dr. Hegedűs Rita,magyar,https://www.uni-corvinus.hu/tantargyak/7SO30NEKH9B?semester=2019/20/2
Számítógépes módszertan I. (SPSS),3,Dr. Hegedűs Rita,magyar,https://www.uni-corvinus.hu/tantargyak/7SO30NEKH4B?semester=2019/20/2
Számítógépes problémamegoldás,4,Dr. Juhász Péter,magyar,https://www.uni-corvinus.hu/tantargyak/2BE52EAK01M?semester=2021/22/2
Számítógépes problémamegoldás,4,Dr. Juhász Péter,magyar,https://www.uni-corvinus.hu/tantargyak/2BE52NAK04M?semester=2021/22/2
Számítógépes problémamegoldás,4,Dr. Juhász Péter,magyar,https://www.uni-corvinus.hu/tantargyak/PSBV028NMMB?semester=2021/22/2
Számvitel + controlling az energiaszektorban,3,Mezősi András,magyar,https://www.uni-corvinus.hu/tantargyak/2KT51LCK02S?semester=2020/21/1
Számvitel + controlling az energiaszektorban,3,Mezősi András,magyar,https://www.uni-corvinus.hu/tantargyak/REKK006LMSB?semester=2021/22/1
Számvitel alapjai,5,Dr. László Norbert,magyar,https://www.uni-corvinus.hu/tantargyak/2LK95LAK15B?semester=2019/20/2
Számvitel alapjai,5,Dr. Lakatos László Péter,magyar,https://www.uni-corvinus.hu/tantargyak/2PU51NAK01O?semester=2024/25/2
Számvitel alapjai,6,Dr. Lakatos László Péter,magyar,https://www.uni-corvinus.hu/tantargyak/PSPS015NMBB?semester=2024/25/2
Számvitel alapjai,6,Dr. Lakatos László Péter,magyar,https://www.uni-corvinus.hu/tantargyak/PSPS019NMBS?semester=2025/26/1
Számvitel alapjai,6,Dr. Lakatos László Péter,magyar,https://www.uni-corvinus.hu/tantargyak/PSPS021NMBB?semester=2024/25/2
Számvitel alapjai,4,Dr. Lakatos László Péter,magyar,https://www.uni-corvinus.hu/tantargyak/PSPS032NMBB?semester=2024/25/2
Számvitel alapjai,3,Dr. Mikáczó Éva Ilona,magyar,https://www.uni-corvinus.hu/tantargyak/SZAM045LMMB?semester=2023/24/1
"Számvitel elmélet és kutatás, számvitel szabályozás",5,Dr. Lakatos László Péter,magyar,https://www.uni-corvinus.hu/tantargyak/2PU51NAK07M?semester=2025/26/1
"Számvitel elmélet és kutatás, számvitel szabályozás",5,Dr. Lakatos László Péter,magyar,https://www.uni-corvinus.hu/tantargyak/PSVS002NMMB?semester=2025/26/1
"Számvitel elmélet és kutatás, számvitel szabályozás",5,Dr. Lakatos László Péter,magyar,https://www.uni-corvinus.hu/tantargyak/PSVS016EMMB?semester=2025/26/1
Számvitel és adózás digitális környezetben,3,Dr. Polyák Imre,magyar,https://www.uni-corvinus.hu/tantargyak/SZAM033NMMB?semester=2024/25/2
Számvitel és adózás digitális környezetben – duális,3,Dr. Polyák Imre,magyar,https://www.uni-corvinus.hu/tantargyak/SZAM040NMMBD?semester=2024/25/2
Számvitel és elemzés,6,Dr. Lakatos László Péter,magyar,https://www.uni-corvinus.hu/tantargyak/4BO11LT029S?semester=2020/21/1
Számvitel és elemzés,6,Dr. Lakatos László Péter,magyar,https://www.uni-corvinus.hu/tantargyak/PSVS034LMSB?semester=2025/26/1
Számvitel I,5,Dr. Martin Kíra,magyar,https://www.uni-corvinus.hu/tantargyak/PSVS032EMSB?semester=2024/25/1
Számvitel I.,5,Dr. Martin Kíra,magyar,https://www.uni-corvinus.hu/tantargyak/2SA53LAK01S?semester=2024/25/1
Számvitel I.,5,Dr. Martin Kíra,magyar,https://www.uni-corvinus.hu/tantargyak/2SA53EAK01S?semester=2020/21/1
Számvitel I.,5,Dr. Martin Kíra,magyar,https://www.uni-corvinus.hu/tantargyak/PSVS030LMSB?semester=2024/25/2
Számvitel II.,5,Dr. Martin Kíra,magyar,https://www.uni-corvinus.hu/tantargyak/2SA53LAK02S?semester=2023/24/2
Számvitel II.,5,Dr. Martin Kíra,magyar,https://www.uni-corvinus.hu/tantargyak/2SA53EAK03S?semester=2019/20/2
Számvitel II.,5,Dr. Martin Kíra,magyar,https://www.uni-corvinus.hu/tantargyak/PSVS031LMSB?semester=2024/25/2
Számvitel II.,5,Dr. Martin Kíra,magyar,https://www.uni-corvinus.hu/tantargyak/PSVS033EMSB?semester=2022/23/2
Számvitel II. (Vezetői számvitel),5,Dr. László Norbert,magyar,https://www.uni-corvinus.hu/tantargyak/2BE52NAK03O?semester=2024/25/2
Számvitel speciális kérdései,5,Dr. Veit József,magyar,https://www.uni-corvinus.hu/tantargyak/2SZ53NDK02B?semester=2024/25/2
Számvitel speciális kérdései,5,Dr. Veit József,magyar,https://www.uni-corvinus.hu/tantargyak/2SZ53NDK78SB?semester=2024/25/2
Számvitel speciális kérdései,3,Dr. Veit József,magyar,https://www.uni-corvinus.hu/tantargyak/2LK95LBK26B?semester=2024/25/2
Számvitel speciális kérdései – dual,5,Dr. Veit József,magyar,https://www.uni-corvinus.hu/tantargyak/2SZ53NDK80SB?semester=2025/26/1
Számviteli adatszervezési ismeretek,3,Dr. Polyák Imre,magyar,https://www.uni-corvinus.hu/tantargyak/SZAM032NMMB?semester=2023/24/2
Számviteli beszámolók,5,Dr. Martin Kíra,magyar,https://www.uni-corvinus.hu/tantargyak/2PU51NAK02M?semester=2024/25/1
Számviteli beszámolók,5,Dr. Martin Kíra,magyar,https://www.uni-corvinus.hu/tantargyak/2SA53NAK01CM?semester=2025/26/1
Számviteli beszámolók,5,Dr. Martin Kíra,magyar,https://www.uni-corvinus.hu/tantargyak/2PU51EAK01M?semester=2019/20/2
Számviteli beszámolók,5,Dr. Martin Kíra,magyar,https://www.uni-corvinus.hu/tantargyak/2PU51NAK02SM?semester=2025/26/1
Számviteli döntések a vezetői gyakorlatban,6,Dr. Martin Kíra,magyar,https://www.uni-corvinus.hu/tantargyak/SZAM005NMBB?semester=2025/26/1
Számviteli és ellenőrzési esettanulmányok,5,Dr. Veit József,magyar,https://www.uni-corvinus.hu/tantargyak/2PU51NAK08M?semester=2021/22/1
Számviteli és ellenőrzési esettanulmányok,5,Dr. Veit József,magyar,https://www.uni-corvinus.hu/tantargyak/2PU51EAK06M?semester=2025/26/1
Számviteli és ellenőrzési esettanulmányok – DUÁLIS,5,Dr. Veit József,magyar,https://www.uni-corvinus.hu/tantargyak/2PU51NCK15MD?semester=2019/20/2
Számviteli kimutatás elemzése,4,Dr. Lakatos László Péter,magyar,https://www.uni-corvinus.hu/tantargyak/PSPS009NMBB?semester=2025/26/1
Szántóföldtől az asztalig: élelmiszer ellátási láncok,6,Maró Zalán Márk,magyar,https://www.uni-corvinus.hu/tantargyak/VF00033NMBB?semester=2024/25/1
Szántóföldtől az asztalig: élelmiszer ellátási láncok,6,Dr. Török Áron,magyar,https://www.uni-corvinus.hu/tantargyak/VF00053NMBS?semester=2025/26/1
Szavazás- és osztozkodáselmélet,5,Dr. Tasnádi Attila,magyar,https://www.uni-corvinus.hu/tantargyak/4MA12NAK14O?semester=2025/26/1
Szavazáselmélet,3,Dr. Kuncz Izabella,magyar,https://www.uni-corvinus.hu/tantargyak/KG00110NMOB?semester=2025/26/1
Szavazói magatartás,3,Dr. Róna Dániel,magyar,https://www.uni-corvinus.hu/tantargyak/7PO10NFV88B?semester=2019/20/2
Szellemi tulajdonjogok menedzselése,5,Deutsch Nikolett,magyar,https://www.uni-corvinus.hu/tantargyak/2SP72LAK28S?semester=2025/26/1
Személyes és tanulási készségek,magyar,Dr. Daruka Magdolna,magyar,https://www.uni-corvinus.hu/tantargyak/KSPV020NMBS?semester=2024/25/1
Személyes és tanulási készségek,magyar,Dr. Daruka Magdolna,magyar,https://www.uni-corvinus.hu/tantargyak/KSPV017LMBB ?semester=2024/25/1
Személyes és tanulási készségek,magyar,Szabó Zsolt Péter,magyar,https://www.uni-corvinus.hu/tantargyak/KSPV023NMBB?semester=2024/25/2
Személyes pénzügyek menedzselése,3,Dr. Vaskövi Ágnes,magyar,https://www.uni-corvinus.hu/tantargyak/4OG33NAV43B?semester=2024/25/2
Személyiségfejlesztő tréning,3,Dr. Bodnár Éva,magyar,https://www.uni-corvinus.hu/tantargyak/7PE20NDVK1B?semester=2020/21/1
Személyügyi informatika,4,Dr. Varga Krisztián,magyar,https://www.uni-corvinus.hu/tantargyak/2IR32NAK15B?semester=2020/21/1
Személyügyi kontrolling,4,Dr. Bartók Adrienne,magyar,https://www.uni-corvinus.hu/tantargyak/2VL60NAK01B?semester=2025/26/1
Személyzeti közgazdaságtan,6,Bódis Lajos,magyar,https://www.uni-corvinus.hu/tantargyak/4EE21NAK28B?semester=2019/20/2
Személyzeti közgazdaságtan,5,Bódis Lajos,magyar,https://www.uni-corvinus.hu/tantargyak/4EE21NAK29B?semester=2019/20/2
Személyzeti közgazdaságtan,3,Bódis Lajos,magyar,https://www.uni-corvinus.hu/tantargyak/4EE21NAK12B?semester=2021/22/1
Szervezés,4,Antal Zsuzsanna,magyar,https://www.uni-corvinus.hu/tantargyak/2VE81EAK11S?semester=2019/20/2
Szervezet és munkapszichológia,3,Dr. Bodnár Éva,magyar,https://www.uni-corvinus.hu/tantargyak/2LK95LBK07B?semester=2021/22/1
Szervezet és munkaszociológia,3,Prof.Dr. Nagy Beáta,magyar,https://www.uni-corvinus.hu/tantargyak/2LK95LBK02B?semester=2019/20/2
Szervezet és vezetés projekt,5,Dr. Bodnár Éva,magyar,https://www.uni-corvinus.hu/tantargyak/7PE20LAKH1S?semester=2020/21/1
Szervezet és vezetéselmélet,6,Lázár László Mihály,magyar,https://www.uni-corvinus.hu/tantargyak/2VE81NAK18CM?semester=2025/26/1
Szervezet- és vezetéselmélet,5,Vaszkun Balázs György,magyar,https://www.uni-corvinus.hu/tantargyak/2VE81LAK01S?semester=2020/21/1
Szervezet- és vezetéselmélet,5,Vaszkun Balázs György,magyar,https://www.uni-corvinus.hu/tantargyak/2VE81EAK01S?semester=2020/21/2
"Szervezet, menedzsment és nemek",6,Prof.Dr. Nagy Beáta,magyar,https://www.uni-corvinus.hu/tantargyak/7SO30NDKI3M?semester=2025/26/1
"Szervezetdiagnosztika, szervezetfejlesztés",3,Dr. Sass Judit Gabriella,magyar,https://www.uni-corvinus.hu/tantargyak/7PE20LPK33M?semester=2019/20/2
Szervezetek és hálózatok,6,Dr. Czakó Ágnes,magyar,https://www.uni-corvinus.hu/tantargyak/7SO30NCKO1M?semester=2025/26/1
Szervezetek irányítása,6,Szukits Ágnes,magyar,https://www.uni-corvinus.hu/tantargyak/VEZ0035NMMB?semester=2025/26/1
Szervezetek közgazdaságtana,6,Dr. Rosta Miklós,magyar,https://www.uni-corvinus.hu/tantargyak/4OG33NAV40M?semester=2019/20/2
Szervezetek közgazdaságtana,6,Dr. Rosta Miklós,magyar,https://www.uni-corvinus.hu/tantargyak/PHK_SZERVKOZG?semester=2024/25/2
Szervezetelmélet és vezetés alapjai,6,Dr. Sass Judit Gabriella,magyar,https://www.uni-corvinus.hu/tantargyak/7PE20LAKH2S?semester=2020/21/1
Szervezetelméletek,6,Lázár László Mihály,magyar,https://www.uni-corvinus.hu/tantargyak/2VE81NBK07M?semester=2025/26/1
Szervezetelméletek,6,Hidegh Anna Laura,magyar,https://www.uni-corvinus.hu/tantargyak/2VE81NAK32CM?semester=2025/26/1
Szervezetelméletek,5,Lázár László Mihály,magyar,https://www.uni-corvinus.hu/tantargyak/VTVZ003NMMB?semester=2025/26/1
Szervezetfejlesztés,5,Dr. Gelei András,magyar,https://www.uni-corvinus.hu/tantargyak/2VE81NCK03M?semester=2019/20/2
Szervezetfejlesztés,5,Dr. Gelei András,magyar,https://www.uni-corvinus.hu/tantargyak/2VE81EAK19M?semester=2020/21/1
Szervezetfejlesztés,4,Kiss Csaba,magyar,https://www.uni-corvinus.hu/tantargyak/2VE81NBK05B?semester=2023/24/2
Szervezetfejlesztés,5,Dr. Milassin Anda Nóra,magyar,https://www.uni-corvinus.hu/tantargyak/7PE20NGKH8M?semester=2025/26/1
Szervezetfejlesztés,3,Dr. Milassin Anda Nóra,magyar,https://www.uni-corvinus.hu/tantargyak/2VE81LAK58B?semester=2019/20/2
Szervezetfejlesztés,6,Dr. Gelei András,magyar,https://www.uni-corvinus.hu/tantargyak/VTSM036LMSB?semester=2024/25/2
Szervezetfejlesztés,6,Szőts-Kováts Klaudia,magyar,https://www.uni-corvinus.hu/tantargyak/VTSM060NMBB?semester=2025/26/1
Szervezetfejlesztés tréning,4,Dr. Gelei András,magyar,https://www.uni-corvinus.hu/tantargyak/2VE81NAV07M?semester=2019/20/2
"Szervezetfejlesztés, OD projekt",9,Dr. Gelei András,magyar,https://www.uni-corvinus.hu/tantargyak/VTSM094NMMB?semester=2024/25/2
Szervezeti érzelmek pszichológiája,5,Szabó Zsolt Péter,magyar,https://www.uni-corvinus.hu/tantargyak/7PE20NGKH7M?semester=2025/26/1
Szervezeti és informatikai projektek vezetése,5,Dr. Marciniak Róbert András,magyar,https://www.uni-corvinus.hu/tantargyak/2VE81NCK14M?semester=2020/21/1
Szervezeti információrendszerek,5,dr. Szabó Zoltán,magyar,https://www.uni-corvinus.hu/tantargyak/2IR32EAK22S?semester=2023/24/1
Szervezeti információrendszerek,6,dr. Szabó Zoltán,magyar,https://www.uni-corvinus.hu/tantargyak/ADIN066EMMB?semester=2023/24/1
Szervezeti kommunikáció,3,Kovács Lajos,magyar,https://www.uni-corvinus.hu/tantargyak/7PE20NGKB7B?semester=2022/23/1
Szervezeti kommunikáció,3,Dr. Szabó Lilla Petronella,magyar,https://www.uni-corvinus.hu/tantargyak/7PO10NAK96M?semester=2020/21/1
Szervezeti kommunikáció,5,Dr. Szabó Lilla Petronella,magyar,https://www.uni-corvinus.hu/tantargyak/NPPT026LMSB?semester=2024/25/2
Szervezeti konfliktuskezelés (tréning),3,Dr. Forgács Attila,magyar,https://www.uni-corvinus.hu/tantargyak/7PE20NGKA3B?semester=2019/20/2
Szervezeti kultúra kutatása és fejlesztése,5,Toarniczky Andrea,magyar,https://www.uni-corvinus.hu/tantargyak/2VE81NCV05M?semester=2020/21/1
"Szervezeti kultúra, leíró szervezetelemzés",4,Dr. Kovács Zoltán,magyar,https://www.uni-corvinus.hu/tantargyak/7PE20LAK43S?semester=2020/21/1
Szervezeti kultúrák és konfliktusok,5,Juhászné Dr. Klér Andrea,magyar,https://www.uni-corvinus.hu/tantargyak/7PE20NAKK4M?semester=2020/21/2
Szervezeti magatartás,3,Kiss Csaba,magyar,https://www.uni-corvinus.hu/tantargyak/2VE81NGK03B?semester=2021/22/1
Szervezeti magatartás,5,Dr. Primecz Henriett,magyar,https://www.uni-corvinus.hu/tantargyak/2VE81LAK06S?semester=2019/20/2
Szervezeti magatartás,5,Dr. Primecz Henriett,magyar,https://www.uni-corvinus.hu/tantargyak/2VE81EAK05S?semester=2019/20/2
Szervezeti magatartás,5,Kiss Csaba,magyar,https://www.uni-corvinus.hu/tantargyak/2VE81NAK04B?semester=2025/26/1
Szervezeti magatartás,3,Dr. Takács Sándor,magyar,https://www.uni-corvinus.hu/tantargyak/2LK95LAK17B?semester=2024/25/2
Szervezeti magatartás,5,Kiss Csaba,magyar,https://www.uni-corvinus.hu/tantargyak/2VE81NAK22SB?semester=2025/26/1
Szervezeti magatartás,3,Kiss Csaba,magyar,https://www.uni-corvinus.hu/tantargyak/VTSM080NMBB?semester=2024/25/2
Szervezeti magatartás,5,Dr. Milassin Anda Nóra,magyar,https://www.uni-corvinus.hu/tantargyak/VTSM104LMSB?semester=2024/25/2
Szervezeti magatartás és HR,6,Kiss Csaba,magyar,https://www.uni-corvinus.hu/tantargyak/VTSM055NMBB?semester=2025/26/1
Szervezeti magatartás és HR,6,Kiss Csaba,magyar,https://www.uni-corvinus.hu/tantargyak/VTSM070NMBS?semester=2025/26/1
Szervezeti magatartás és szervezetfejlesztés,5,Kiss Csaba,egyéb,https://www.uni-corvinus.hu/tantargyak/2VE81NAK06SM?semester=2020/21/1
Szervezeti magatartás és vezetés,5,Toarniczky Andrea,magyar,https://www.uni-corvinus.hu/tantargyak/2VE81NAK19CM?semester=2025/26/1
Szervezeti magatartás és vezetés,5,Dr. Dunavölgyi Mária,magyar,https://www.uni-corvinus.hu/tantargyak/2VE81EAK30M?semester=2020/21/1
Szervezeti magatartás és vezetés,6,Toarniczky Andrea,magyar,https://www.uni-corvinus.hu/tantargyak/VTSM088NMMB?semester=2025/26/1
Szervezeti projektvezetés,5,Dr. Blaskovics Bálint,magyar,https://www.uni-corvinus.hu/tantargyak/2SP72NBK02M?semester=2020/21/1
Szervezeti projektvezetés,5,Dr. Blaskovics Bálint,magyar,https://www.uni-corvinus.hu/tantargyak/2SP72LAK06S?semester=2020/21/1
Szervezeti projektvezetés,5,Dr. Jelen Tibor,magyar,https://www.uni-corvinus.hu/tantargyak/2SP72NBK02SM?semester=2025/26/1
Szervezeti pszichodinamika,6,Dr. Gelei András,magyar,https://www.uni-corvinus.hu/tantargyak/2VE81LAK65S?semester=2020/21/1
Szervezeti pszichodinamika,6,Dr. Gelei András,magyar,https://www.uni-corvinus.hu/tantargyak/VEZ0056LMSB?semester=2024/25/2
Szervezeti stratégia,5,Deutsch Nikolett,magyar,https://www.uni-corvinus.hu/tantargyak/2SP72LAK01S?semester=2020/21/2
Szervezetirányítás,5,Dr. Csedő Zoltán,magyar,https://www.uni-corvinus.hu/tantargyak/2VE81LAK37S?semester=2020/21/2
Szervezetközi hálózatok és vállalatcsoportok irányítása,5,Dr. Csedő Zoltán,magyar,https://www.uni-corvinus.hu/tantargyak/2VE81NCK13M?semester=2025/26/1
Szervezetközi hálózatok és vállalatcsoportok irányítása,5,Dr. Csedő Zoltán,magyar,https://www.uni-corvinus.hu/tantargyak/2VE81EAK38M?semester=2021/22/2
Szervezetszociológia,6,Dr. Czakó Ágnes,magyar,https://www.uni-corvinus.hu/tantargyak/7SO30NDKH9M?semester=2019/20/2
Szerződési jog,6,Dr. Bán Dániel,magyar,https://www.uni-corvinus.hu/tantargyak/PSGJ022NMBB?semester=2024/25/2
Szerződésjog,5,Dr. Bán Dániel,magyar,https://www.uni-corvinus.hu/tantargyak/2JO11LAK03S?semester=2021/22/1
Szimulációs gyakorlatok,3,Dr. Száz János,magyar,https://www.uni-corvinus.hu/tantargyak/4PU51NAV12B?semester=2021/22/1
"Szocializáció, énmárka építés",6,Toarniczky Andrea,magyar,https://www.uni-corvinus.hu/tantargyak/VTSM061NMBB?semester=2025/26/1
"Szocializáció, énmárka építés",6,Toarniczky Andrea,magyar,https://www.uni-corvinus.hu/tantargyak/VTSM072NMBS?semester=2025/26/1
Szociálpolitikai kutatások,3,Professor Emerita Dr. Elekes Zsuzsanna,magyar,https://www.uni-corvinus.hu/tantargyak/7SO30NGK79B?semester=2019/20/2
Szociálpolitikai kutatások,6,Professor Emerita Dr. Elekes Zsuzsanna,magyar,https://www.uni-corvinus.hu/tantargyak/7SO30NDVS2B?semester=2025/26/1
Szociálpolitikai kutatások I.,3,Dr. Husz Ildikó,magyar,https://www.uni-corvinus.hu/tantargyak/7SO30NGKL2B?semester=2020/21/1
Szociálpolitikai kutatások II.,3,Professor Emerita Dr. Elekes Zsuzsanna,magyar,https://www.uni-corvinus.hu/tantargyak/7SO30NGKL3B?semester=2021/22/2
Szociálpszichológia,3,Dr. Forgács Attila,magyar,https://www.uni-corvinus.hu/tantargyak/2LK94LAK46B?semester=2019/20/2
Szociálpszichológia,6,Helmich Dezső,magyar,https://www.uni-corvinus.hu/tantargyak/7SO30NAKL2M?semester=2019/20/2
Szociálpszichológia,3,Dr. Forgács Attila,magyar,https://www.uni-corvinus.hu/tantargyak/2LK95LAK53B?semester=2021/22/2
Szociálpszichológia,3,Helmich Dezső,magyar,https://www.uni-corvinus.hu/tantargyak/7SO30NAVL7M?semester=2020/21/1
Szociálpszichológia alapjai,5,Dr. Forgács Attila,magyar,https://www.uni-corvinus.hu/tantargyak/KSPV011LMSB?semester=2020/21/2
Szociofilm,3,Dr. Letenyei László,magyar,https://www.uni-corvinus.hu/tantargyak/7SO30NDV45B?semester=2023/24/2
Szociográfia és szociofotó,3,Dr. Lengyel György,magyar,https://www.uni-corvinus.hu/tantargyak/7SO30NDV12B?semester=2019/20/2
Szociológia,2,Medgyesi Márton,magyar,https://www.uni-corvinus.hu/tantargyak/4BO11LA013S?semester=2023/24/2
Szociológia,2,Dr. Gál Róbert,magyar,https://www.uni-corvinus.hu/tantargyak/MSOA028LMSB?semester=2024/25/2
Szociológia: kérdések és megközelítések,9,Dr. Bartus Tamás,magyar,https://www.uni-corvinus.hu/tantargyak/7SO30NDVR3B?semester=2021/22/1
Szociológiaelmélet,6,Dr. Hadas Miklós,magyar,https://www.uni-corvinus.hu/tantargyak/7SO30NAKH3M?semester=2019/20/2
Szociológiaelméleti irányzatok,3,Dr. Hadas Miklós,magyar,https://www.uni-corvinus.hu/tantargyak/7SO30NCK80B?semester=2019/20/2
Szociológiai elméletek II.,6,Dr. Hadas Miklós,magyar,https://www.uni-corvinus.hu/tantargyak/7SO30NAKM5M?semester=2019/20/2
Szociológiai kutatás módszertana I.,6,Dr. Moksony Ferenc,magyar,https://www.uni-corvinus.hu/tantargyak/7SO30NEKJ6B?semester=2025/26/1
Szociológiai kutatás módszertana II.,6,Dr. Moksony Ferenc,magyar,https://www.uni-corvinus.hu/tantargyak/7SO30NEKH6B?semester=2020/21/2
Szociológiai kutatások tervezése,3,Dr. Moksony Ferenc,magyar,https://www.uni-corvinus.hu/tantargyak/7SO30NCK99M?semester=2019/20/2
Szoftver engineering,5,Dr. Csáki Csaba,magyar,https://www.uni-corvinus.hu/tantargyak/INIR026NMMB?semester=2021/22/1
Szoftver-technológia I.,5,Dr. Mohácsi László,magyar,https://www.uni-corvinus.hu/tantargyak/2SZ31NAK22B?semester=2020/21/1
Szoftver-technológia II.,5,Dr. Mohácsi László,magyar,https://www.uni-corvinus.hu/tantargyak/2SZ31NAK20B?semester=2025/26/1
Szolgáltatásmarketing,5,Dr. Kenesei Zsófia,magyar,https://www.uni-corvinus.hu/tantargyak/2MA41NAV02M?semester=2021/22/1
Szolgáltatásmarketing a turizmusban,5,Dr. Kenesei Zsófia,magyar,https://www.uni-corvinus.hu/tantargyak/2MA41LAK26S?semester=2022/23/1
Szolgáltatásmarketing és felhasználói élmény,5,Dr. Cserdi Zsófia Hajnalka,magyar,https://www.uni-corvinus.hu/tantargyak/2LK95LAK69S?semester=2020/21/1
Szolgáltatásmenedzsment,5,Dr. Papp Ilona,magyar,https://www.uni-corvinus.hu/tantargyak/2PU51LAK01S?semester=2019/20/2
Szolgáltatásmenedzsment,6,Dr. Cserdi Zsófia Hajnalka,magyar,https://www.uni-corvinus.hu/tantargyak/MAME015NMBB?semester=2024/25/2
Szovjet-orosz tanulmányok,3,Sz. Biró Zoltán,magyar,https://www.uni-corvinus.hu/tantargyak/7NK40NCKE2M?semester=2019/20/2
Sztochasztika,4,Dr. Medvedev Péter,magyar,https://www.uni-corvinus.hu/tantargyak/4MA12NAK30B?semester=2020/21/2
Sztochasztika,5,Dr. Szabó Imre,magyar,https://www.uni-corvinus.hu/tantargyak/4MA12NAK09O?semester=2024/25/2
Szupervízió,4,Dr. Takács Sándor,magyar,https://www.uni-corvinus.hu/tantargyak/VEZ0055LMSB?semester=2024/25/2
Tájérték alapú helyi fejlesztés – Balatonfelvidéki kutatószeminárium,6,Dr. Bálint Csaba,magyar,https://www.uni-corvinus.hu/tantargyak/7GF20NAV51M?semester=2019/20/2
Tanácsadás és Infokommunikáció,4,Dr. Duma László,magyar,https://www.uni-corvinus.hu/tantargyak/2EB34NCK03M?semester=2019/20/2
Tanítási gyakorlat,2,Vinczéné Fekete Lídia,magyar,https://www.uni-corvinus.hu/tantargyak/7PE20LPKB7M?semester=2021/22/2
Tanítási gyakorlat kísérő szeminárium,2,Dr. Mikáczó Éva Ilona,magyar,https://www.uni-corvinus.hu/tantargyak/OMMK033LMMB?semester=2024/25/2
Tanítsunk Magyarországért! I. Mentor-hallgató képzés,2,Dr. Varga Ágnes,magyar,https://www.uni-corvinus.hu/tantargyak/KSPV027NMBB?semester=2024/25/2
Tanítsunk Magyarországért! II. Mentorálást kísérő szeminárium,2,Dr. Varga Ágnes,magyar,https://www.uni-corvinus.hu/tantargyak/KSPV030NMBB?semester=2024/25/2
Tanítsunk Magyarországért! III. Mentorálást kísérő szeminárium,magyar,Dr. Varga Ágnes,magyar,https://www.uni-corvinus.hu/tantargyak/TARS100NMBB?semester=2024/25/2
Tanügy-igazgatási és gazdálkodási ismeretek,3,Dr. Daruka Magdolna,magyar,https://www.uni-corvinus.hu/tantargyak/7PE20LAK03S?semester=2020/21/1
Tanügy-igazgatási szakértői gyakorlat,6,Dr. Bodnár Éva,magyar,https://www.uni-corvinus.hu/tantargyak/7PE20LAKA9S?semester=2019/20/2
Tanulás és kutatásmódszertan,3,Dr. Komár Zita,magyar,https://www.uni-corvinus.hu/tantargyak/5KO10NAK01B?semester=2020/21/2
Tanulás és kutatásmódszertan,3,Csillik Olga,magyar,https://www.uni-corvinus.hu/tantargyak/7PE20NAK09B?semester=2024/25/2
Tanulás és kutatásmódszertan,magyar,Dr. Virág Attila,magyar,https://www.uni-corvinus.hu/tantargyak/4OG33NAK01B?semester=2019/20/2
Tanulás és kutatásmódszertan,3,Dr. Rosta Miklós,magyar,https://www.uni-corvinus.hu/tantargyak/2SZ74NAK04B?semester=2020/21/1
Tanulás és kutatásmódszertan,3,Csillik Olga,magyar,https://www.uni-corvinus.hu/tantargyak/2LK95LAK04B?semester=2019/20/2
Tanulás és kutatásmódszertan,3,Csillik Olga,magyar,https://www.uni-corvinus.hu/tantargyak/7PE20NSZ09B?semester=2020/21/1
Tanulás és tanítás aktuális kérdései,2,Csillik Olga,magyar,https://www.uni-corvinus.hu/tantargyak/7PE20LPKB2M?semester=2020/21/1
Tanulás- és kutatásmódszertan,3,Dr. Ásványi Katalin,magyar,https://www.uni-corvinus.hu/tantargyak/2GF26NAK01B?semester=2019/20/2
"Tanulási folyamatok tervezése, szervezése és értékelése",3,Pálvölgyi Krisztián,magyar,https://www.uni-corvinus.hu/tantargyak/7TD50LAKH6S?semester=2021/22/1
Tanuló szervezet,6,Dr. Gelei András,magyar,https://www.uni-corvinus.hu/tantargyak/2VE81LAK44S?semester=2021/22/1
Tanuló szervezet gyakorlata,5,Dr. Gelei András,magyar,https://www.uni-corvinus.hu/tantargyak/2VE81NDK03M?semester=2025/26/1
Tanuló szervezet gyakorlata,5,Dr. Gelei András,magyar,https://www.uni-corvinus.hu/tantargyak/VTSM053NMMB?semester=2025/26/1
Tanuló szervezet tréning,4,Dr. Gelei András,magyar,https://www.uni-corvinus.hu/tantargyak/2VE81NCV04M?semester=2021/22/2
Tárgyalástechnika,5,Dr. Mitev Ariel Zoltán,magyar,https://www.uni-corvinus.hu/tantargyak/2ME43LAK01S?semester=2020/21/1
Tárgyalástechnika,6,Dr. Habil Bokor Tamás,magyar,https://www.uni-corvinus.hu/tantargyak/7PE20NGKB8B?semester=2019/20/2
Tárgyalástechnika tréning,3,Dr. Kiss Olga,magyar,https://www.uni-corvinus.hu/tantargyak/7PO10NDK38M?semester=2019/20/2
Társadalmi és demográfiai problémák,6,Professor Emerita Dr. Elekes Zsuzsanna,magyar,https://www.uni-corvinus.hu/tantargyak/7SO30NCKJ3B?semester=2025/26/1
Társadalmi és demográfiai problémák,6,Professor Emerita Dr. Elekes Zsuzsanna,magyar,https://www.uni-corvinus.hu/tantargyak/7SO30NCVJ3M?semester=2020/21/1
Társadalmi és gazdasági előrejelzés,5,Dr. Hideg Éva,magyar,https://www.uni-corvinus.hu/tantargyak/2JK22NAK01M?semester=2019/20/2
Társadalmi és gazdasági hálózatok elemzése,6,Lőrincz László,magyar,https://www.uni-corvinus.hu/tantargyak/4EE21NAK38M?semester=2025/26/1
Társadalmi integráció és esélyegyenlőség,magyar,Dr. Habil Bokor Tamás,magyar,https://www.uni-corvinus.hu/tantargyak/7PE20LAK77M?semester=2025/26/1
Társadalmi kapcsolatháló-elemzés,magyar,Dr. Sass Judit Gabriella,magyar,https://www.uni-corvinus.hu/tantargyak/7SO30NGVH8M?semester=2019/20/2
Társadalmi kommunikáció,6,Prof.Dr. Nagy Beáta,magyar,https://www.uni-corvinus.hu/tantargyak/7PE20NCKB3B?semester=2025/26/1
Társadalmi kommunikációs doktori iskola proszeminárium,3,Matolay Réka,magyar,https://www.uni-corvinus.hu/tantargyak/7PE20NAVL4M?semester=2020/21/2
Társadalmi nemek,6,Matolay Réka,magyar,https://www.uni-corvinus.hu/tantargyak/7SO30NDVR7B?semester=2022/23/2
Társadalom és lélektan,6,Juhászné Dr. Klér Andrea,magyar,https://www.uni-corvinus.hu/tantargyak/7PE20NGKC4B?semester=2022/23/1
Társadalom és politikai földrajz,6,Dr. Salamin Géza,magyar,https://www.uni-corvinus.hu/tantargyak/7NK40NCK85B?semester=2023/24/1
Társadalom és politikai földrajz,6,Dr. Salamin Géza,magyar,https://www.uni-corvinus.hu/tantargyak/NPGG044NMBB?semester=2024/25/2
Társadalombiztosítás,2,Professor Emerita Dr. Kovács Erzsébet,magyar,https://www.uni-corvinus.hu/tantargyak/4BO11LD036S?semester=2023/24/1
Társadalombiztosítás,2,Dr. Banyár József,magyar,https://www.uni-corvinus.hu/tantargyak/MSOA043LMSB?semester=2023/24/1
Társadalomfilozófia,3,Dr. Hoppál Bulcsú Kál,magyar,https://www.uni-corvinus.hu/tantargyak/7PO10NGV22M?semester=2020/21/1
Társadalomföldrajz,3,Dr. Jeney László Botond,magyar,https://www.uni-corvinus.hu/tantargyak/7GF20NAV02B?semester=2020/21/1
Társadalomföldrajz,6,Dr. Varga Ágnes,magyar,https://www.uni-corvinus.hu/tantargyak/NPGG018NMBB?semester=2023/24/1
Társadalompolitikai beavatkozások hatásvizsgálata,6,Dr. Moksony Ferenc,magyar,https://www.uni-corvinus.hu/tantargyak/7SO30NCKN9M?semester=2019/20/2
Társadalomstatisztika,3,Dr. Hegedűs Rita,magyar,https://www.uni-corvinus.hu/tantargyak/7SO30NBK10B?semester=2019/20/2
Társadalomszerkezet – társadalmi folyamatok,6,Dr. Husz Ildikó,magyar,https://www.uni-corvinus.hu/tantargyak/7SO30NCKG7B?semester=2020/21/2
Társadalomszerkezet és egyenlőtlenségek,6,Dr. Husz Ildikó,magyar,https://www.uni-corvinus.hu/tantargyak/7SO30NDVR8B?semester=2021/22/2
Társadalomszerkezet és egyenlőtlenségek,9,Dr. Kristóf Luca,magyar,https://www.uni-corvinus.hu/tantargyak/KSSZ024NMBB?semester=2025/26/1
Társadalomtörténet,6,Dr. Ványi Éva,magyar,https://www.uni-corvinus.hu/tantargyak/7GT02NBKJ5B?semester=2025/26/1
Társadalomtudományos felhasználói szoftverek,5,Dr. Letenyei László,magyar,https://www.uni-corvinus.hu/tantargyak/2IR32NAV02M?semester=2025/26/1
Társadalomtudományos felhasználói szoftverek,6,Dr. Letenyei László,magyar,https://www.uni-corvinus.hu/tantargyak/7SO30NHKM8M?semester=2019/20/2
Társasági jog,5,Dr. Csöndes Mónika,magyar,https://www.uni-corvinus.hu/tantargyak/2JO11NAV01M?semester=2025/26/1
Társasági jog,4,Dr. Csöndes Mónika,magyar,https://www.uni-corvinus.hu/tantargyak/2JO11EAK02M?semester=2019/20/2
Társasági jog,5,Dr. Csöndes Mónika,magyar,https://www.uni-corvinus.hu/tantargyak/2JO11EAV04M?semester=2021/22/1
Társasági jog,5,Dr. Csöndes Mónika,magyar,https://www.uni-corvinus.hu/tantargyak/PSGJ040NMMB?semester=2022/23/1
Társasági jog,5,Dr. Csöndes Mónika,magyar,https://www.uni-corvinus.hu/tantargyak/SZAM076NMMB?semester=2025/26/1
Társaságirányítás,5,Dr. Csedő Zoltán,magyar,https://www.uni-corvinus.hu/tantargyak/VTVZ019NMMB?semester=2022/23/2
Társaságirányítás és számvitel,3,Dr. Lukács János,magyar,https://www.uni-corvinus.hu/tantargyak/2PU51NCK12M?semester=2020/21/1
Társaságirányítás és számvitel,5,Bordáné Rabóczki Mária,magyar,https://www.uni-corvinus.hu/tantargyak/2SA53EAK26M?semester=2020/21/1
Távol-keleti menedzsment,3,Vaszkun Balázs György,magyar,https://www.uni-corvinus.hu/tantargyak/2VE81NAV01B?semester=2019/20/2
Taxation and tax planning,6,Dr. Czoboly Gergely István,magyar,https://www.uni-corvinus.hu/tantargyak/SZAM001NABB?semester=2024/25/2
Team Building I.,magyar,Kiss Csaba,magyar,https://www.uni-corvinus.hu/tantargyak/IOK0037NAEB?semester=2021/22/2
Team Building II.,magyar,Kiss Csaba,magyar,https://www.uni-corvinus.hu/tantargyak/IOK0012NAEB?semester=2024/25/2
Technológia és társadalom: techno-társadalmi kihívások a huszonegyedik századi marketingben,5,Dr. Cosovan Attila Róbert,magyar,https://www.uni-corvinus.hu/tantargyak/2ME43NAV08M?semester=2025/26/1
Technológia közvetítette kommunikáció,6,Dr. Veszelszki Ágnes,angol,https://www.uni-corvinus.hu/tantargyak/PHTK_TECHKOZVKOM?semester=2019/20/2
"Technológia, hatalom, üzlet a világgazdaságban",3,Dr. Gál Péter,magyar,https://www.uni-corvinus.hu/tantargyak/7VG32NAV40M?semester=2019/20/2
"Technológia, hatalom, üzlet a világgazdaságban",6,Dr. Gál Péter,magyar,https://www.uni-corvinus.hu/tantargyak/7VG32NBKC8M?semester=2025/26/1
Technológiai előretekintés,3,Dr. Kristóf Tamás,magyar,https://www.uni-corvinus.hu/tantargyak/VALL016LMSB?semester=2024/25/2
Technológiai előretekintés,4,Dr. Kristóf Tamás,magyar,https://www.uni-corvinus.hu/tantargyak/VALL074LMSB?semester=2025/26/1
Technológiai tanácsadás,3,Dr. Aranyossy Márta,magyar,https://www.uni-corvinus.hu/tantargyak/2BE52NAV20M?semester=2021/22/2
Technology and Digitalization in World Regions,6,Dr. Matura Tamás Attila,magyar,https://www.uni-corvinus.hu/tantargyak/GLOB150NABB?semester=2025/26/1
Technology Innovation and Knowledge Management,6,Dr. Vas Réka Franciska,angol,https://www.uni-corvinus.hu/tantargyak/2CM99NAV01M?semester=2020/21/1
Település- és térség-marketing,5,Dr. Török Áron,magyar,https://www.uni-corvinus.hu/tantargyak/2KA21NAK03CM?semester=2025/26/1
Településfejlesztési modellek,3,Dr. Letenyei László,magyar,https://www.uni-corvinus.hu/tantargyak/7SO30NGKN1B?semester=2021/22/2
Településföldrajz és településfejlesztés,3,Dr. Varga Ágnes,magyar,https://www.uni-corvinus.hu/tantargyak/7GF20NAV05B?semester=2024/25/2
Településföldrajzi terepgyakorlat,6,Dr. Varga Ágnes,magyar,https://www.uni-corvinus.hu/tantargyak/NPGG003NMBM?semester=2022/23/2
Települési és közösségi gazdaságtan,3,dr. Forman Balázs,magyar,https://www.uni-corvinus.hu/tantargyak/7GF20NAK01M?semester=2019/20/2
Településmarketing,4,Dr. Jeney László Botond,magyar,https://www.uni-corvinus.hu/tantargyak/2KA21NDK05B?semester=2025/26/1
Teljesítményértékelés,magyar,Dr. Wimmer Ágnes,magyar,https://www.uni-corvinus.hu/tantargyak/7PE20LAK29S?semester=2019/20/2
Teljesítménymenedzsment az ellátási láncban,5,Dr. Wimmer Ágnes,magyar,https://www.uni-corvinus.hu/tantargyak/2VL60NBK20M?semester=2025/26/1
Teljesítménymenedzsment az ellátási láncban – duál,5,Dr. Wimmer Ágnes,magyar,https://www.uni-corvinus.hu/tantargyak/2VL60NBK09MD?semester=2025/26/1
Teljesítménymérés a beszerzésben,4,Szukits Ágnes,magyar,https://www.uni-corvinus.hu/tantargyak/2VL60LAK13S?semester=2020/21/2
Teljesítménymérés és értékelés,5,Bodnár Viktória,magyar,https://www.uni-corvinus.hu/tantargyak/2VE81EAK39M?semester=2020/21/1
Teljesítménymérés- és értékelés,5,Bodnár Viktória,magyar,https://www.uni-corvinus.hu/tantargyak/2VE81NCK07M?semester=2025/26/1
Tematikus tervezés projekt,5,Csillik Olga,magyar,https://www.uni-corvinus.hu/tantargyak/7TD50LAKH7S?semester=2019/20/2
Terepmunka,3,Dr. Letenyei László,magyar,https://www.uni-corvinus.hu/tantargyak/7SO30NDVM4B?semester=2020/21/1
Térinformatika,3,Dr. Varga Ágnes,magyar,https://www.uni-corvinus.hu/tantargyak/2GF26NAV07B?semester=2024/25/1
Térinformatika a vidékfejlesztésben,4,Dr. Varga Ágnes,magyar,https://www.uni-corvinus.hu/tantargyak/7GF20NAK33B?semester=2023/24/1
Termék- és márkastratégiák,5,Dr. Kolos Krisztina Ágnes,magyar,https://www.uni-corvinus.hu/tantargyak/2MA41NBK02M?semester=2025/26/1
Termék- és márkastratégiák,5,Dr. Kolos Krisztina Ágnes,magyar,https://www.uni-corvinus.hu/tantargyak/2MA41LAK04S?semester=2020/21/1
Termelés és szolgáltatás menedzsment,4,Demeter Krisztina,magyar,https://www.uni-corvinus.hu/tantargyak/2VL60NBK11M?semester=2020/21/1
Termelés és szolgáltatás menedzsment,4,Demeter Krisztina,magyar,https://www.uni-corvinus.hu/tantargyak/2VL60LAK09S?semester=2020/21/1
Termelés és szolgáltatás menedzsment,5,Demeter Krisztina,magyar,https://www.uni-corvinus.hu/tantargyak/2VL60NBK18M?semester=2021/22/1
Termelés és szolgáltatás menedzsment – duál,5,Demeter Krisztina,magyar,https://www.uni-corvinus.hu/tantargyak/2VL60NBK11MD?semester=2020/21/1
Természeti erőforrások és természetvédelem,magyar,dr. Marton Péter,angol,https://www.uni-corvinus.hu/tantargyak/3KT23NAK11M?semester=2019/20/2
Terrorism and Political Violence,3,Dr. Pinke-Sziva Ivett,magyar,https://www.uni-corvinus.hu/tantargyak/7NK40NFVA1B?semester=2019/20/2
Térségi marketingkommunikáció és márkázás,5,Dr. Pinke-Sziva Ivett,magyar,https://www.uni-corvinus.hu/tantargyak/2MA41NAK10B?semester=2022/23/2
Térségi tervezés és programozás,magyar,Dr. Jászberényi Melinda,magyar,https://www.uni-corvinus.hu/tantargyak/2VE81NAK09CM?semester=2025/26/1
Térségi turisztikai termékfejlesztés,5,Dr. Jeney László Botond,magyar,https://www.uni-corvinus.hu/tantargyak/2MA41NAK09B?semester=2025/26/1
Térségi-menedzsment,5,Dr. Varga Ágnes,magyar,https://www.uni-corvinus.hu/tantargyak/2MA41LAK28S?semester=2022/23/1
Területi elemzés és térinformatika,6,Dr. Varga Ágnes,magyar,https://www.uni-corvinus.hu/tantargyak/7GF20LSZ92M?semester=2020/21/1
Területi elemzés és térinformatika,6,Dr. Varga Ágnes,magyar,https://www.uni-corvinus.hu/tantargyak/NPGG019NMMB?semester=2021/22/1
Területi elemzési módszerek,6,Dr. Jeney László Botond,magyar,https://www.uni-corvinus.hu/tantargyak/7GF20NAK90B?semester=2023/24/2
Területi és térinformatikai kvantitatív elemzési módszerek,6,Dr. Varga Ágnes,magyar,https://www.uni-corvinus.hu/tantargyak/7GF20NAK02M?semester=2020/21/1
Területi és térinformatikai kvantitatív elemzési módszerek,6,Dr. Varga Ágnes,magyar,https://www.uni-corvinus.hu/tantargyak/7GF20LSZ02M?semester=2020/21/1
Tervezés és kontrolling II.,3,Dr. Stocker Miklós György,magyar,https://www.uni-corvinus.hu/tantargyak/2LK94LBK42B?semester=2019/20/2
Tervezés és projektek,6,Dr. Papp-Horváth Viktória,magyar,https://www.uni-corvinus.hu/tantargyak/7GF20NAK93M?semester=2025/26/1
Tervezés és projektek,6,Dr. Papp-Horváth Viktória,magyar,https://www.uni-corvinus.hu/tantargyak/7GF20LSZ93M?semester=2025/26/1
Teszt tantárgy OM,magyar,Szöllősi Jenő,magyar,https://www.uni-corvinus.hu/tantargyak/TESZTOM01?semester=2024/25/2
Tevékenység és ellátási lánc menedzsment,6,Demeter Krisztina,magyar,https://www.uni-corvinus.hu/tantargyak/PHG_ALAPF_MEN?semester=2023/24/2
Tevékenységmenedzsment,4,Dr. Kiss János,magyar,https://www.uni-corvinus.hu/tantargyak/2LK94LAK21B?semester=2019/20/2
Tevékenységmenedzsment,3,Matyusz Zsolt,magyar,https://www.uni-corvinus.hu/tantargyak/2VL60NBK10B?semester=2024/25/1
Tevékenységmenedzsment,3,Matyusz Zsolt,magyar,https://www.uni-corvinus.hu/tantargyak/2LK95LAK38B?semester=2021/22/1
Tevékenységmenedzsment,3,Matyusz Zsolt,magyar,https://www.uni-corvinus.hu/tantargyak/2VL60NBK33SB?semester=2024/25/1
Text Mining and Analysis,6,dr. Kő Andrea,magyar,https://www.uni-corvinus.hu/tantargyak/ADIN019NABB?semester=2025/26/1
The Art of Communication,6,Pelle Veronika,magyar,https://www.uni-corvinus.hu/tantargyak/MARK098NABB?semester=2025/26/1
The Circular Economy – Challenges and Business Solutions,6,Dr. Csutora Mária,magyar,https://www.uni-corvinus.hu/tantargyak/FENT043NAMB?semester=2025/26/1
The Communication of Dictatorships,3,Dr. Farkas-Bede Katalin,angol,https://www.uni-corvinus.hu/tantargyak/7PO10NDV92B?semester=2020/21/1
"The Continent of Resources, the Continent of Opportunities – Development and growth in Africa",6,Urbánné Mező Júlia,magyar,https://www.uni-corvinus.hu/tantargyak/7VG32NBKE7M?semester=2025/26/1
The Cultural Context of Communication,3,Dr. Benczes Réka Ágnes,magyar,https://www.uni-corvinus.hu/tantargyak/7PE20NXKI3M?semester=2020/21/2
The Diversity Pipeline,6,Dr. Pásztor Adél,magyar,https://www.uni-corvinus.hu/tantargyak/TARS156NAMB?semester=2025/26/1
The Economic History of Eastern Europe in the 20th century,angol,Dr. Rosta Miklós,angol,https://www.uni-corvinus.hu/tantargyak/KOZNXV4MI07?semester=2019/20/2
The economic institutions of capitalism,3,Isaisas Rivera,angol,https://www.uni-corvinus.hu/tantargyak/PHK_ECOINS?semester=2019/20/2
The Economics and Ethics of Globalization,6,dr. Berde Éva,magyar,https://www.uni-corvinus.hu/tantargyak/293NECOV411B?semester=2020/21/1
The Economics of Aging,6,Dr. Németh Petra,magyar,https://www.uni-corvinus.hu/tantargyak/9KO03NAK02M?semester=2025/26/1
The foundations of behavioural economics,3,Kiss Hubert János,magyar,https://www.uni-corvinus.hu/tantargyak/KOZG011NAMB?semester=2025/26/1
The foundations of behavioural economics,3,Kiss Hubert János,magyar,https://www.uni-corvinus.hu/tantargyak/KOZG069NAMB?semester=2025/26/1
The Foundations of Behavioural Economics,3,Kiss Hubert János,magyar,https://www.uni-corvinus.hu/tantargyak/KOZG076NAMB?semester=2025/26/1
The Globalization of World Politics,6,Tétényi András,magyar,https://www.uni-corvinus.hu/tantargyak/KOZNXV4VI10?semester=2025/26/1
The History of Sociology,angol,Dr. Moksony Ferenc,magyar,https://www.uni-corvinus.hu/tantargyak/7SO30NCKL1B?semester=2019/20/2
The Methodology of Sociological Research I.,6,Dr. Moksony Ferenc,magyar,https://www.uni-corvinus.hu/tantargyak/7SO30NCKF6B?semester=2025/26/1
The Methodology of Sociological Research I.,6,Dr. Moksony Ferenc,angol,https://www.uni-corvinus.hu/tantargyak/7SO30NCVF6M?semester=2025/26/1
The Methodology of Sociological Research II.,3,Dr. Moksony Ferenc,angol,https://www.uni-corvinus.hu/tantargyak/7SO30NCKD8B?semester=2019/20/2
The Methodology of Sociological Research II.,6,Dr. Moksony Ferenc,magyar,https://www.uni-corvinus.hu/tantargyak/7SO30NCKF7B?semester=2020/21/1
The Microeconomics of the Gig Economy,6,Dr. Tőkés László,magyar,https://www.uni-corvinus.hu/tantargyak/KOZNXV4MI15?semester=2021/22/1
The Migration Turn,6,Dr. Melegh Attila,magyar,https://www.uni-corvinus.hu/tantargyak/TARS064NAMB?semester=2025/26/1
The New East-European Underclass,6,Ladányi János,magyar,https://www.uni-corvinus.hu/tantargyak/293NSOCV450B?semester=2025/26/1
The political economy of development,6,Ricz Judit,magyar,https://www.uni-corvinus.hu/tantargyak/NPVG014NAMB?semester=2025/26/1
The Political Economy of development in Post-Communist Central and Eastern Europe,3,Dr. Medve-Bálint Gergő,angol,https://www.uni-corvinus.hu/tantargyak/7PO10NGV84M?semester=2019/20/2
The Political Economy of EU Decision-Making,6,Dr. Nagy Sándor Gyula,angol,https://www.uni-corvinus.hu/tantargyak/4VG32NBK54M?semester=2020/21/2
The Political Economy of European Integration: Implications for Countries of Central- and Eastern Europe,6,Dr. Benczes István Zsolt,angol,https://www.uni-corvinus.hu/tantargyak/4OG33NAK36M?semester=2019/20/2
The Political Economy of the Middle East,6,dr. Paragi Beáta,magyar,https://www.uni-corvinus.hu/tantargyak/7NK40NIK49M?semester=2025/26/1
The Power of Language in Political Communication,3,Dr. Farkas-Bede Katalin,angol,https://www.uni-corvinus.hu/tantargyak/7PO10NGVE3M?semester=2019/20/2
The Prospects and Limits of Scientific Explanation,6,Dr. Demeter Tamás,magyar,https://www.uni-corvinus.hu/tantargyak/TARS058NABB?semester=2025/26/1
The psychological factors behind individual decision-making,6,Szabó Zsolt Péter,magyar,https://www.uni-corvinus.hu/tantargyak/VEZ0023NAMB?semester=2024/25/2
The psychological factors behind individual decision-making,6,Szabó Zsolt Péter,magyar,https://www.uni-corvinus.hu/tantargyak/VEZ0088NAMB?semester=2025/26/1
The Realm of Communication,6,Pelle Veronika,angol,https://www.uni-corvinus.hu/tantargyak/7PE20NGKK2B?semester=2019/20/2
The rise of China in the world economy,magyar,Ryder Andrew,angol,https://www.uni-corvinus.hu/tantargyak/7VG32NIN03M?semester=2025/26/1
The Roma: policy and ethnogenesis,3,Dr. Endrődi-Kovács Viktória,magyar,https://www.uni-corvinus.hu/tantargyak/7TSLDNAK13M?semester=2019/20/2
The sociology and economics of fertility,magyar,Dr. Aczél Petra Katalin,angol,https://www.uni-corvinus.hu/tantargyak/KSSZ002NAMB?semester=2025/26/1
The Western Balkans: Post-crisis and EU accession,6,Dr. Melegh Attila,magyar,https://www.uni-corvinus.hu/tantargyak/PHN_WESBALKPOSTCRISEUACC?semester=2024/25/2
Theories of communication,3,Dr. Melegh Attila,magyar,https://www.uni-corvinus.hu/tantargyak/7PE20NGKF1B?semester=2019/20/2
Theorizing Hungarian Foreign Policy,3,Dr. Szalai Máté,angol,https://www.uni-corvinus.hu/tantargyak/7NK40NCVJ3B?semester=2020/21/1
Theory and Practice of Environmental Policymaking,6,Dr. Széchy Anna Zsófia,magyar,https://www.uni-corvinus.hu/tantargyak/FENT044NAMB?semester=2025/26/1
Theory of consumption and consumer behavior,6,Dr. Török Anna,magyar,https://www.uni-corvinus.hu/tantargyak/293NMARK601M?semester=2025/26/1
Theory of consumption and Consumer Behaviour,6,Dr. Török Anna,magyar,https://www.uni-corvinus.hu/tantargyak/MARK035NAMB?semester=2025/26/1
Theory of International Relations,6,dr. Szűcs Anita,magyar,https://www.uni-corvinus.hu/tantargyak/7NK40NBKB1M?semester=2025/26/1
Thesis,7,Dr. Kacsirek László,magyar,https://www.uni-corvinus.hu/tantargyak/VF00017NABB?semester=2024/25/2
Thesis Consultation,10,Dr. Szántay Antal Péter,magyar,https://www.uni-corvinus.hu/tantargyak/7PE20NAKL5M?semester=2024/25/2
Thesis Consultation I. – BI,15,dr. Szabó Zoltán,magyar,https://www.uni-corvinus.hu/tantargyak/293NTHESCONS5?semester=2021/22/1
Thesis Consultation I. – MM,5,Dr. Habil Agárdi Irma,angol,https://www.uni-corvinus.hu/tantargyak/293NTHESCONS3?semester=2019/20/2
Thesis Consultation II,6,Lőrincz László,magyar,https://www.uni-corvinus.hu/tantargyak/ADIN155NAMB?semester=2025/26/1
Thesis Project,10,Dr. Szántay Antal Péter,angol,https://www.uni-corvinus.hu/tantargyak/7PE20NAKJ6M?semester=2020/21/1
Thesis Seminar,15,Walter György,magyar,https://www.uni-corvinus.hu/tantargyak/2SM95LGK02D?semester=2020/21/1
Thesis Seminar,10,Dr. Habil Bokor Tamás,magyar,https://www.uni-corvinus.hu/tantargyak/7PE20NGKL8B?semester=2024/25/2
Thesis Seminar,10,Dr. Szántay Antal Péter,magyar,https://www.uni-corvinus.hu/tantargyak/7PE20NXKK3M?semester=2024/25/2
Thesis seminar,10,Szabó László,magyar,https://www.uni-corvinus.hu/tantargyak/REKK027LASB?semester=2024/25/2
Thesis seminar,5,Dr. Móricz Péter,magyar,https://www.uni-corvinus.hu/tantargyak/VEZ0086NAMB?semester=2024/25/2
Thesis seminar,3,Dr. Blaskovics Bálint,magyar,https://www.uni-corvinus.hu/tantargyak/VEZ0107NAMB?semester=2025/26/1
Thesis seminar,3,Dr. Pásztor Adél,magyar,https://www.uni-corvinus.hu/tantargyak/TARS159NAMB?semester=2025/26/1
Thesis Seminar I,angol,dr. Lehoczki Bernadett Judit,angol,https://www.uni-corvinus.hu/tantargyak/7NK40NDDL3M?semester=2020/21/1
Thesis seminar I.,6,Bartha Attila,angol,https://www.uni-corvinus.hu/tantargyak/4KO03NBK38M?semester=2020/21/1
Thesis Seminar I.,5,Dr. Kőhegyi Gergely,angol,https://www.uni-corvinus.hu/tantargyak/4EL22NAK06B?semester=2020/21/1
Thesis seminar I.,6,Dr. Szakadát László,angol,https://www.uni-corvinus.hu/tantargyak/4OG33NAV48M?semester=2020/21/1
Thesis Seminar I.,5,Walter György,magyar,https://www.uni-corvinus.hu/tantargyak/2SM95LGK03D?semester=2020/21/1
Thesis seminar I.,6,Walter György,magyar,https://www.uni-corvinus.hu/tantargyak/293NTHESSCONS7?semester=2020/21/1
Thesis Seminar II,9,Dr. Juhász Péter,magyar,https://www.uni-corvinus.hu/tantargyak/PSBV121NAMB?semester=2024/25/2
Thesis Seminar II,7,dr. Lehoczki Bernadett Judit,magyar,https://www.uni-corvinus.hu/tantargyak/GLOB065NAMB?semester=2024/25/2
Thesis seminar II.,9,Dr. Szakadát László,angol,https://www.uni-corvinus.hu/tantargyak/4OG33NAV49M?semester=2020/21/1
Thesis Seminar II.,9,Dr. Kocsis Tamás,magyar,https://www.uni-corvinus.hu/tantargyak/7GF20NAK63M?semester=2024/25/2
Thesis Seminar II.,5,Dr. Szakadát László,magyar,https://www.uni-corvinus.hu/tantargyak/KG00139NAMB?semester=2024/25/2
Thesis Seminar III.,5,Dr. Szakadát László,magyar,https://www.uni-corvinus.hu/tantargyak/KG00140NAMB?semester=2024/25/2
Thesis Seminar III.,6,Dr. Major Klára,magyar,https://www.uni-corvinus.hu/tantargyak/KOZG060NAMB?semester=2024/25/2
Thesis Work,30,Tétényi András,magyar,https://www.uni-corvinus.hu/tantargyak/4VG32UCL09M?semester=2024/25/2
Thesis Work,5,Dr. Blaskovics Bálint,magyar,https://www.uni-corvinus.hu/tantargyak/VF00085LASB?semester=2024/25/2
Thesis work,10,Dr. Medve-Bálint Gergő,magyar,https://www.uni-corvinus.hu/tantargyak/TARS073NAMB?semester=2024/25/2
Thesis Work Consultation 2,6,Dr. Kolos Krisztina Ágnes,magyar,https://www.uni-corvinus.hu/tantargyak/MARK087NAMB?semester=2024/25/2
Thesis work consultation I.,3,Vaszkun Balázs György,magyar,https://www.uni-corvinus.hu/tantargyak/293NTHECONS1?semester=2024/25/2
Thesis work consultation II.,7,Vaszkun Balázs György,magyar,https://www.uni-corvinus.hu/tantargyak/293NTHECONS2?semester=2024/25/2
Thesis Work Consultation II.,10,Dr. Kolos Krisztina Ágnes,magyar,https://www.uni-corvinus.hu/tantargyak/MAME006NAMB?semester=2025/26/1
Thesis Work I.,15,dr. Szabó Zoltán,magyar,https://www.uni-corvinus.hu/tantargyak/ADIN062NAMB?semester=2024/25/2
Thesis Work II.,15,dr. Szabó Zoltán,magyar,https://www.uni-corvinus.hu/tantargyak/ADIN063NAMB?semester=2024/25/2
Thesis writing,30,Dr. Gallai Sándor,magyar,https://www.uni-corvinus.hu/tantargyak/NPPT032NAMB?semester=2024/25/2
Thesis Writing 1 (Purpose of my MBA 1.),5,Toarniczky Andrea,magyar,https://www.uni-corvinus.hu/tantargyak/VTSM007NMMB?semester=2024/25/2
Thesis Writing 2 (Purpose of my MBA 2.),5,Toarniczky Andrea,magyar,https://www.uni-corvinus.hu/tantargyak/VTSM009NMMB?semester=2024/25/2
Thesis Writing I.,5,Dr. Vicsek Lilla Mária,angol,https://www.uni-corvinus.hu/tantargyak/7SO30NGKF7B?semester=2019/20/2
Thesis Writing II.,9,Ryder Andrew,magyar,https://www.uni-corvinus.hu/tantargyak/7SO30NGKG1B?semester=2020/21/2
Thesis writing II.,4,Dr. Móricz Péter,magyar,https://www.uni-corvinus.hu/tantargyak/VTVK054NAMB?semester=2024/25/2
Thesis Writing II. (Thesis Work),10,Dr. Vicsek Lilla Mária,magyar,https://www.uni-corvinus.hu/tantargyak/7SO30NGKG9B?semester=2024/25/2
Thesis writing III. Advanced Qualitative and Quantitative Methods for Policy Analysis,3,Szalma Ivett,magyar,https://www.uni-corvinus.hu/tantargyak/TARS114NAMB?semester=2024/25/2
Thesis writing IV.: Thesis Seminar,6,Bartha Attila,magyar,https://www.uni-corvinus.hu/tantargyak/TARS028NAMB?semester=2024/25/2
Thesis Writing Seminar I.,5,dr. Gálik Zoltán,angol,https://www.uni-corvinus.hu/tantargyak/7NK40NGKA7B?semester=2020/21/1
Thesis Writing Seminar II.,5,dr. Gálik Zoltán,magyar,https://www.uni-corvinus.hu/tantargyak/7NK40NGKA9B?semester=2024/25/2
Time Series Analysis,6,Keresztély Tibor,angol,https://www.uni-corvinus.hu/tantargyak/MSST003NAMB?semester=2020/21/2
Time Series Analysis,6,Keresztély Tibor,magyar,https://www.uni-corvinus.hu/tantargyak/ADIN117NAMB?semester=2024/25/2
Time Series Analysis,5,Dr. Darvas Zsolt,magyar,https://www.uni-corvinus.hu/tantargyak/PHKGI073?semester=2024/25/2
"Tippek, trükkök a coachingban",4,Dr. Takács Sándor,magyar,https://www.uni-corvinus.hu/tantargyak/VTSM024LMSB?semester=2024/25/2
Titkosszolgálatok a XX-XXI. században,3,Dr. Kurtán Sándor,magyar,https://www.uni-corvinus.hu/tantargyak/7PO10NDK20B?semester=2021/22/2
TM és intelligens rendszerek,5,Borbásné Szabó Ildikó,magyar,https://www.uni-corvinus.hu/tantargyak/2IR32NBK03B?semester=2020/21/1
TNCs in the World Economy,6,Dr. Endrődi-Kovács Viktória,magyar,https://www.uni-corvinus.hu/tantargyak/NPVG004NABB?semester=2024/25/2
Többletteljesítmény kredit,20,Fertő Imre,magyar,https://www.uni-corvinus.hu/tantargyak/PHG011?semester=2024/25/2
Többszektoros nemzetgazdasági elemzések,6,Dr. Révész Tamás,magyar,https://www.uni-corvinus.hu/tantargyak/4MK24NBK04B?semester=2025/26/1
Többszempontú döntési modellek alkalmazása a gyakorlatban,5,Kovács Tibor,magyar,https://www.uni-corvinus.hu/tantargyak/2IR32EAK41S?semester=2024/25/2
Többszintű kormányzás,6,Dr. Rosta Miklós,magyar,https://www.uni-corvinus.hu/tantargyak/4KO03NBV17M?semester=2025/26/1
Többszintű kormányzás,6,Dr. Rosta Miklós,magyar,https://www.uni-corvinus.hu/tantargyak/4KO03LBK32M?semester=2019/20/2
Többváltozós adatelemzés,6,Dr. Vakhal Péter,magyar,https://www.uni-corvinus.hu/tantargyak/4OP13NAK10B?semester=2025/26/1
Többváltozós adatelemzés,5,Dr. Vakhal Péter,magyar,https://www.uni-corvinus.hu/tantargyak/4OP13NAK04O?semester=2024/25/2
Többváltozós adatelemzés és vizualizáció R-ben,3,Dr. Mák Fruzsina,magyar,https://www.uni-corvinus.hu/tantargyak/KOZNXV4ST02?semester=2019/20/2
Többváltozós adatelemzés II.,2,Dr. Vakhal Péter,magyar,https://www.uni-corvinus.hu/tantargyak/4OP13NAV01M?semester=2025/26/1
Többváltozós adatelemzés II.,3,Dr. Vékás Péter,magyar,https://www.uni-corvinus.hu/tantargyak/4OP13NAV27M?semester=2019/20/2
Többváltozós adatelemzési modellek,5,Dr. Mitev Ariel Zoltán,magyar,https://www.uni-corvinus.hu/tantargyak/2MA41EAK02S?semester=2020/21/1
Többváltozós adatelemzési modellek,5,Kovács László,magyar,https://www.uni-corvinus.hu/tantargyak/MAME039LMSB ?semester=2023/24/2
Többváltozós modellezés I,6,Dr. Vékás Péter,magyar,https://www.uni-corvinus.hu/tantargyak/OPDO039NMOB?semester=2025/26/1
Többváltozós statisztika,5,Professor Emerita Dr. Kovács Erzsébet,magyar,https://www.uni-corvinus.hu/tantargyak/4OP13EAK01S?semester=2021/22/1
Többváltozós statisztikai modellek,6,Professor Emerita Dr. Kovács Erzsébet,magyar,https://www.uni-corvinus.hu/tantargyak/4BO11LT023S?semester=2023/24/2
Többváltozós statisztikai modellek,5,Ágoston Kolos Csaba,magyar,https://www.uni-corvinus.hu/tantargyak/4OP13NAK02M?semester=2025/26/1
Többváltozós statisztikai modellek,5,Dr. Vékás Péter,magyar,https://www.uni-corvinus.hu/tantargyak/4OP13NAK05O?semester=2025/26/1
Többváltozós statisztikai modellek,6,Dr. Vakhal Péter,magyar,https://www.uni-corvinus.hu/tantargyak/MSOA032LMSB?semester=2024/25/2
Többváltozós statisztikai modellek II.,5,Professor Emerita Dr. Kovács Erzsébet,magyar,https://www.uni-corvinus.hu/tantargyak/4OP13EAK02S?semester=2025/26/1
Többváltozós statisztikai modellezés,5,Dr. Vékás Péter,magyar,https://www.uni-corvinus.hu/tantargyak/4OP13EAK04M?semester=2020/21/1
Többváltozós statisztikai modellezés,5,Professor Emerita Dr. Kovács Erzsébet,magyar,https://www.uni-corvinus.hu/tantargyak/4OP13NAK10M?semester=2025/26/1
Többváltozós statisztikai modellezés,4,Dr. Vékás Péter,magyar,https://www.uni-corvinus.hu/tantargyak/4OP13NAK12M?semester=2025/26/1
Többváltozós statisztikai modellezés,5,Professor Emerita Dr. Kovács Erzsébet,magyar,https://www.uni-corvinus.hu/tantargyak/4OP13NAV19B?semester=2020/21/1
Többváltozós statisztikai modellezés,5,Professor Emerita Dr. Kovács Erzsébet,magyar,https://www.uni-corvinus.hu/tantargyak/4OP13NAV19B-SPM?semester=2025/26/1
Többváltozós statisztikai modellezés II,6,Dr. Vékás Péter,magyar,https://www.uni-corvinus.hu/tantargyak/MSOA023NMBB?semester=2025/26/1
Többváltozós statisztikai modellezés II.,2,Dr. Vékás Péter,magyar,https://www.uni-corvinus.hu/tantargyak/4OP13NAV26M?semester=2020/21/2
Többváltozós statisztikai modellezés II.,6,Dr. Vékás Péter,magyar,https://www.uni-corvinus.hu/tantargyak/PHK_TOBVALLSTAT2?semester=2020/21/2
Többváltozós statisztikai modellezés II.,6,Dr. Vékás Péter,magyar,https://www.uni-corvinus.hu/tantargyak/KOZNX4OP02?semester=2021/22/2
Többváltozós statisztikai módszerek,5,Dr. Vékás Péter,angol,https://www.uni-corvinus.hu/tantargyak/PHGI_TOBBVALT?semester=2019/20/2
Tőkepiac,6,Dr. Váradi Kata,magyar,https://www.uni-corvinus.hu/tantargyak/PSBV022NMBB?semester=2025/26/1
Tőkepiacok és gazdaságpolitika a gyakorlatban,3,Bod Péter Ákos,magyar,https://www.uni-corvinus.hu/tantargyak/4GP02NAV03M?semester=2019/20/2
Tőkepiacok és gazdaságpolitika a gyakorlatban,3,Németh András Olivér,magyar,https://www.uni-corvinus.hu/tantargyak/KOZNXV4GP04?semester=2019/20/2
Topics from Modern Economic Theory,6,Dr. Isztin Péter Zoltán,magyar,https://www.uni-corvinus.hu/tantargyak/KOZG019NABB?semester=2024/25/2
Topics in Macroeconometrics,5,Dr. Kónya István Tamás,magyar,https://www.uni-corvinus.hu/tantargyak/MN00025NMMB?semester=2025/26/1
Tourism and World Economy,6,Dr. Irimiás Anna Rita,magyar,https://www.uni-corvinus.hu/tantargyak/TOUWO_VTSZO?semester=2025/26/1
Tourism Innovation,3,Dr. Keller Krisztina,magyar,https://www.uni-corvinus.hu/tantargyak/MATT024NABB?semester=2024/25/1
Tourism Management and Marketing,6,Dr. Irimiás Anna Rita,magyar,https://www.uni-corvinus.hu/tantargyak/293NIECV483?semester=2024/25/2
Tourism Management Strategies,6,Dr. Irimiás Anna Rita,magyar,https://www.uni-corvinus.hu/tantargyak/MATT031NABB?semester=2025/26/1
Tourism Policy and Governance in a Changing Environment,6,Dr. Kökény László,magyar,https://www.uni-corvinus.hu/tantargyak/FENT054NAMB?semester=2025/26/1
Tőzsdei stratégiák programozása és tesztelése,3,Dr. Kolozsi Pál Péter,magyar,https://www.uni-corvinus.hu/tantargyak/KOZNX4MN06?semester=2020/21/2
Trade and FDI policies: Current Issues in the Global Trading System,6,Vigvári Gábor,magyar,https://www.uni-corvinus.hu/tantargyak/7VG32NBKF7M?semester=2025/26/1
Trade Wars and Globalization,3,Dr. Endrődi-Kovács Viktória,angol,https://www.uni-corvinus.hu/tantargyak/7VG32NBKC9M?semester=2020/21/1
Trainings in Financial Communications,3,Dr. Pesuth Tamás,angol,https://www.uni-corvinus.hu/tantargyak/KOZNXV4PU04?semester=2019/20/2
Transfer pricing,5,Dr. Erdős Gabriella,magyar,https://www.uni-corvinus.hu/tantargyak/PSPS003LAMB?semester=2025/26/1
Transformations,9,Dr. Medve-Bálint Gergő,magyar,https://www.uni-corvinus.hu/tantargyak/TARS060NABB?semester=2024/25/2
Transition and Post Transition Challenges in Hungary,6,Németh András Olivér,angol,https://www.uni-corvinus.hu/tantargyak/293NECOV415B?semester=2020/21/1
Translation in Media I.,3,Dr. Aczél Petra Katalin,magyar,https://www.uni-corvinus.hu/tantargyak/7PE20NGKA2M?semester=2019/20/2
Transznacionális vállalatok gazdaságtana,6,Dr. Gál Péter,magyar,https://www.uni-corvinus.hu/tantargyak/7VG32NAK34M?semester=2019/20/2
Tranzakcióanalízis,4,Toarniczky Andrea,magyar,https://www.uni-corvinus.hu/tantargyak/VTSM110LMSB?semester=2024/25/2
Trends in Sociological Theory,3,Dr. Kristóf Luca,angol,https://www.uni-corvinus.hu/tantargyak/7SO30NCKE8B?semester=2019/20/2
Tréningvezetési gyakorlat,3,Dr. Pfister Éva,magyar,https://www.uni-corvinus.hu/tantargyak/7PE20NSVD3M?semester=2020/21/2
Tréningvezetési ismeretek,3,Dr. Komár Zita,magyar,https://www.uni-corvinus.hu/tantargyak/7PE20NSVD4M?semester=2021/22/1
Tudás és változásmenedzsment a gyakorlatban,3,Dr. Csedő Zoltán,magyar,https://www.uni-corvinus.hu/tantargyak/2VE81NCV11B?semester=2021/22/2
Tudás- és változásmenedzsment a HR gyakorlatban,3,Dr. Sólyom Andrea,magyar,https://www.uni-corvinus.hu/tantargyak/2VE81NAV08B?semester=2020/21/2
Tudásmenedzsment,3,dr. Szabó Zoltán,magyar,https://www.uni-corvinus.hu/tantargyak/2LK94LBK95B?semester=2019/20/2
Tudásmenedzsment,5,Dr. Őri Dóra,magyar,https://www.uni-corvinus.hu/tantargyak/2LK95LAK93B?semester=2022/23/1
Tudatos kommunikáció a marketingben,3,Dr. Galla Daniella Dominika,magyar,https://www.uni-corvinus.hu/tantargyak/MARK002NMBB?semester=2025/26/1
Tudománydiplomácia,3,Dr. Pörzse Gábor Ferenc,magyar,https://www.uni-corvinus.hu/tantargyak/7NK40NDVG8B?semester=2019/20/2
Tudománykommunikáció,3,Dr. Szabó Júlia (Sipos Júlia),magyar,https://www.uni-corvinus.hu/tantargyak/7PE20NDV90B?semester=2019/20/2
Tudománykommunikáció,3,Prof.Dr. Nagy Beáta,magyar,https://www.uni-corvinus.hu/tantargyak/7SO30NCKN4M?semester=2019/20/2
Tudománykommunikáció,6,Dr. Juhász Péter,magyar,https://www.uni-corvinus.hu/tantargyak/PSBV024NAPB?semester=2021/22/2
Tudományos módszertan,3,Dr. Kiss Olga,magyar,https://www.uni-corvinus.hu/tantargyak/7PO10NDK76M?semester=2019/20/2
Tudományos szocializmus II.,4,Dr. Keller Krisztina,magyar,https://www.uni-corvinus.hu/tantargyak/MKKE83?semester=2025/26/1
Turisztikai erőforrások és desztinációk,4,Dr. Keller Krisztina,magyar,https://www.uni-corvinus.hu/tantargyak/2GF26NBK05B?semester=2025/26/1
Turisztikai erőforrások és desztinációk,5,Dr. Jászberényi Melinda,magyar,https://www.uni-corvinus.hu/tantargyak/2GF26NBK05SB?semester=2019/20/2
Turisztikai projektek elemzése,6,Dr. Jászberényi Melinda,magyar,https://www.uni-corvinus.hu/tantargyak/2MA41LAK23S?semester=2023/24/2
Turisztikai szolgáltatások értékesítése,6,Dr. Jászberényi Melinda,magyar,https://www.uni-corvinus.hu/tantargyak/MATT018NMBB?semester=2024/25/2
Turisztikai szolgáltatások kommunikációja,5,Dr. Jászberényi Melinda,magyar,https://www.uni-corvinus.hu/tantargyak/MATT017NMBB?semester=2025/26/1
Turisztikai trendek,5,Dr. Miskolczi Márk,magyar,https://www.uni-corvinus.hu/tantargyak/2MA41LAK19S?semester=2023/24/2
Turisztikai vállalkozások pénzügyi  tervezése és menedzsmentje,5,Dr. Michalkó Gábor,magyar,https://www.uni-corvinus.hu/tantargyak/2MA41NAK05M?semester=2025/26/1
Turisztikai vállalkozások üzleti tervezése és menedzsmentje,5,Dr. Michalkó Gábor,magyar,https://www.uni-corvinus.hu/tantargyak/2MA41NAK13M?semester=2019/20/2
Turizmus és gasztronómia,5,Dr. Irimiás Anna Rita,magyar,https://www.uni-corvinus.hu/tantargyak/FENT029LMSB?semester=2023/24/2
Turizmus gazdasági alapjai,5,Dr. Nemes Andrea,magyar,https://www.uni-corvinus.hu/tantargyak/2SZ74NCK03B?semester=2025/26/1
Turizmus gazdaságtana,4,Dr. Keller Krisztina,magyar,https://www.uni-corvinus.hu/tantargyak/2GF26NCK19B?semester=2025/26/1
Turizmus gazdaságtana,4,Dr. Keller Krisztina,magyar,https://www.uni-corvinus.hu/tantargyak/2GF26NCK19SB?semester=2025/26/1
Turizmus marketing,5,Dr. Keller Krisztina,magyar,https://www.uni-corvinus.hu/tantargyak/2GF26NCK07B?semester=2021/22/2
Turizmus marketing,5,Dr. Keller Krisztina,magyar,https://www.uni-corvinus.hu/tantargyak/2SZ74NCK11SB?semester=2025/26/1
Turizmus marketing és árképzés,5,Dr. Gyulavári Tamás,magyar,https://www.uni-corvinus.hu/tantargyak/2MA41LAK30S?semester=2023/24/1
Turizmus marketing és menedzsment,6,Dr. Irimiás Anna Rita,magyar,https://www.uni-corvinus.hu/tantargyak/MATT016NMBB?semester=2025/26/1
Turizmus rendszere,5,Dr. Keller Krisztina,magyar,https://www.uni-corvinus.hu/tantargyak/2GF26NCK13B?semester=2025/26/1
Turizmus rendszere,4,Dr. Michalkó Gábor,magyar,https://www.uni-corvinus.hu/tantargyak/2GF26NCK14B?semester=2019/20/2
Turizmus rendszere,5,Dr. Keller Krisztina,magyar,https://www.uni-corvinus.hu/tantargyak/2GF26NCK20B?semester=2022/23/1
Turizmus rendszere,5,Dr. Keller Krisztina,magyar,https://www.uni-corvinus.hu/tantargyak/2GF26NCK20SB?semester=2021/22/1
Turizmusfejlesztés,5,Dr. Keller Krisztina,magyar,https://www.uni-corvinus.hu/tantargyak/2MA41LAK20S?semester=2023/24/2
Turizmusrendezvények,5,Dr. Ásványi Katalin,magyar,https://www.uni-corvinus.hu/tantargyak/2MA41LAK29S?semester=2025/26/1
Turizmusrendezvények,5,Dr. Ásványi Katalin,magyar,https://www.uni-corvinus.hu/tantargyak/MAMM018LMSB?semester=2022/23/2
Turizmustervezés és régiófejlesztés,5,Dr. Irimiás Anna Rita,magyar,https://www.uni-corvinus.hu/tantargyak/2GF26NCK21B?semester=2025/26/1
Ügyfélérték-menedzsment (CRM),5,Dr. Habil Agárdi Irma,magyar,https://www.uni-corvinus.hu/tantargyak/2MA41NCK02M?semester=2021/22/1
Új gazdasági kihívások a globális világban,3,Rácz Olivér Miklós,magyar,https://www.uni-corvinus.hu/tantargyak/4MNBNAV24M?semester=2020/21/1
Új generáció és civil szerveződések – kutatási projektszeminárium,3,Dr. Székely László Levente,magyar,https://www.uni-corvinus.hu/tantargyak/7PE20NAVL3M?semester=2019/20/2
Újkori egyetemes történet,6,dr. Zsinka László,magyar,https://www.uni-corvinus.hu/tantargyak/7NK40NCK06B?semester=2022/23/1
Újmédia-kommunikáció,3,Dr. Habil Bokor Tamás,magyar,https://www.uni-corvinus.hu/tantargyak/7PE20NBKD8M?semester=2021/22/2
"Újratermelés- és árelméletek, egyensúlyelemzések",4,Dr. Révész Tamás,magyar,https://www.uni-corvinus.hu/tantargyak/PHK_LINMODE?semester=2019/20/2
UK Monetary and Banking System,angol,Dr. Lakatos László Péter,magyar,https://www.uni-corvinus.hu/tantargyak/KOZNX4MN05?semester=2019/20/2
Understanding Financial Statements,6,Dr. Lakatos László Péter,magyar,https://www.uni-corvinus.hu/tantargyak/2SM95NAK23M?semester=2025/26/1
Understanding Financial Statements,5,Dr. Lakatos László Péter,magyar,https://www.uni-corvinus.hu/tantargyak/2SM95LCK10D?semester=2020/21/1
Understanding Financial Statements,6,Dr. Lakatos László Péter,magyar,https://www.uni-corvinus.hu/tantargyak/PSPS012NABB?semester=2024/25/2
Understanding International Economic Order,6,Kutasi Gábor,magyar,https://www.uni-corvinus.hu/tantargyak/KOZNXV4VI16?semester=2025/26/1
Urban Economics and Sociology,3,dr. Kocsis János Balázs,magyar,https://www.uni-corvinus.hu/tantargyak/NPGG023NAMB?semester=2024/25/2
Urbanisztika és területi tervezés,6,Dr. Salamin Géza,magyar,https://www.uni-corvinus.hu/tantargyak/7GF20NAK07M?semester=2025/26/1
Urbanisztika és területi tervezés,6,Dr. Salamin Géza,magyar,https://www.uni-corvinus.hu/tantargyak/7GF20LSZ07M?semester=2025/26/1
Urbanisztika és területi tervezés gyakorlata,3,Dr. Salamin Géza,magyar,https://www.uni-corvinus.hu/tantargyak/7GF20NBK02M?semester=2021/22/2
Urbanisztika és urbanizáció nemzetközi trendjei,3,dr. Kocsis János Balázs,magyar,https://www.uni-corvinus.hu/tantargyak/7GF20NBK03M?semester=2022/23/2
Urbanization and Development,6,Ricz Judit,magyar,https://www.uni-corvinus.hu/tantargyak/7VG32NBKG1M?semester=2025/26/1
"US Foreign Policy: Theoretical Frameworks, Actors, Cases",3,dr. Marton Péter,magyar,https://www.uni-corvinus.hu/tantargyak/7NK40NFVA2B?semester=2024/25/2
US Presidential Speeches,3,Dr. Farkas-Bede Katalin,angol,https://www.uni-corvinus.hu/tantargyak/7PO10NGV96M?semester=2021/22/2
US_Government_Internship,6,Dr. Kelemen Zita Anikó,magyar,https://www.uni-corvinus.hu/tantargyak/MARK093NABB?semester=2024/25/2
USA-tanulmányok,3,dr. Gálik Zoltán,magyar,https://www.uni-corvinus.hu/tantargyak/7NK40NDK40M?semester=2019/20/2
Using Geography and Text in Data Science,6,Juhász Sándor,magyar,https://www.uni-corvinus.hu/tantargyak/ADIN156NAMB?semester=2025/26/1
Using Softwares in Qualitative Research,6,Dr. Péti Márton,angol,https://www.uni-corvinus.hu/tantargyak/PHN_SOFT_QUAL_RES?semester=2019/20/2
Utazásszervezés,4,Dr. Jászberényi Melinda,magyar,https://www.uni-corvinus.hu/tantargyak/2GF26NCK12B?semester=2019/20/2
Üzleti adatelemzés,6,Kovács Tibor,magyar,https://www.uni-corvinus.hu/tantargyak/INIR016NMBB?semester=2024/25/2
Üzleti analitika,6,dr. Kő Andrea,magyar,https://www.uni-corvinus.hu/tantargyak/PHGI_Business Analytics?semester=2020/21/1
Üzleti ciklusok,6,Dr. Kuncz Izabella,magyar,https://www.uni-corvinus.hu/tantargyak/KOZG040NMOB?semester=2025/26/1
Üzleti döntések a gyakorlatban,6,Dr. Wimmer Ágnes,magyar,https://www.uni-corvinus.hu/tantargyak/VGDE023NMMB?semester=2025/26/1
Üzleti döntések támogatása a gépi tanulás módszereivel,3,Nyitrai Tamás,magyar,https://www.uni-corvinus.hu/tantargyak/VF00140NMMB?semester=2022/23/2
Üzleti esettanulmányok,5,Dr. Stocker Miklós György,magyar,https://www.uni-corvinus.hu/tantargyak/2LK95LAK42B?semester=2020/21/2
Üzleti esettanulmányok,5,Dr. Stocker Miklós György,magyar,https://www.uni-corvinus.hu/tantargyak/2LK95LAK90B?semester=2020/21/2
Üzleti etika,3,Dr. Zsolnai László,magyar,https://www.uni-corvinus.hu/tantargyak/2ET27NCK01B?semester=2025/26/1
"Üzleti etika, felelős vállalat",3,Dr. Csedő Zoltán,magyar,https://www.uni-corvinus.hu/tantargyak/2VE81NAV11M?semester=2025/26/1
Üzleti gazdaságtan,4,Kozma Miklós Attila,magyar,https://www.uni-corvinus.hu/tantargyak/2VL60NBV04B?semester=2025/26/1
Üzleti gazdaságtan,4,Kozma Miklós Attila,magyar,https://www.uni-corvinus.hu/tantargyak/2VL60NBV04SB?semester=2025/26/1
Üzleti gazdaságtan,4,Kozma Miklós Attila,magyar,https://www.uni-corvinus.hu/tantargyak/VGUG052NMBS?semester=2025/26/1
Üzleti informatika,3,Dr. Ősz Rita,magyar,https://www.uni-corvinus.hu/tantargyak/2IR32NAK07B?semester=2022/23/2
Üzleti informatika,5,Dr. Ősz Rita,magyar,https://www.uni-corvinus.hu/tantargyak/2SZ31LBV01S?semester=2021/22/2
Üzleti Informatika,3,Dr. Ősz Rita,magyar,https://www.uni-corvinus.hu/tantargyak/2LK95LAK49B?semester=2020/21/2
Üzleti informatika,3,Dr. Ősz Rita,magyar,https://www.uni-corvinus.hu/tantargyak/INIR011NMBB?semester=2025/26/1
Üzleti informatika,3,Dr. Ősz Rita,magyar,https://www.uni-corvinus.hu/tantargyak/INIR059NMBB?semester=2025/26/1
Üzleti informatika,5,Dr. Ősz Rita,magyar,https://www.uni-corvinus.hu/tantargyak/INIR069LMSB?semester=2024/25/2
Üzleti informatika,3,Dr. Ősz Rita,magyar,https://www.uni-corvinus.hu/tantargyak/INIR080NMBB?semester=2025/26/1
Üzleti informatika,3,Dr. Ősz Rita,magyar,https://www.uni-corvinus.hu/tantargyak/INIR081NMBS?semester=2023/24/1
Üzleti intelligencia,5,Dr. Vas Réka Franciska,magyar,https://www.uni-corvinus.hu/tantargyak/2IR32NDK04B?semester=2025/26/1
Üzleti intelligencia,4,dr. Kő Andrea,magyar,https://www.uni-corvinus.hu/tantargyak/2IR32NDK02M?semester=2022/23/1
Üzleti intelligencia,3,Kovács Tibor,magyar,https://www.uni-corvinus.hu/tantargyak/2LK94LCK01B?semester=2022/23/2
Üzleti intelligencia,5,Kovács Tibor,magyar,https://www.uni-corvinus.hu/tantargyak/2LK95LAK96B?semester=2025/26/1
Üzleti intelligencia,4,dr. Kő Andrea,magyar,https://www.uni-corvinus.hu/tantargyak/INIR028NMMB?semester=2025/26/1
Üzleti intelligencia,6,Dr. Vas Réka Franciska,magyar,https://www.uni-corvinus.hu/tantargyak/INIR044NMBB?semester=2025/26/1
Üzleti intelligencia,6,Dr. Vas Réka Franciska,magyar,https://www.uni-corvinus.hu/tantargyak/ADIN069EMMB?semester=2024/25/2
Üzleti játékok,4,Miskolcziné Dr. Gábriel Mónika,magyar,https://www.uni-corvinus.hu/tantargyak/2SZ74NDV07B?semester=2020/21/1
Üzleti kommunikáció,4,Dr. Mitev Ariel Zoltán,magyar,https://www.uni-corvinus.hu/tantargyak/2MF44NBK03M?semester=2020/21/1
Üzleti kommunikáció,5,Dr. Daruka Magdolna,magyar,https://www.uni-corvinus.hu/tantargyak/7PE20LPK51M?semester=2020/21/1
Üzleti kommunikáció,3,Dr. Habil Bokor Tamás,magyar,https://www.uni-corvinus.hu/tantargyak/7PE20NGKD2B?semester=2020/21/1
Üzleti kommunikáció és stratégiája,5,Dr. Habil Horváth Dóra,magyar,https://www.uni-corvinus.hu/tantargyak/2ME43NBK01M?semester=2025/26/1
Üzleti kommunikáció társadalom-és gazdaságirányítási kérdései,6,Dr. Habil Horváth Dóra,magyar,https://www.uni-corvinus.hu/tantargyak/PHG_Üzleti Komm.?semester=2019/20/2
Üzleti közgazdaságtan,5,Németh András Olivér,magyar,https://www.uni-corvinus.hu/tantargyak/4MI25NAK01M?semester=2024/25/1
Üzleti közgazdaságtan,5,Dr. Szakadát László,magyar,https://www.uni-corvinus.hu/tantargyak/4MI25EAK01M?semester=2025/26/1
Üzleti közgazdaságtan,5,Németh András Olivér,magyar,https://www.uni-corvinus.hu/tantargyak/4MI25NAK01SM?semester=2025/26/1
Üzleti közgazdaságtan és vállalatgazdaságtan,6,Deutsch Nikolett,magyar,https://www.uni-corvinus.hu/tantargyak/PHG_UZLETI_KOZG?semester=2023/24/2
Üzleti kutatás,6,Dr. Habil Gáti Mirkó György,magyar,https://www.uni-corvinus.hu/tantargyak/MAMF010NMBB?semester=2025/26/1
Üzleti kutatás,6,Dr. Habil Gáti Mirkó György,magyar,https://www.uni-corvinus.hu/tantargyak/MAMF013NMBB?semester=2025/26/1
Üzleti modellek a digitális világban,6,Pintér Róbert,magyar,https://www.uni-corvinus.hu/tantargyak/INIK014LMBB?semester=2025/26/1
Üzleti retorika: a személyes eladás gyakorlata,3,Rétvári Márton Gergely,magyar,https://www.uni-corvinus.hu/tantargyak/7PE20NAVK8M?semester=2020/21/2
Üzleti stratégia,5,Dr. Stocker Miklós György,magyar,https://www.uni-corvinus.hu/tantargyak/2VL60LAK22S?semester=2020/21/1
Üzleti stratégiai esettanulmányok,5,Dr. Stocker Miklós György,magyar,https://www.uni-corvinus.hu/tantargyak/2VL60NDK08M?semester=2025/26/1
Üzleti stratégiai esettanulmányok,5,Dr. Stocker Miklós György,magyar,https://www.uni-corvinus.hu/tantargyak/VGUG022NMMB?semester=2025/26/1
Üzleti tárgyalások gyakorlat,3,Dr. Habil Bokor Tamás,magyar,https://www.uni-corvinus.hu/tantargyak/2LK94LBK31B?semester=2021/22/2
Üzleti tárgyalások gyakorlat,3,Dr. Habil Bokor Tamás,magyar,https://www.uni-corvinus.hu/tantargyak/2LK95LAK44B?semester=2024/25/2
Üzleti teljesítménymenedzsment,4,Dr. Wimmer Ágnes,magyar,https://www.uni-corvinus.hu/tantargyak/2VL60LAK07S?semester=2020/21/1
Üzleti teljesítménymérés és menedzsment,2,Dr. Martin Kíra,magyar,https://www.uni-corvinus.hu/tantargyak/2VL60NAK10M?semester=2019/20/2
Üzleti terv készítés,4,Dr. Molnár Endre Mihály,magyar,https://www.uni-corvinus.hu/tantargyak/2SA53NCK05B?semester=2020/21/2
Üzleti tervezés,3,Ónodi Annamária,magyar,https://www.uni-corvinus.hu/tantargyak/2VL60EAV08S?semester=2020/21/1
Üzleti- és projekttervezés,5,Dr. Jelen Tibor,magyar,https://www.uni-corvinus.hu/tantargyak/2SP72LAK19S?semester=2023/24/2
Üzleti-gazdasági adatok elemzése,4,Polt Rita,magyar,https://www.uni-corvinus.hu/tantargyak/2KA21NAK10B?semester=2025/26/1
Üzleti-gazdasági elemzések,5,Prof. Emetitus  Dr.Tóth József,magyar,https://www.uni-corvinus.hu/tantargyak/2KA21LAK07S?semester=2022/23/1
Üzletiintelligencia-rendszerek a controllingban,5,Dr. Drótos György,magyar,https://www.uni-corvinus.hu/tantargyak/2VE81NCK08M?semester=2025/26/1
Választási rendszerek,3,Dr. Várnagy Réka,magyar,https://www.uni-corvinus.hu/tantargyak/7PO10NCK56B?semester=2019/20/2
Választási rendszerek és szavazói magatartás,6,Molnár Csaba,magyar,https://www.uni-corvinus.hu/tantargyak/7PO10NCKA7B?semester=2024/25/2
Vállalatelmélet,5,Habis Helga,magyar,https://www.uni-corvinus.hu/tantargyak/KG00017NMBB?semester=2025/26/1
Vállalatelméletek,5,Habis Helga,magyar,https://www.uni-corvinus.hu/tantargyak/2VL60NDK01B?semester=2019/20/2
Vállalatelméletek,6,Dr. Kajos Attila,magyar,https://www.uni-corvinus.hu/tantargyak/VGUG027NMBB?semester=2025/26/1
Vállalatértékelés,5,Dr. Juhász Péter,magyar,https://www.uni-corvinus.hu/tantargyak/2BE52NCK06B?semester=2025/26/1
Vállalatértékelés,5,Moll János,magyar,https://www.uni-corvinus.hu/tantargyak/2KV71LAK05M?semester=2019/20/2
Vállalatértékelés,5,Dr. Juhász Péter,magyar,https://www.uni-corvinus.hu/tantargyak/2BE52NCK44SB?semester=2024/25/2
Vállalatértékelés,4,Dr. Juhász Péter,magyar,https://www.uni-corvinus.hu/tantargyak/2LK95LBK28B?semester=2021/22/2
Vállalatértékelés,6,Dr. Juhász Péter,magyar,https://www.uni-corvinus.hu/tantargyak/PSBV048NMBB?semester=2024/25/2
Vállalatértékelés (felzárkóztató),3,Dr. Juhász Péter,magyar,https://www.uni-corvinus.hu/tantargyak/PSBV038NMMB?semester=2025/26/1
Vállalatértékelés elmélete,3,Dr. Juhász Péter,magyar,https://www.uni-corvinus.hu/tantargyak/2BE52NAV18M?semester=2021/22/2
Vállalatfinanszírozás,5,Dr. Pintér Éva,magyar,https://www.uni-corvinus.hu/tantargyak/2BE52NBK03B?semester=2023/24/2
Vállalatfinanszírozás,3,Dr. Pintér Éva,magyar,https://www.uni-corvinus.hu/tantargyak/VF00128LMSB?semester=2024/25/2
Vállalatfinanszírozás és pénzügyi stratégia,5,Dr. Virág Miklós,magyar,https://www.uni-corvinus.hu/tantargyak/2BE52NBK01M?semester=2020/21/1
Vállalatgazdaságtan,5,Ónodi Annamária,magyar,https://www.uni-corvinus.hu/tantargyak/2VL60NBK01B?semester=2025/26/1
Vállalatgazdaságtan,5,Ónodi Annamária,magyar,https://www.uni-corvinus.hu/tantargyak/2VL60LAK01S?semester=2020/21/1
Vállalatgazdaságtan,5,Ónodi Annamária,magyar,https://www.uni-corvinus.hu/tantargyak/2VL60EAK01S?semester=2020/21/1
Vállalatgazdaságtan,5,Ónodi Annamária,magyar,https://www.uni-corvinus.hu/tantargyak/2VL60LAK19S?semester=2020/21/1
Vállalatgazdaságtan,5,Ónodi Annamária,magyar,https://www.uni-corvinus.hu/tantargyak/2VL60NBK04SB?semester=2020/21/1
Vállalatgazdaságtan,5,Ónodi Annamária,magyar,https://www.uni-corvinus.hu/tantargyak/2VL60NBK01O?semester=2020/21/1
Vállalatgazdaságtan,4,Ónodi Annamária,magyar,https://www.uni-corvinus.hu/tantargyak/VGUG013NMBB?semester=2023/24/1
Vállalatgazdaságtan,6,Ónodi Annamária,magyar,https://www.uni-corvinus.hu/tantargyak/VGUG023NMBB?semester=2024/25/1
Vállalatgazdaságtan,6,Ónodi Annamária,magyar,https://www.uni-corvinus.hu/tantargyak/VGUG028LMBB ?semester=2025/26/1
Vállalatgazdaságtan,5,Ónodi Annamária,magyar,https://www.uni-corvinus.hu/tantargyak/VGUG072LMSB?semester=2024/25/1
Vállalatgazdaságtan (előkészítő),5,Ónodi Annamária,magyar,https://www.uni-corvinus.hu/tantargyak/VGUG044LMEB?semester=2025/26/1
Vállalatgazdaságtan (esettanulmányok),3,Dr. Stocker Miklós György,magyar,https://www.uni-corvinus.hu/tantargyak/2LK94LAK20B?semester=2019/20/2
Vállalatgazdaságtan esettanulmányok,3,Ónodi Annamária,magyar,https://www.uni-corvinus.hu/tantargyak/2LK95LAK67B?semester=2019/20/2
Vállalatgazdaságtan gyakorlat,3,Ónodi Annamária,magyar,https://www.uni-corvinus.hu/tantargyak/2VL60NBV01B?semester=2020/21/1
Vállalatgazdaságtan gyakorlat,3,Ónodi Annamária,magyar,https://www.uni-corvinus.hu/tantargyak/2LK95LAK47B?semester=2019/20/2
Vállalatgazdaságtan gyakorlat,3,Ónodi Annamária,magyar,https://www.uni-corvinus.hu/tantargyak/2VL60NBV54SB?semester=2020/21/1
Vállalatgazdaságtan gyakorlat,3,Ónodi Annamária,magyar,https://www.uni-corvinus.hu/tantargyak/2VL60NBK02O?semester=2020/21/1
Vállalatgazdaságtan gyakorlat,3,Ónodi Annamária,magyar,https://www.uni-corvinus.hu/tantargyak/VGUG054NMBB?semester=2024/25/1
Vállalatgazdaságtan gyakorlat – duál,3,Ónodi Annamária,magyar,https://www.uni-corvinus.hu/tantargyak/2VL60NBV55SB?semester=2020/21/1
Vállalati digitalizációs projektek,3,Borbásné Szabó Ildikó,magyar,https://www.uni-corvinus.hu/tantargyak/2IR32NAV06B?semester=2021/22/2
Vállalati döntési játék,5,Szukits Ágnes,magyar,https://www.uni-corvinus.hu/tantargyak/2VE81NDV06B?semester=2020/21/1
Vállalati döntéstámogató rendszerek,5,Dr. Gáspár Judit,magyar,https://www.uni-corvinus.hu/tantargyak/2BE52NBK02M?semester=2021/22/1
Vállalati és államháztartási pénzügyek,3,Dr. Sebestyén Géza,magyar,https://www.uni-corvinus.hu/tantargyak/7GF20NAK10M?semester=2021/22/2
Vállalati és államháztartási pénzügyek,3,Dr. Sebestyén Géza,magyar,https://www.uni-corvinus.hu/tantargyak/4MNBLAK22M?semester=2019/20/2
Vállalati és lakossági hitelezés,8,Pollák Zoltán,magyar,https://www.uni-corvinus.hu/tantargyak/4BK54LAK67S?semester=2020/21/1
Vállalati és lakossági hitelezés,6,Dr. Varga József,magyar,https://www.uni-corvinus.hu/tantargyak/PSPE032LMSB?semester=2025/26/1
Vállalati és szervezeti rendezvények,5,Dr. Jászberényi Melinda,magyar,https://www.uni-corvinus.hu/tantargyak/2MA41NAK08B?semester=2021/22/2
Vállalati felelősségvállalás a kultúra területén,5,Dr. Ásványi Katalin,magyar,https://www.uni-corvinus.hu/tantargyak/2ME43LAK27S?semester=2024/25/1
Vállalati kommunikáció,3,Dr. Habil. Varga Ákos,magyar,https://www.uni-corvinus.hu/tantargyak/7PE20NDVO6B?semester=2021/22/1
Vállalati környezetmenedzsment és CSR,6,Dr. Széchy Anna Zsófia,magyar,https://www.uni-corvinus.hu/tantargyak/7GF20NAK94M?semester=2025/26/1
Vállalati pénzügy I.,6,Dr. Juhász Péter,magyar,https://www.uni-corvinus.hu/tantargyak/PHG_CORPO?semester=2021/22/1
Vállalati pénzügy II.,6,Dr. Berlinger Edina,magyar,https://www.uni-corvinus.hu/tantargyak/PHG_SVALLP2?semester=2021/22/2
Vállalati pénzügyek,5,Dr. Keresztúri Judit Lilla,magyar,https://www.uni-corvinus.hu/tantargyak/2BE52NAK01B?semester=2025/26/1
Vállalati pénzügyek,6,Dr. Keresztúri Judit Lilla,magyar,https://www.uni-corvinus.hu/tantargyak/4BO11LT027S?semester=2021/22/1
Vállalati pénzügyek,5,Dr. Fazakas Gergely,magyar,https://www.uni-corvinus.hu/tantargyak/2LK94LAK54B?semester=2019/20/2
Vállalati pénzügyek,6,Dr. Kerényi Péter,magyar,https://www.uni-corvinus.hu/tantargyak/2BE52NAK09M?semester=2024/25/1
Vállalati pénzügyek,5,Dr. Keresztúri Judit Lilla,magyar,https://www.uni-corvinus.hu/tantargyak/2BE52NAK20SB?semester=2025/26/1
Vállalati pénzügyek,5,Dr. Keresztúri Judit Lilla,magyar,https://www.uni-corvinus.hu/tantargyak/2BE52NAK12O?semester=2025/26/1
Vállalati pénzügyek,6,Dr. Keresztúri Judit Lilla,magyar,https://www.uni-corvinus.hu/tantargyak/PSBV027NMBB?semester=2024/25/1
Vállalati pénzügyek,6,Dr. Keresztúri Judit Lilla,magyar,https://www.uni-corvinus.hu/tantargyak/PSBV035NMBS?semester=2025/26/1
Vállalati pénzügyek,6,Dr. Keresztúri Judit Lilla,magyar,https://www.uni-corvinus.hu/tantargyak/PSBV044NMBB?semester=2025/26/1
Vállalati pénzügyek,6,Dr. Keresztúri Judit Lilla,magyar,https://www.uni-corvinus.hu/tantargyak/MSOA035LMSB?semester=2025/26/1
Vállalati pénzügyek,6,Dr. Keresztúri Judit Lilla,magyar,https://www.uni-corvinus.hu/tantargyak/PENZ025NMOB?semester=2024/25/1
Vállalati pénzügyek (emelt),3,Dr. Fazakas Gergely,magyar,https://www.uni-corvinus.hu/tantargyak/2BE52NDV05B?semester=2020/21/1
Vállalati pénzügyek (IMP-SKM),6,Dr. Havran Dániel,magyar,https://www.uni-corvinus.hu/tantargyak/2BE52NAK08B?semester=2019/20/2
Vállalati pénzügyek (IMP-SPM),6,Dr. Havran Dániel,magyar,https://www.uni-corvinus.hu/tantargyak/2BE52NAK04B?semester=2020/21/1
Vállalati pénzügyek (IMP-SPM),6,Dömötör Barbara Mária,magyar,https://www.uni-corvinus.hu/tantargyak/2BE52NAK04B-SPM?semester=2025/26/1
Vállalati pénzügyek I.,5,Dr. Fazakas Gergely,magyar,https://www.uni-corvinus.hu/tantargyak/2BE52LAK02S?semester=2020/21/1
Vállalati pénzügyek I.,5,Dr. Váradi Kata,magyar,https://www.uni-corvinus.hu/tantargyak/2BE52EAK01S?semester=2020/21/1
Vállalati pénzügyek I.,5,Dr. Fazakas Gergely,magyar,https://www.uni-corvinus.hu/tantargyak/PSBV077LMSB?semester=2024/25/2
Vállalati pénzügyek II.,5,Dr. Fazakas Gergely,magyar,https://www.uni-corvinus.hu/tantargyak/2BE52LAK03S?semester=2019/20/2
Vállalati pénzügyek II.,5,Dr. Váradi Kata,magyar,https://www.uni-corvinus.hu/tantargyak/2BE52EAK02S?semester=2021/22/2
Vállalati pénzügyek II.,4,Dr. Berlinger Edina,magyar,https://www.uni-corvinus.hu/tantargyak/PHK_VÁLLPÜ?semester=2019/20/2
Vállalati pénzügyek II.,5,Dr. Fazakas Gergely,magyar,https://www.uni-corvinus.hu/tantargyak/PSBV080LMSB?semester=2024/25/2
Vállalati pénzügyi esettanulmányok,5,Dr. Fazakas Gergely,magyar,https://www.uni-corvinus.hu/tantargyak/PSBV079LMSB?semester=2024/25/2
Vállalati pénzügyi információs rendszerek,5,Dr. Keresztúri Judit Lilla,magyar,https://www.uni-corvinus.hu/tantargyak/2BE52NDK01M?semester=2022/23/1
Vállalati pénzügyi információs rendszerek,6,Dr. Keresztúri Judit Lilla,magyar,https://www.uni-corvinus.hu/tantargyak/2BE52EAK05M?semester=2020/21/2
Vállalati pénzügyi problémák számítógépes kezelése,3,Dr. Fazakas Gergely,magyar,https://www.uni-corvinus.hu/tantargyak/2BE52NDV02B?semester=2019/20/2
Vállalati pénzügyi tervezés,3,Dr. Felföldi-Szűcs Nóra Ágota,magyar,https://www.uni-corvinus.hu/tantargyak/2BE52NDK06B?semester=2021/22/1
Vállalati pénzügyi tervezés,3,Dr. Felföldi-Szűcs Nóra Ágota,magyar,https://www.uni-corvinus.hu/tantargyak/2BE52NDK82SB?semester=2019/20/2
Vállalati pénzügyi tervezés,6,Dr. Felföldi-Szűcs Nóra Ágota,magyar,https://www.uni-corvinus.hu/tantargyak/VF00069NMBB?semester=2025/26/1
Vállalati stratégia,5,Dr. Stocker Miklós György,magyar,https://www.uni-corvinus.hu/tantargyak/2VL60NBK12M?semester=2025/26/1
Vállalati stratégia,4,Dr. Stocker Miklós György,magyar,https://www.uni-corvinus.hu/tantargyak/2VL60LAK05S?semester=2020/21/1
Vállalati stratégia és üzletpolitika,6,Dr. Czakó Erzsébet,magyar,https://www.uni-corvinus.hu/tantargyak/2VL60EAK04S?semester=2019/20/2
Vállalati társadalmi felelősségvállalás,5,Dr. Ásványi Katalin,magyar,https://www.uni-corvinus.hu/tantargyak/FENT083LMSB?semester=2024/25/2
Vállalati társadalmi felelősségvállalás (CSR Communication),4,Dr. Ásványi Katalin,magyar,https://www.uni-corvinus.hu/tantargyak/2ME43NDK12B?semester=2025/26/1
Vállalati üzleti tervezés,3,Dr. Molnár Endre Mihály,magyar,https://www.uni-corvinus.hu/tantargyak/2BE52NDK07B?semester=2021/22/1
Vállalati üzleti tervezés,3,Dr. Molnár Endre Mihály,magyar,https://www.uni-corvinus.hu/tantargyak/2BE52NDK83SB?semester=2019/20/2
Vállalatok nemzetközi adózása,6,Kutasi Gábor,magyar,https://www.uni-corvinus.hu/tantargyak/4GP02NAK12M?semester=2019/20/2
Vállalatok társadalmi felelőssége,3,Dr. Ványi Éva,magyar,https://www.uni-corvinus.hu/tantargyak/7PO10NDK21M?semester=2019/20/2
Vállalatok társadalmi felelőssége,3,Dr. Harangozó Gábor,magyar,https://www.uni-corvinus.hu/tantargyak/2LK95LAK19B?semester=2024/25/2
"Vállalatok, ágazatok, piacok",6,Dr. Trautmann László,magyar,https://www.uni-corvinus.hu/tantargyak/4MI25NAK56M?semester=2025/26/1
Vállalattörténet – duál,3,Strausz Péter,magyar,https://www.uni-corvinus.hu/tantargyak/2VE81NAK56SB?semester=2019/20/2
Vállalatvezetési ismeretek,6,Dr. Takács Sándor,magyar,https://www.uni-corvinus.hu/tantargyak/4BO11LT210S?semester=2023/24/2
Vállalatvezetési ismeretek,6,Dr. Takács Sándor,magyar,https://www.uni-corvinus.hu/tantargyak/MSOA037LMSB?semester=2025/26/1
Vállalkozás és globális piac,4,Dr. Huszák Loretta,magyar,https://www.uni-corvinus.hu/tantargyak/2KV71NBK01M?semester=2023/24/2
Vállalkozás és kockázat,6,Dr. Fekete István,magyar,https://www.uni-corvinus.hu/tantargyak/VF00104NMMB?semester=2025/26/1
Vállalkozás és stratégia,9,Deutsch Nikolett,magyar,https://www.uni-corvinus.hu/tantargyak/VF00089NMMB?semester=2025/26/1
Vállalkozás innováció,5,Dr. Hoffer Ilona,magyar,https://www.uni-corvinus.hu/tantargyak/2SP72NAK02M?semester=2020/21/2
Vállalkozás innováció,6,Deutsch Nikolett,magyar,https://www.uni-corvinus.hu/tantargyak/VALL030NMMB?semester=2025/26/1
Vállalkozás- és vállalattörténet,magyar,Dr. Hoffer Ilona,magyar,https://www.uni-corvinus.hu/tantargyak/4MI25NAV28B?semester=2019/20/2
Vállalkozás-innováció,5,Dr. Kristóf Tamás,magyar,https://www.uni-corvinus.hu/tantargyak/2SP72LAK04S?semester=2020/21/2
Vállalkozáselemzés és csődelőrejelzés,6,Dr. Kristóf Tamás,magyar,https://www.uni-corvinus.hu/tantargyak/VALL010NMMB?semester=2025/26/1
Vállalkozáselemzés és csődelőrejelzés,6,Kuczi Tibor,egyéb,https://www.uni-corvinus.hu/tantargyak/VALL029NMMB?semester=2025/26/1
Vállalkozásfejlesztés,3,Dr. Jámbor Attila,magyar,https://www.uni-corvinus.hu/tantargyak/2KA21NDK04B?semester=2025/26/1
Vállalkozásfejlesztési politika,5,Dr. Virág Attila,magyar,https://www.uni-corvinus.hu/tantargyak/2SP72NBK05M?semester=2021/22/1
Vállalkozási innováció,3,Dr. Hoffer Ilona,magyar,https://www.uni-corvinus.hu/tantargyak/2LK95LBK15B?semester=2020/21/2
Vállalkozásindítás,3,Boda György,magyar,https://www.uni-corvinus.hu/tantargyak/2VL60NAK11SM?semester=2020/21/1
Vállalkozásindítás,3,Kozma Miklós Attila,magyar,https://www.uni-corvinus.hu/tantargyak/VGUG045NMMS?semester=2025/26/1
Vállalkozásindító üzleti koncepció,6,Dr. Petheő Attila István,magyar,https://www.uni-corvinus.hu/tantargyak/VF00022NMBB?semester=2024/25/2
Vállalkozásindító üzleti koncepció,6,Dr. Petheő Attila István,magyar,https://www.uni-corvinus.hu/tantargyak/VF00043NMBS?semester=2025/26/1
Vállalkozások a modern gazdaságban,4,dr. Kállay László Tibor,egyéb,https://www.uni-corvinus.hu/tantargyak/2KV71NBK02M?semester=2020/21/1
Vállalkozások adózása,3,Dr. Czoboly Gergely István,magyar,https://www.uni-corvinus.hu/tantargyak/2LK95LAK18B?semester=2021/22/2
Vállalkozások adózása a vállalatvezetés szemével,5,Dr. Erdős Gabriella,magyar,https://www.uni-corvinus.hu/tantargyak/2JO11LAK08S?semester=2019/20/2
Vállalkozások adózása és transzferárazása,5,Dr. Erdős Gabriella,magyar,https://www.uni-corvinus.hu/tantargyak/2JO11NAK15B?semester=2021/22/2
Vállalkozások adózása Magyarországon,3,Kissné Becsei Annamária,magyar,https://www.uni-corvinus.hu/tantargyak/SZAM006NMBB?semester=2024/25/2
"Vállalkozások adózása, költségvetési kapcsolataik ellenőrzése",5,Dr. Lakatos László Péter,magyar,https://www.uni-corvinus.hu/tantargyak/2PU51NBK08M?semester=2025/26/1
"Vállalkozások adózása, költségvetési kapcsolatok ellenőrzése",5,Dr. Lakatos László Péter,magyar,https://www.uni-corvinus.hu/tantargyak/2PU51EAK03M?semester=2020/21/1
"Vállalkozások adózása, költségvetési kapcsolatok ellenőrzése",5,Dr. Lakatos László Péter,magyar,https://www.uni-corvinus.hu/tantargyak/PSPS013NMMB?semester=2025/26/1
Vállalkozások életciklusainak finanszírozása,6,Dr. Pintér Éva,magyar,https://www.uni-corvinus.hu/tantargyak/VALL011NMMB?semester=2025/26/1
Vállalkozások életciklusainak finanszírozása,6,Dr. Pintér Éva,magyar,https://www.uni-corvinus.hu/tantargyak/VALL031NMMB?semester=2025/26/1
Vállalkozások joga,6,Dr. Csöndes Mónika,magyar,https://www.uni-corvinus.hu/tantargyak/PSGJ023NMBB?semester=2025/26/1
Vállalkozások költségvetési kapcsolata és közterhei,6,Dr. Kerékgyártó Gábor,magyar,https://www.uni-corvinus.hu/tantargyak/VF00028NMBB?semester=2024/25/1
Vállalkozások költségvetési kapcsolata és közterhei,6,Dr. Kerékgyártó Gábor,magyar,https://www.uni-corvinus.hu/tantargyak/VF00048NMBS?semester=2023/24/2
Vállalkozások nemzetközi növekedése,6,Dr. Huszák Loretta,magyar,https://www.uni-corvinus.hu/tantargyak/VF00096NMMB?semester=2024/25/2
Vállalkozások regionális környezete,5,Dr. Virág Attila,magyar,https://www.uni-corvinus.hu/tantargyak/7TD50LPK02M?semester=2020/21/2
Vállalkozások szakpolitikai támogatása,6,Dr. Virág Attila,magyar,https://www.uni-corvinus.hu/tantargyak/VF00099NMMB?semester=2024/25/2
Vállalkozások szakpolitikai támogatása,6,Dr. Virág Attila,magyar,https://www.uni-corvinus.hu/tantargyak/VALL036NMMB?semester=2025/26/1
Vállalkozások üzleti tervezése,6,Dr. Petheő Attila István,magyar,https://www.uni-corvinus.hu/tantargyak/VF00029NMBB?semester=2025/26/1
Vállalkozások üzleti tervezése,6,Dr. Petheő Attila István,magyar,https://www.uni-corvinus.hu/tantargyak/VF00049NMBS?semester=2025/26/1
Vállalkozástan,6,Dr. Daruka Magdolna,magyar,https://www.uni-corvinus.hu/tantargyak/7PE20NCV52M?semester=2020/21/1
Vállalkozástan a gyakorlatban,5,Dr. Petheő Attila István,magyar,https://www.uni-corvinus.hu/tantargyak/2SP72EAV02S?semester=2019/20/2
Vállalkozástan a gyakorlatban,5,Dr. Petheő Attila István,magyar,https://www.uni-corvinus.hu/tantargyak/VF00112LMSB?semester=2024/25/2
Vállalkozástörténet,3,Dr. Letenyei László,magyar,https://www.uni-corvinus.hu/tantargyak/7SO30NGVC2M?semester=2019/20/2
Vallás a mai társadalomban-új vallási mozgalmak,3,Dr. Hoppál Bulcsú Kál,magyar,https://www.uni-corvinus.hu/tantargyak/NPPT042NMBB?semester=2021/22/2
Vallásszociológia,3,Dr. Hegedűs Rita,magyar,https://www.uni-corvinus.hu/tantargyak/7SO30NFV86B?semester=2021/22/2
Válogatott fejezetek a matematikából,6,Dr. Medvedev Péter,magyar,https://www.uni-corvinus.hu/tantargyak/4MA12NAV62B?semester=2025/26/1
Valószínűségszámítás,5,Dr. Ernyes Éva,magyar,https://www.uni-corvinus.hu/tantargyak/4MA12NAK07B?semester=2025/26/1
Valószínűségszámítás,5,Dr. Medvedev Péter,magyar,https://www.uni-corvinus.hu/tantargyak/4MA12NAK03B?semester=2019/20/2
Valószínűségszámítás,5,Dr. Kánnai Zoltán,magyar,https://www.uni-corvinus.hu/tantargyak/2LK94LAK64B?semester=2020/21/2
Valószínűségszámítás,5,Dr. Kánnai Zoltán,magyar,https://www.uni-corvinus.hu/tantargyak/2LK95LAK78B?semester=2020/21/2
Valószínűségszámítás,5,Dr. Medvedev Péter,magyar,https://www.uni-corvinus.hu/tantargyak/4MA12NAK05O?semester=2020/21/1
Valószínűségszámítás,6,Dr. Tallos Péter,magyar,https://www.uni-corvinus.hu/tantargyak/4MA12NAK55B?semester=2020/21/2
Valószínűségszámítás,5,Dr. Tasnádi Attila,magyar,https://www.uni-corvinus.hu/tantargyak/4MA12NAK61B?semester=2025/26/1
Valószínűségszámítás,5,Dr. Palágyi Zoltán,magyar,https://www.uni-corvinus.hu/tantargyak/4MA12NAK64B?semester=2020/21/2
Valószínűségszámítás,5,Dr. Szakál Szilvia,magyar,https://www.uni-corvinus.hu/tantargyak/2LK95LBK50B?semester=2020/21/2
Valószínűségszámítás,4,Dr. Magyarkuti Gyula,magyar,https://www.uni-corvinus.hu/tantargyak/MSMT009NMBB?semester=2025/26/1
Valószínűségszámítás,6,Dr. Titkos Tamás,magyar,https://www.uni-corvinus.hu/tantargyak/MSMT027NMBB?semester=2025/26/1
Valószínűségszámítás,6,Dr. Palágyi Zoltán,magyar,https://www.uni-corvinus.hu/tantargyak/MSMT034NMBS?semester=2025/26/1
Valószínűségszámítás,6,Dr. Szabó Imre,magyar,https://www.uni-corvinus.hu/tantargyak/MSOA030LMSB?semester=2025/26/1
Valószínűségszámítás,5,Dr. Szabó Imre,magyar,https://www.uni-corvinus.hu/tantargyak/MKKE34?semester=2025/26/1
Valószínűségszámítási alapok és következtető statisztika,6,Dr. Sugár András,magyar,https://www.uni-corvinus.hu/tantargyak/ADIN087NMOB?semester=2025/26/1
Valószínűségszámítási és statisztikai alapok (0-1. hét),1,Dr. Sugár András,magyar,https://www.uni-corvinus.hu/tantargyak/MSST007NMMB?semester=2025/26/1
Válságok és konfliktusok a Közel-Keleten,3,Dr. Rostoványi Zsolt,magyar,https://www.uni-corvinus.hu/tantargyak/7NK40NFV57M?semester=2021/22/1
Változásvezetés,5,Dr. Csedő Zoltán,magyar,https://www.uni-corvinus.hu/tantargyak/2VE81NBK09M?semester=2022/23/1
Változásvezetés,5,Dr. Csedő Zoltán,magyar,https://www.uni-corvinus.hu/tantargyak/2VE81EAK18M?semester=2021/22/2
Változásvezetés,5,Dr. Csedő Zoltán,magyar,https://www.uni-corvinus.hu/tantargyak/2VE81NAK28CM?semester=2021/22/2
Változásvezetés,5,Dr. Csedő Zoltán,magyar,https://www.uni-corvinus.hu/tantargyak/VTVZ013LMSB?semester=2021/22/2
Változásvezetés,6,Dr. Csedő Zoltán,magyar,https://www.uni-corvinus.hu/tantargyak/VTVZ017NMMB?semester=2025/26/1
"Változó családok, változó demográfiai mintázatok",magyar,Prof. Brodszky Valentin Péter,magyar,https://www.uni-corvinus.hu/tantargyak/GKKK016LMMB?semester=2025/26/1
Value Based Purcaching of Services and Insurance in Health Care and Social Sector,6,Baji Petra,angol,https://www.uni-corvinus.hu/tantargyak/KOZNXV4KZ32?semester=2019/20/2
Value Creation of Leisure Sports,6,Szabó Ágnes,magyar,https://www.uni-corvinus.hu/tantargyak/VALL047NAMB?semester=2025/26/1
Value Drivers in International Sport Business,6,Dr. Havran Zsolt,magyar,https://www.uni-corvinus.hu/tantargyak/VALL044NAMB?semester=2025/26/1
Vámeljárás – vámtechnika,4,Dr. Gelei Andrea,magyar,https://www.uni-corvinus.hu/tantargyak/2SZ74NDK07B?semester=2025/26/1
Variációs számítás és optimális irányítások,4,Dr. Tallos Péter,magyar,https://www.uni-corvinus.hu/tantargyak/PHK_OPTSZAM?semester=2020/21/1
Variációszámítás és optimális irányítások,4,Dr. Tallos Péter,magyar,https://www.uni-corvinus.hu/tantargyak/PHK_VAROPTI?semester=2025/26/2
Variációszámítás és optimális irányítások,5,Dr. Kánnai Zoltán,magyar,https://www.uni-corvinus.hu/tantargyak/4MA12NAK10O?semester=2024/25/2
Varieties of Capitalism: Development states and beyond,6,Ricz Judit,magyar,https://www.uni-corvinus.hu/tantargyak/PHN_VARCAP?semester=2024/25/2
Város- és ingatlanfejlesztés,5,Dr. Virág Attila,magyar,https://www.uni-corvinus.hu/tantargyak/KG00123NMMB?semester=2025/26/1
Városföldrajz és globális városok,3,Dr. Salamin Géza,magyar,https://www.uni-corvinus.hu/tantargyak/7GF20NAK17M?semester=2022/23/1
Városföldrajz és globális városok,3,Dr. Salamin Géza,magyar,https://www.uni-corvinus.hu/tantargyak/7GF20LSZ17M?semester=2019/20/2
Városgazdaságtan és városszociológia,6,dr. Kocsis János Balázs,magyar,https://www.uni-corvinus.hu/tantargyak/7GF20NAK11M?semester=2025/26/1
Városgazdaságtan és városszociológia,6,dr. Kocsis János Balázs,magyar,https://www.uni-corvinus.hu/tantargyak/7GF20LSZ11M?semester=2025/26/1
Véleménykutatások módszertana,magyar,Dr. Irimiás Anna Rita,magyar,https://www.uni-corvinus.hu/tantargyak/7SO30NCKN6M?semester=2025/26/1
Vendéglátás és gasztronómia,4,Dr. Irimiás Anna Rita,magyar,https://www.uni-corvinus.hu/tantargyak/2GF26NCK22B?semester=2023/24/2
Vendéglátás és gasztronómia,4,Dr. Irimiás Anna Rita,magyar,https://www.uni-corvinus.hu/tantargyak/2GF26NCK22SB?semester=2022/23/1
Vendéglátás és gasztronómia,6,Dr. Szilas Roland Ferenc,német,https://www.uni-corvinus.hu/tantargyak/MATT019NMBB?semester=2024/25/2
Verhalten in Organisationen und Personal,5,Dr. Szilas Roland Ferenc,német,https://www.uni-corvinus.hu/tantargyak/2VE81NAK06B?semester=2020/21/1
Verhalten in Organisationen und Personal,3,Dr. Szilas Roland Ferenc,magyar,https://www.uni-corvinus.hu/tantargyak/2VE81NAK07B?semester=2020/21/1
Versenyjog,3,Dr. Dudás Gábor János,magyar,https://www.uni-corvinus.hu/tantargyak/2VL60LAK51S?semester=2021/22/2
Vevői magatartás és fogyasztói élmény,6,Dr. Török Anna,magyar,https://www.uni-corvinus.hu/tantargyak/MAMF014NMBB?semester=2024/25/2
Vevői magatartás és fogyasztói élmény,6,Dr. Török Anna,magyar,https://www.uni-corvinus.hu/tantargyak/MAMF016LMBB ?semester=2025/26/1
Vezetés és szervezés,5,Vaszkun Balázs György,magyar,https://www.uni-corvinus.hu/tantargyak/2VE81NGK14B?semester=2025/26/1
Vezetés és szervezés,5,Vaszkun Balázs György,egyéb,https://www.uni-corvinus.hu/tantargyak/2VE81NBK10SM?semester=2020/21/1
Vezetés és szervezés,6,Vaszkun Balázs György,magyar,https://www.uni-corvinus.hu/tantargyak/VTVZ006NMBB?semester=2024/25/2
Vezetés és szervezés,6,Vaszkun Balázs György,magyar,https://www.uni-corvinus.hu/tantargyak/VTVZ007LMBB ?semester=2025/26/1
Vezetés és szervezés – duális,6,Vaszkun Balázs György,magyar,https://www.uni-corvinus.hu/tantargyak/VTVZ009NMBSD?semester=2025/26/1
Vezetés- és döntéspszichológia,4,Dr. Kovács Zoltán,magyar,https://www.uni-corvinus.hu/tantargyak/7PE20LAK23S?semester=2019/20/2
Vezetés- és szervezetpszichológia,6,Juhászné Dr. Klér Andrea,magyar,https://www.uni-corvinus.hu/tantargyak/7PE20NGK87B?semester=2022/23/1
Vezetés- szervezés,3,Vaszkun Balázs György,magyar,https://www.uni-corvinus.hu/tantargyak/2VE81LBK10M?semester=2024/25/2
Vezetéselmélet és -módszertan (Menedzsment-történet),5,Vaszkun Balázs György,magyar,https://www.uni-corvinus.hu/tantargyak/2VE81EAK28M?semester=2020/21/1
Vezetéselmélet és módszertan (Menedzsment-történet),5,Vaszkun Balázs György,magyar,https://www.uni-corvinus.hu/tantargyak/2VE81NAK02M?semester=2025/26/1
"Vezetési ismeretek, egyedi projektek vezetése",6,Dr. Jelen Tibor,magyar,https://www.uni-corvinus.hu/tantargyak/SZAM018NMMB?semester=2024/25/2
Vezetéslélektan,5,Dr. Kovács Zoltán,magyar,https://www.uni-corvinus.hu/tantargyak/7PE20LAK66S?semester=2019/20/2
Vezetői gazdaságtan,5,Dr. Lukács János,magyar,https://www.uni-corvinus.hu/tantargyak/2BE52LAK05S?semester=2019/20/2
Vezetői kompetenciák,5,Dr. Jelen Tibor,magyar,https://www.uni-corvinus.hu/tantargyak/VF00151LMSB?semester=2025/26/1
Vezetői magatartás,6,Dr. Jelen Tibor,magyar,https://www.uni-corvinus.hu/tantargyak/2SP72LAK12S?semester=2019/20/2
Vezetői pénzügyek,5,Dr. Juhász Péter,magyar,https://www.uni-corvinus.hu/tantargyak/2BE52LAK06S?semester=2021/22/1
Vezetői számvitel,5,Dr. Martin Kíra,magyar,https://www.uni-corvinus.hu/tantargyak/2SA53NCK04B?semester=2024/25/2
Vezetői számvitel,5,Dr. Martin Kíra,magyar,https://www.uni-corvinus.hu/tantargyak/2LK95LAK20B?semester=2024/25/2
Vezetői számvitel,5,Dr. Martin Kíra,magyar,https://www.uni-corvinus.hu/tantargyak/2SA53NCK25SB?semester=2019/20/2
Vezetői számvitel,6,Dr. Martin Kíra,magyar,https://www.uni-corvinus.hu/tantargyak/PSVS005NMBB?semester=2025/26/1
Vezetői számvitel,6,Dr. Martin Kíra,magyar,https://www.uni-corvinus.hu/tantargyak/PSVS009NMBB?semester=2025/26/1
Vezetői számvitel,magyar,Dr. László Norbert,magyar,https://www.uni-corvinus.hu/tantargyak/KM/SPOMdb/MUC/17 ?semester=2025/26/1
Vezetői számvitel,6,Dr. László Norbert,magyar,https://www.uni-corvinus.hu/tantargyak/SZAM043NMBB?semester=2024/25/1
Vezetői számvitel,6,Dr. Martin Kíra,magyar,https://www.uni-corvinus.hu/tantargyak/SZAM047NMBB?semester=2024/25/2
Vezetői számvitel alapozó,magyar,Dr. Mizik Tamás,magyar,https://www.uni-corvinus.hu/tantargyak/SZAM034NMMB?semester=2025/26/1
Vidékföldrajz és vidékfejlesztés,3,Dr. Varga Ágnes,magyar,https://www.uni-corvinus.hu/tantargyak/7GF20NAV01B?semester=2023/24/1
Világgazdasági folyamatok,3,Dr. Endrődi-Kovács Viktória,magyar,https://www.uni-corvinus.hu/tantargyak/7VG32NAV05B?semester=2023/24/2
Világgazdaságtan,3,Vigvári Gábor,magyar,https://www.uni-corvinus.hu/tantargyak/4VG32NAK05B?semester=2019/20/2
Világgazdaságtan,5,Blahó András,magyar,https://www.uni-corvinus.hu/tantargyak/4VG32NAK38B?semester=2019/20/2
Világgazdaságtan,6,Kollai István,magyar,https://www.uni-corvinus.hu/tantargyak/4VG32NAK58B?semester=2025/26/1
Világgazdaságtan,6,Vigvári Gábor,magyar,https://www.uni-corvinus.hu/tantargyak/GLOB071NMBB?semester=2024/25/1
Világgazdaságtan alapjai,3,Kollai István,magyar,https://www.uni-corvinus.hu/tantargyak/7VG32NBKG3M?semester=2022/23/1
Világgazdaságtan alapjai,3,Kollai István,magyar,https://www.uni-corvinus.hu/tantargyak/7VG32LSZG3M?semester=2020/21/1
Világvallások,3,dr. Zsinka László,magyar,https://www.uni-corvinus.hu/tantargyak/7NK40NDVH4M?semester=2019/20/2
Visegrad Studies,3,Dr. Kelemen Zoltán,magyar,https://www.uni-corvinus.hu/tantargyak/7NK40NDVH3B?semester=2024/25/2
Viselkedés gazdaságtan,4,Dr. Hámori Balázs,magyar,https://www.uni-corvinus.hu/tantargyak/PHK_VISGAZD?semester=2019/20/2
Viselkedési közgazdaságtan,5,Kiss Hubert János,magyar,https://www.uni-corvinus.hu/tantargyak/KG00006NMBB?semester=2025/26/1
Viselkedéstudományi döntéshozatal és értékteremtés,6,Dr. Wimmer Ágnes,magyar,https://www.uni-corvinus.hu/tantargyak/PHG_VISTUD_DÖNTHOZ?semester=2020/21/2
Visual and Virtual Communication,6,Dr. Nagy-Béni Alexandra,magyar,https://www.uni-corvinus.hu/tantargyak/7PE20NGKL1B?semester=2025/26/1
Visual and Virtual Communication,6,Dr. Berta-Deli Eszter,magyar,https://www.uni-corvinus.hu/tantargyak/7PE20NCVL1M?semester=2025/26/1
Visual Communication,3,Dr. Berta-Deli Eszter,angol,https://www.uni-corvinus.hu/tantargyak/7PE20NCKC7B?semester=2019/20/2
Visual Content for Business,6,Dr. Kárpáti Andrea Katalin,magyar,https://www.uni-corvinus.hu/tantargyak/MARK111NABB?semester=2025/26/1
Viszontbiztosítás,4,Professor Emerita Dr. Kovács Erzsébet,magyar,https://www.uni-corvinus.hu/tantargyak/4BO11LD034S?semester=2023/24/1
Viszontbiztosítás,4,Ágoston Kolos Csaba,magyar,https://www.uni-corvinus.hu/tantargyak/MSOA041LMSB?semester=2023/24/1
Vizuális és virtuális kommunikáció,6,Dr. Nagy-Béni Alexandra,magyar,https://www.uni-corvinus.hu/tantargyak/7PE20NGKD1B?semester=2025/26/1
Vizuális és virtuális kommunikáció,6,Dr. Habil Bokor Tamás,magyar,https://www.uni-corvinus.hu/tantargyak/7PE20NCVD1M?semester=2019/20/2
Vizuális szociológia,3,Dr. Lengyel György,magyar,https://www.uni-corvinus.hu/tantargyak/7SO30NGV71M?semester=2019/20/2
Vonzerő- és látogatómenedzsment,5,Dr. Jászberényi Melinda,magyar,https://www.uni-corvinus.hu/tantargyak/2MA41NAK04M?semester=2019/20/2
Vonzerő- és látogatómenedzsment,5,Dr. Jászberényi Melinda,magyar,https://www.uni-corvinus.hu/tantargyak/2MA41NAK04SM?semester=2025/26/1
Vonzerőfejlesztés,6,Dr. Jászberényi Melinda,magyar,https://www.uni-corvinus.hu/tantargyak/FENT021NMBB?semester=2024/25/1
Web Development,6,Dr. Láng Blanka Klára,angol,https://www.uni-corvinus.hu/tantargyak/293NCOMV485B?semester=2020/21/1
Webalkalmazások,3,Dr. Láng Blanka Klára,magyar,https://www.uni-corvinus.hu/tantargyak/INSA013NMBB?semester=2024/25/2
Webfejlesztés,4,Dr. Láng Blanka Klára,magyar,https://www.uni-corvinus.hu/tantargyak/2SZ31NDV13B?semester=2022/23/2
Welfare regime in generational approach,magyar,Juhászné Dr. Klér Andrea,magyar,https://www.uni-corvinus.hu/tantargyak/GKKK004NAMB?semester=2025/26/1
Wertorientiertes Controlling,4,Lázár László Mihály,magyar,https://www.uni-corvinus.hu/tantargyak/2VE81NAV20M?semester=2025/26/1
Wirtschaftsinformatik,5,Dr. Fehér Péter,magyar,https://www.uni-corvinus.hu/tantargyak/2DS91NDK05B?semester=2025/26/1
Wirtschaftsrecht und Steuerlehre,6,Dr. Erdős Gabriella,magyar,https://www.uni-corvinus.hu/tantargyak/PSGJ021NMBB?semester=2024/25/2
Women in Politics,3,Dr. Várnagy Réka,angol,https://www.uni-corvinus.hu/tantargyak/7PO10NQV04M?semester=2019/20/2
Women managers – Role Models,6,Prof.Dr. Nagy Beáta,magyar,https://www.uni-corvinus.hu/tantargyak/TARS154NAMB?semester=2025/26/1
Work-life balance,6,Prof.Dr. Nagy Beáta,magyar,https://www.uni-corvinus.hu/tantargyak/9SO30NAK01M?semester=2025/26/1
World Economic Analysis ? Country Cases,6,Szijártó Norbert,magyar,https://www.uni-corvinus.hu/tantargyak/NPVG003NABB?semester=2025/26/1
World Economics,6,Kollai István,angol,https://www.uni-corvinus.hu/tantargyak/KOZNXV4VI53?semester=2020/21/1
World Economics,6,Vigvári Gábor,magyar,https://www.uni-corvinus.hu/tantargyak/GLOB070NABB?semester=2025/26/1
World Economics,6,Tétényi András,magyar,https://www.uni-corvinus.hu/tantargyak/GLOB072NABB?semester=2025/26/1
World Economics – Global Flow of Factors,6,Tétényi András,magyar,https://www.uni-corvinus.hu/tantargyak/GLOB110NAMB?semester=2025/26/1
World Economics II.,6,Hadházyné dr. Burucs Magdolna Judit,magyar,https://www.uni-corvinus.hu/tantargyak/7VG32NBKE2M?semester=2024/25/2
XX. századi egyetemes politikatörténet,3,Dobos Balázs,magyar,https://www.uni-corvinus.hu/tantargyak/7PO10NCK69B?semester=2019/20/2
XX. századi magyar politikatörténet,magyar,Dr. Balázs Zoltán,magyar,https://www.uni-corvinus.hu/tantargyak/7PO10NCK76B?semester=2019/20/2
XX. századi politikatörténet,6,Dr. Ványi Éva,magyar,https://www.uni-corvinus.hu/tantargyak/7PO10NCK87B?semester=2025/26/1
XX. századi politikatörténet,6,Dr. Róna Dániel,magyar,https://www.uni-corvinus.hu/tantargyak/7PO10NCV87M?semester=2025/26/1
XX. századi társadalomtörténet és politikai kultúra,5,Dr. Ványi Éva,magyar,https://www.uni-corvinus.hu/tantargyak/7PO10NAK75M?semester=2019/20/2
XX. századi társadalomtörténet és politikai kultúra,3,Dr. Neulinger Ágnes,magyar,https://www.uni-corvinus.hu/tantargyak/7PO10NAK95M?semester=2021/22/2
